,full_df_name,model,best_parameters,MSE,MAE,MAPE,RMSE,SMAPE
1,BA47_80:20_MinMax_window1_PCA_90,Linear Regressor,{},0.05711094841978287,0.1969742095635587,0.3214520643100089,0.2389789706643304,30.63180982499702
2,BA47_80:20_MinMax_window1_PCA_95,Linear Regressor,{},0.07488735738914702,0.2317225895985426,0.3936214306333721,0.2736555451459864,36.2497118520688
3,BA47_80:20_MinMax_window1_PCA_90,Support Vector Regressor,"{'kernel': 'rbf', 'gamma': 0.0001, 'C': 1}",0.04876649141268823,0.1741806073517354,0.3469347399847332,0.2208313641960494,27.10480365916969
4,BA47_80:20_MinMax_window1_PCA_95,Support Vector Regressor,"{'kernel': 'rbf', 'gamma': 0.0001, 'C': 1}",0.04879613569078625,0.1742261816340633,0.3469377833678972,0.2208984737176476,27.11204891723373
5,BA47_80:20_MinMax_window1_PCA_90,Decision Tree Regressor,"{'splitter': 'best', 'min_samples_split': 5, 'min_samples_leaf': 4, 'min_impurity_decrease': 0.1, 'max_leaf_nodes': 90, 'max_features': None, 'max_depth': 26, 'criterion': 'mae', 'ccp_alpha': 0.0}",0.04844702540556579,0.174112410629967,0.3489182037358353,0.2201068499742018,27.08656660991536
6,BA47_80:20_MinMax_window1_PCA_95,Decision Tree Regressor,"{'splitter': 'best', 'min_samples_split': 5, 'min_samples_leaf': 4, 'min_impurity_decrease': 0.1, 'max_leaf_nodes': 90, 'max_features': None, 'max_depth': 26, 'criterion': 'mae', 'ccp_alpha': 0.0}",0.04844702540556579,0.174112410629967,0.3489182037358353,0.2201068499742018,27.08656660991536
7,BA47_80:20_MinMax_window1_PCA_90,K-Neighbors Regressor,"{'weights': 'distance', 'n_neighbors': 6}",0.06831050863711195,0.2019243502944355,0.3559556919248735,0.2613627912253616,32.22746614437752
8,BA47_80:20_MinMax_window1_PCA_95,K-Neighbors Regressor,"{'weights': 'uniform', 'n_neighbors': 9}",0.06375615689242825,0.1946721147383616,0.3319484787951991,0.2524998156285035,31.11613867280188
9,BA47_80:20_MinMax_window1_PCA_90,Stochastic Gradient Descent Regressor,"{'tol': 0.0001, 'power_t': 0.25, 'penalty': 'elasticnet', 'max_iter': 3000, 'loss': 'squared_loss', 'learning_rate': 'optimal', 'l1_ratio': 0, 'fit_intercept': True, 'eta0': 0.001, 'alpha': 1}",0.05271346107426658,0.1788375707010083,0.335650476974534,0.2295941224732606,27.93833242701672
10,BA47_80:20_MinMax_window1_PCA_95,Stochastic Gradient Descent Regressor,"{'tol': 0.0001, 'power_t': 0.25, 'penalty': 'elasticnet', 'max_iter': 3000, 'loss': 'squared_loss', 'learning_rate': 'optimal', 'l1_ratio': 0, 'fit_intercept': True, 'eta0': 0.001, 'alpha': 1}",0.05303317521058963,0.1790556379040789,0.33625437103495,0.2302893293459114,27.96232385415919
11,BA47_80:20_MinMax_window1_PCA_90,Voting Regressor,"{'rf__n_estimators': 50, 'gb__n_estimators': 10}",0.04782461270304932,0.169841879221391,0.3057500467735583,0.2186883917885202,26.63578180455797
12,BA47_80:20_MinMax_window1_PCA_95,Voting Regressor,"{'rf__n_estimators': 100, 'gb__n_estimators': 200}",0.05793623416923478,0.1811546640468206,0.3484757540145436,0.2406994685686588,27.87113726915815
13,BA47_80:20_MinMax_window1_PCA_90,Stacking Regressor,{'final_estimator': LinearSVR(random_state=42)},0.07034854138090758,0.2114823228003608,0.4172056567556154,0.2652329945178533,33.4601662529774
14,BA47_80:20_MinMax_window1_PCA_95,Stacking Regressor,{'final_estimator': RandomForestRegressor(random_state=42)},0.1088288500423095,0.2829967702282941,0.5194284008763507,0.3298921794197455,49.55032438958884
15,BA47_80:20_MinMax_window1_PCA_90,Gradient Boosting Regressor,"{'n_estimators': 100, 'min_samples_split': 5, 'min_samples_leaf': 10, 'min_impurity_decrease': 2, 'max_leaf_nodes': None, 'max_features': 'sqrt', 'max_depth': 20, 'learning_rate': 1}",0.0533224282163323,0.1816258351434023,0.3453322867817593,0.230916496197938,28.34026631476321
16,BA47_80:20_MinMax_window1_PCA_95,Gradient Boosting Regressor,"{'n_estimators': 100, 'min_samples_split': 5, 'min_samples_leaf': 10, 'min_impurity_decrease': 2, 'max_leaf_nodes': None, 'max_features': 'sqrt', 'max_depth': 20, 'learning_rate': 1}",0.0533224282163323,0.1816258351434023,0.3453322867817593,0.230916496197938,28.34026631476321
17,BA47_80:20_MinMax_window1_PCA_90,Random Forest Regressor,"{'n_estimators': 50, 'min_samples_split': 2, 'min_samples_leaf': 4, 'max_depth': 20}",0.04886462214928845,0.1717014791906782,0.3171241544921803,0.2210534373161577,26.95455078301096
18,BA47_80:20_MinMax_window1_PCA_95,Random Forest Regressor,"{'n_estimators': 50, 'min_samples_split': 10, 'min_samples_leaf': 1, 'max_depth': 30}",0.05150446173345759,0.1738046751857101,0.348032469704917,0.2269459445186399,26.89254667625114
19,BA47_80:20_MinMax_window1_PCA_90,AdaBoostRegressor,"{'n_estimators': 100, 'loss': 'square', 'learning_rate': 0.01}",0.04531019929734594,0.1686610990257584,0.3478453189531952,0.2128619254290113,26.25930887172677
20,BA47_80:20_MinMax_window1_PCA_95,AdaBoostRegressor,"{'n_estimators': 400, 'loss': 'square', 'learning_rate': 1.0}",0.05003089476849372,0.186475679252366,0.4238841182370524,0.2236758698842898,27.94422842654262
21,BA47_80:20_MinMax_window1_PCA_90,BaggingRegressor,"{'n_estimators': 150, 'max_samples': 0.1, 'max_features': 1.0}",0.05019728224981431,0.1801663775692653,0.3435375829902379,0.2240474999856377,28.18410508304215
22,BA47_80:20_MinMax_window1_PCA_95,BaggingRegressor,"{'n_estimators': 150, 'max_samples': 0.1, 'max_features': 1.0}",0.0515973506676384,0.1783756754955263,0.3352417810299772,0.2271505022394588,27.86093073750153
23,BA47_80:20_MinMax_window1_PCA_90,ExtraTreesRegressor,"{'n_estimators': 100, 'min_samples_split': 5, 'min_samples_leaf': 4, 'max_depth': 10}",0.0467517208811328,0.1646698389007618,0.3109710631763219,0.2162214625820776,25.83311558507922
24,BA47_80:20_MinMax_window1_PCA_95,ExtraTreesRegressor,"{'n_estimators': 100, 'min_samples_split': 10, 'min_samples_leaf': 1, 'max_depth': 20}",0.05056622797718506,0.1660106422019773,0.3277176712675099,0.2248693575772054,25.70695822933909
25,BA47_80:20_MinMax_window1_PCA_90,XGBoost Regressor,"{'subsample': 1.0, 'reg_lambda': 0, 'reg_alpha': 1.0, 'n_estimators': 700, 'min_child_weight': 1, 'max_depth': 9, 'learning_rate': 0.01, 'gamma': 0.3, 'colsample_bytree': 0.8}",0.05143339393455053,0.1783607595846264,0.3397093524006813,0.2267893161825542,27.83426830938579
26,BA47_80:20_MinMax_window1_PCA_95,XGBoost Regressor,"{'subsample': 0.7, 'reg_lambda': 1.0, 'reg_alpha': 0.1, 'n_estimators': 200, 'min_child_weight': 5, 'max_depth': 6, 'learning_rate': 0.2, 'gamma': 0.1, 'colsample_bytree': 0.7}",0.04802108267756257,0.1740254908250595,0.3432874963377202,0.2191371321286344,27.07107992967986
27,BA47_80:20_MinMax_window1_PCA_90,Multilayer Perceptron,"{'module__num_units': 10, 'module__activation_func': ReLU(), 'lr': 0.1}",0.04347411915659904,0.1669512987136841,0.3771338164806366,0.208504482341745,25.81108510494232
28,BA47_80:20_MinMax_window1_PCA_95,Multilayer Perceptron,"{'module__num_units': 50, 'module__activation_func': Tanh(), 'lr': 0.1}",0.04037884622812271,0.158351719379425,0.3588671982288361,0.2009448835579615,24.64224100112915
29,BA47_80:20_MinMax_window1_PCA_90,Long Short-Term Memory Network,"{'module__num_layers': 1, 'module__hidden_size': 25, 'max_epochs': 20, 'lr': 0.1, 'batch_size': 16}",0.03077435120940208,0.1547156721353531,0.2248356342315674,0.1754261987543539,20.70504724979401
30,BA47_80:20_MinMax_window1_PCA_95,Long Short-Term Memory Network,"{'module__num_layers': 1, 'module__hidden_size': 75, 'max_epochs': 30, 'lr': 0.1, 'batch_size': 16}",0.02948592230677605,0.1489985883235931,0.2058381289243698,0.1717146537333842,20.01191377639771
31,BA47_80:20_MinMax_window1_PCA_90,Convolutional neural network,{},0.04479220137000084,0.1719779372215271,0.395346462726593,0.2116416815516283,26.41887366771698
32,BA47_80:20_MinMax_window1_PCA_95,Convolutional neural network,{},0.0440998338162899,0.1687459498643875,0.3470198214054108,0.209999604324127,26.3602077960968
33,BA47_60:40_MinMax_window1_PCA_90,Linear Regressor,{},0.04786058754560972,0.1690965976565373,0.3795205863970075,0.218770627703103,30.83910213755403
34,BA47_60:40_MinMax_window1_PCA_95,Linear Regressor,{},0.06103007739655138,0.1885813591937953,0.3835495536664312,0.2470426631101426,34.98046102485668
35,BA47_60:40_MinMax_window1_PCA_90,Support Vector Regressor,"{'kernel': 'rbf', 'gamma': 0.0001, 'C': 100}",0.05410445809427051,0.1774158568317646,0.5610282110688684,0.2326036502169957,31.05744989423495
36,BA47_60:40_MinMax_window1_PCA_95,Support Vector Regressor,"{'kernel': 'rbf', 'gamma': 0.0001, 'C': 100}",0.05410438919782152,0.1773625953235896,0.5616139642692473,0.2326035021185655,31.04979397581827
37,BA47_60:40_MinMax_window1_PCA_90,Decision Tree Regressor,"{'splitter': 'best', 'min_samples_split': 5, 'min_samples_leaf': 4, 'min_impurity_decrease': 0.1, 'max_leaf_nodes': 90, 'max_features': None, 'max_depth': 26, 'criterion': 'mae', 'ccp_alpha': 0.0}",0.06088925984998305,0.1955811040767273,0.6386735704534275,0.2467574919834919,33.68024536253559
38,BA47_60:40_MinMax_window1_PCA_95,Decision Tree Regressor,"{'splitter': 'best', 'min_samples_split': 5, 'min_samples_leaf': 4, 'min_impurity_decrease': 0.1, 'max_leaf_nodes': 90, 'max_features': None, 'max_depth': 26, 'criterion': 'mae', 'ccp_alpha': 0.0}",0.06088925984998305,0.1955811040767273,0.6386735704534275,0.2467574919834919,33.68024536253559
39,BA47_60:40_MinMax_window1_PCA_90,K-Neighbors Regressor,"{'weights': 'uniform', 'n_neighbors': 9}",0.04521332525788075,0.1487311576754904,0.5211057609556531,0.2126342523157564,26.53753156240057
40,BA47_60:40_MinMax_window1_PCA_95,K-Neighbors Regressor,"{'weights': 'uniform', 'n_neighbors': 9}",0.04497152017965996,0.1479834091229648,0.5215388486317211,0.212064896151296,26.39979565498977
41,BA47_60:40_MinMax_window1_PCA_90,Stochastic Gradient Descent Regressor,"{'tol': 1e-05, 'power_t': 0.5, 'penalty': 'l2', 'max_iter': 1000, 'loss': 'squared_loss', 'learning_rate': 'constant', 'l1_ratio': 0, 'fit_intercept': True, 'eta0': 0.001, 'alpha': 0.01}",0.04776183910721703,0.1621466999667142,0.4592999029195793,0.218544821735078,28.73296935631654
42,BA47_60:40_MinMax_window1_PCA_95,Stochastic Gradient Descent Regressor,"{'tol': 1e-05, 'power_t': 0.5, 'penalty': 'l2', 'max_iter': 1000, 'loss': 'squared_loss', 'learning_rate': 'constant', 'l1_ratio': 0, 'fit_intercept': True, 'eta0': 0.001, 'alpha': 0.01}",0.04779850569023182,0.1626899449659598,0.4584567315039134,0.2186286936571497,28.83039545621374
43,BA47_60:40_MinMax_window1_PCA_90,Voting Regressor,"{'rf__n_estimators': 50, 'gb__n_estimators': 200}",0.03656783285838837,0.1475059964804845,0.3310666940263506,0.1912271760456352,26.5940087048199
44,BA47_60:40_MinMax_window1_PCA_95,Voting Regressor,"{'rf__n_estimators': 100, 'gb__n_estimators': 200}",0.03874676166065973,0.1551865770737828,0.3354320592911148,0.1968419712882893,28.24834360179573
45,BA47_60:40_MinMax_window1_PCA_90,Stacking Regressor,{'final_estimator': LinearSVR(random_state=42)},0.06219671611661811,0.2111744462858521,0.5986896873493699,0.2493926945935228,37.27988186746291
46,BA47_60:40_MinMax_window1_PCA_95,Stacking Regressor,{'final_estimator': LinearSVR(random_state=42)},0.04518463841236366,0.1708342302657901,0.5268842006071938,0.2125667857694698,30.76069904298571
47,BA47_60:40_MinMax_window1_PCA_90,Gradient Boosting Regressor,"{'n_estimators': 10, 'min_samples_split': 5, 'min_samples_leaf': 5, 'min_impurity_decrease': 1, 'max_leaf_nodes': 20, 'max_features': 'log2', 'max_depth': 10, 'learning_rate': 0.1}",0.06012039664693256,0.1952319723902588,0.5874884656029552,0.2451946097428175,33.94963568954453
48,BA47_60:40_MinMax_window1_PCA_95,Gradient Boosting Regressor,"{'n_estimators': 50, 'min_samples_split': 2, 'min_samples_leaf': 2, 'min_impurity_decrease': 0, 'max_leaf_nodes': 15, 'max_features': 'log2', 'max_depth': 20, 'learning_rate': 0.05}",0.04271540427339914,0.1599904621951073,0.4948196806283228,0.206677053088627,28.77880487470516
49,BA47_60:40_MinMax_window1_PCA_90,Random Forest Regressor,"{'n_estimators': 100, 'min_samples_split': 5, 'min_samples_leaf': 2, 'max_depth': None}",0.03555862090417616,0.1463742228372447,0.3444329972092453,0.1885699363742168,26.99903582505465
50,BA47_60:40_MinMax_window1_PCA_95,Random Forest Regressor,"{'n_estimators': 100, 'min_samples_split': 10, 'min_samples_leaf': 1, 'max_depth': 20}",0.03675697049831973,0.1496892870681442,0.3484797874532889,0.1917210747370245,27.56424956226792
51,BA47_60:40_MinMax_window1_PCA_90,AdaBoostRegressor,"{'n_estimators': 50, 'loss': 'exponential', 'learning_rate': 0.01}",0.0325224928354035,0.1438068924308222,0.4123345824809863,0.1803399368842174,26.52026524523112
52,BA47_60:40_MinMax_window1_PCA_95,AdaBoostRegressor,"{'n_estimators': 50, 'loss': 'linear', 'learning_rate': 0.01}",0.03351962960589876,0.1466247457700456,0.4080123390861252,0.1830836683210678,27.07580915590589
53,BA47_60:40_MinMax_window1_PCA_90,BaggingRegressor,"{'n_estimators': 160, 'max_samples': 0.7000000000000001, 'max_features': 0.8}",0.0361760624776473,0.1459496899998831,0.3875275005196542,0.1902000590894947,26.91841716028027
54,BA47_60:40_MinMax_window1_PCA_95,BaggingRegressor,"{'n_estimators': 30, 'max_samples': 0.9, 'max_features': 0.7000000000000001}",0.04016163576086668,0.1500973095131169,0.4713470371640856,0.2004036820042653,27.34663589825283
55,BA47_60:40_MinMax_window1_PCA_90,ExtraTreesRegressor,"{'n_estimators': 50, 'min_samples_split': 10, 'min_samples_leaf': 1, 'max_depth': 30}",0.03387351068968786,0.1375045241826346,0.4360795744369752,0.1840475772448197,25.41864519194318
56,BA47_60:40_MinMax_window1_PCA_95,ExtraTreesRegressor,"{'n_estimators': 10, 'min_samples_split': 10, 'min_samples_leaf': 2, 'max_depth': 10}",0.03861496214847893,0.1524855321170741,0.4419557226630796,0.1965069010199869,27.88940105842131
57,BA47_60:40_MinMax_window1_PCA_90,XGBoost Regressor,"{'subsample': 0.9, 'reg_lambda': 0.5, 'reg_alpha': 0.5, 'n_estimators': 1000, 'min_child_weight': 1, 'max_depth': 8, 'learning_rate': 0.01, 'gamma': 0.3, 'colsample_bytree': 0.7}",0.0449307304163503,0.1612265662591772,0.4563562924082065,0.211968701501779,29.23524503427764
58,BA47_60:40_MinMax_window1_PCA_95,XGBoost Regressor,"{'subsample': 0.9, 'reg_lambda': 0.1, 'reg_alpha': 0.5, 'n_estimators': 200, 'min_child_weight': 1, 'max_depth': 10, 'learning_rate': 0.1, 'gamma': 0.3, 'colsample_bytree': 0.9}",0.043804198076513,0.1603492280225398,0.448736016427267,0.2092945247169954,29.27696703236593
59,BA47_60:40_MinMax_window1_PCA_90,Multilayer Perceptron,"{'module__num_units': 20, 'module__activation_func': Tanh(), 'lr': 0.1}",0.06197956576943398,0.1959701180458069,0.712647020816803,0.2489569556558603,33.21980535984039
60,BA47_60:40_MinMax_window1_PCA_95,Multilayer Perceptron,"{'module__num_units': 50, 'module__activation_func': Tanh(), 'lr': 0.1}",0.06028446927666664,0.1917540282011032,0.6975384950637817,0.2455289581223906,32.6904296875
61,BA47_60:40_MinMax_window1_PCA_90,Long Short-Term Memory Network,"{'module__num_layers': 1, 'module__hidden_size': 25, 'max_epochs': 20, 'lr': 0.1, 'batch_size': 16}",0.04240111634135246,0.1715415269136429,0.35809326171875,0.2059153135183308,25.95086097717285
62,BA47_60:40_MinMax_window1_PCA_95,Long Short-Term Memory Network,"{'module__num_layers': 1, 'module__hidden_size': 25, 'max_epochs': 20, 'lr': 0.1, 'batch_size': 16}",0.03893797472119331,0.1612529307603836,0.3404782712459564,0.1973270754893847,24.59539026021957
63,BA47_60:40_MinMax_window1_PCA_90,Convolutional neural network,{},0.05899852886795998,0.1789072453975677,0.6958550810813904,0.2428961277335643,30.65016269683838
64,BA47_60:40_MinMax_window1_PCA_95,Convolutional neural network,{},0.06324939429759979,0.1860955804586411,0.7456944584846497,0.2514943225951627,31.43526017665863
65,BA47_70:30_MinMax_window1_PCA_90,Linear Regressor,{},0.05122798685223231,0.1696211344916215,0.3392986887054141,0.2263360043215226,30.5906965629864
66,BA47_70:30_MinMax_window1_PCA_95,Linear Regressor,{},0.05307370864084698,0.1739118614144849,0.3259800742390866,0.2303773179825805,30.92436807895467
67,BA47_70:30_MinMax_window1_PCA_90,Support Vector Regressor,"{'kernel': 'rbf', 'gamma': 0.0001, 'C': 1}",0.04412057212298783,0.1580964676725,0.4457278726159355,0.2100489755342497,26.84340258956547
68,BA47_70:30_MinMax_window1_PCA_95,Support Vector Regressor,"{'kernel': 'rbf', 'gamma': 0.0001, 'C': 1}",0.04415968932747597,0.1581623272323826,0.4454893200116324,0.2101420693899153,26.8535156781364
69,BA47_70:30_MinMax_window1_PCA_90,Decision Tree Regressor,"{'splitter': 'best', 'min_samples_split': 10, 'min_samples_leaf': 2, 'min_impurity_decrease': 0.01, 'max_leaf_nodes': 20, 'max_features': None, 'max_depth': 14, 'criterion': 'friedman_mse', 'ccp_alpha': 0.0}",0.06073650231656759,0.1490697384818899,0.3481573517333942,0.2464477679277449,27.75337638647806
70,BA47_70:30_MinMax_window1_PCA_95,Decision Tree Regressor,"{'splitter': 'best', 'min_samples_split': 10, 'min_samples_leaf': 2, 'min_impurity_decrease': 0.01, 'max_leaf_nodes': 20, 'max_features': None, 'max_depth': 14, 'criterion': 'friedman_mse', 'ccp_alpha': 0.0}",0.06031308885169412,0.1476585384052541,0.338162448325363,0.2455872326724134,29.80044169379925
71,BA47_70:30_MinMax_window1_PCA_90,K-Neighbors Regressor,"{'weights': 'uniform', 'n_neighbors': 1}",0.03026363735767127,0.1294557703016081,0.4298896717755886,0.1739644715385049,22.63481142192731
72,BA47_70:30_MinMax_window1_PCA_95,K-Neighbors Regressor,"{'weights': 'distance', 'n_neighbors': 3}",0.03360164472558849,0.1201050982529474,0.3940816931554409,0.1833075141001822,21.54477004373994
73,BA47_70:30_MinMax_window1_PCA_90,Stochastic Gradient Descent Regressor,"{'tol': 0.0001, 'power_t': 0.25, 'penalty': 'elasticnet', 'max_iter': 3000, 'loss': 'squared_loss', 'learning_rate': 'optimal', 'l1_ratio': 0, 'fit_intercept': True, 'eta0': 0.001, 'alpha': 1}",0.03644721702500474,0.1382052281142963,0.3495881394861247,0.1909115424090559,23.81267042635567
74,BA47_70:30_MinMax_window1_PCA_95,Stochastic Gradient Descent Regressor,"{'tol': 0.0001, 'power_t': 0.25, 'penalty': 'elasticnet', 'max_iter': 3000, 'loss': 'squared_loss', 'learning_rate': 'optimal', 'l1_ratio': 0, 'fit_intercept': True, 'eta0': 0.001, 'alpha': 1}",0.03654656493557721,0.1379192238288817,0.3483945148999618,0.191171558908686,23.76695476145137
75,BA47_70:30_MinMax_window1_PCA_90,Voting Regressor,"{'rf__n_estimators': 100, 'gb__n_estimators': 200}",0.03332030081596806,0.1327368318656647,0.3138570044149345,0.1825384913270844,23.54307850915723
76,BA47_70:30_MinMax_window1_PCA_95,Voting Regressor,"{'rf__n_estimators': 200, 'gb__n_estimators': 200}",0.03487850495182161,0.1360780888436622,0.3058000953564823,0.1867578778842317,24.03919047689707
77,BA47_70:30_MinMax_window1_PCA_90,Stacking Regressor,{'final_estimator': LinearSVR(random_state=42)},0.1086896368044592,0.2757135688959685,0.7056947555176416,0.3296811138122097,45.73257026682357
78,BA47_70:30_MinMax_window1_PCA_95,Stacking Regressor,{'final_estimator': LinearSVR(random_state=42)},0.09128670867927462,0.2485618621905018,0.5841834558354408,0.302136903868552,42.15970928265024
79,BA47_70:30_MinMax_window1_PCA_90,Gradient Boosting Regressor,"{'n_estimators': 50, 'min_samples_split': 2, 'min_samples_leaf': 2, 'min_impurity_decrease': 0, 'max_leaf_nodes': 15, 'max_features': 'log2', 'max_depth': 20, 'learning_rate': 0.05}",0.03722352122018122,0.1466109497363835,0.4024373569791848,0.192933981507098,25.38572696616949
80,BA47_70:30_MinMax_window1_PCA_95,Gradient Boosting Regressor,"{'n_estimators': 100, 'min_samples_split': 5, 'min_samples_leaf': 10, 'min_impurity_decrease': 2, 'max_leaf_nodes': None, 'max_features': 'sqrt', 'max_depth': 20, 'learning_rate': 1}",0.05708941448535501,0.1903011716057363,0.494304436956267,0.2389339123802961,31.93583952126601
81,BA47_70:30_MinMax_window1_PCA_90,Random Forest Regressor,"{'n_estimators': 200, 'min_samples_split': 5, 'min_samples_leaf': 2, 'max_depth': None}",0.03110705686637048,0.124097068945289,0.3171501137073245,0.1763719276596207,21.90519403714005
82,BA47_70:30_MinMax_window1_PCA_95,Random Forest Regressor,"{'n_estimators': 100, 'min_samples_split': 5, 'min_samples_leaf': 4, 'max_depth': 10}",0.03201891505115453,0.1302651696463943,0.3109721457554617,0.1789382995648347,22.76975312486082
83,BA47_70:30_MinMax_window1_PCA_90,AdaBoostRegressor,"{'n_estimators': 400, 'loss': 'square', 'learning_rate': 1.0}",0.02045381478745725,0.1058840313871412,0.2996005109622373,0.1430168339303358,19.15025866454659
84,BA47_70:30_MinMax_window1_PCA_95,AdaBoostRegressor,"{'n_estimators': 400, 'loss': 'square', 'learning_rate': 1.0}",0.02320231211839742,0.1061560091827178,0.2986805370373555,0.1523230518286626,19.2274321921082
85,BA47_70:30_MinMax_window1_PCA_90,BaggingRegressor,"{'n_estimators': 100, 'max_samples': 1.0, 'max_features': 0.6}",0.0323406745356195,0.1270658516730667,0.3868294903460236,0.1798351315389168,22.19219884445656
86,BA47_70:30_MinMax_window1_PCA_95,BaggingRegressor,"{'n_estimators': 30, 'max_samples': 0.9, 'max_features': 0.7000000000000001}",0.03508518003096004,0.1332723503153669,0.3976491328521623,0.1873103842048274,22.97019458361644
87,BA47_70:30_MinMax_window1_PCA_90,ExtraTreesRegressor,"{'n_estimators': 100, 'min_samples_split': 5, 'min_samples_leaf': 2, 'max_depth': None}",0.02603599222502023,0.1097129726410103,0.3373171919208457,0.1613567235197227,19.51904325601454
88,BA47_70:30_MinMax_window1_PCA_95,ExtraTreesRegressor,"{'n_estimators': 50, 'min_samples_split': 10, 'min_samples_leaf': 1, 'max_depth': 30}",0.02774781111270831,0.119579685337201,0.3582797260886196,0.1665767424123437,21.01517126080885
89,BA47_70:30_MinMax_window1_PCA_90,XGBoost Regressor,"{'subsample': 0.7, 'reg_lambda': 1.0, 'reg_alpha': 0.1, 'n_estimators': 200, 'min_child_weight': 5, 'max_depth': 6, 'learning_rate': 0.2, 'gamma': 0.1, 'colsample_bytree': 0.7}",0.0353081469286318,0.1407582796763494,0.3348399489631766,0.187904621892682,24.7013219874438
90,BA47_70:30_MinMax_window1_PCA_95,XGBoost Regressor,"{'subsample': 0.7, 'reg_lambda': 1.0, 'reg_alpha': 0.1, 'n_estimators': 200, 'min_child_weight': 5, 'max_depth': 6, 'learning_rate': 0.2, 'gamma': 0.1, 'colsample_bytree': 0.7}",0.04778765120127219,0.1657700194354128,0.392624539054493,0.218603868221201,28.34636118335704
91,BA47_70:30_MinMax_window1_PCA_90,Multilayer Perceptron,"{'module__num_units': 10, 'module__activation_func': ReLU(), 'lr': 0.1}",0.05178099125623703,0.1786350756883621,0.561588704586029,0.2275543698904441,29.61057126522064
92,BA47_70:30_MinMax_window1_PCA_95,Multilayer Perceptron,"{'module__num_units': 20, 'module__activation_func': Tanh(), 'lr': 0.1}",0.03908046334981918,0.1388407945632935,0.4774326086044312,0.197687792617094,23.91476929187775
93,BA47_70:30_MinMax_window1_PCA_90,Long Short-Term Memory Network,"{'module__num_layers': 1, 'module__hidden_size': 25, 'max_epochs': 20, 'lr': 0.1, 'batch_size': 16}",0.01807878538966179,0.1063109412789345,0.1442389935255051,0.1344573738761166,14.50823396444321
94,BA47_70:30_MinMax_window1_PCA_95,Long Short-Term Memory Network,"{'module__num_layers': 1, 'module__hidden_size': 25, 'max_epochs': 20, 'lr': 0.1, 'batch_size': 16}",0.02039308473467827,0.105847455561161,0.1362170428037643,0.1428043582481931,14.21767622232437
95,BA47_70:30_MinMax_window1_PCA_90,Convolutional neural network,{},0.05443577840924263,0.1760664433240891,0.5441305637359619,0.2333147625188827,28.90207171440125
96,BA47_70:30_MinMax_window1_PCA_95,Convolutional neural network,{},0.05744225904345512,0.190835639834404,0.4283018112182617,0.2396711477075518,32.9112321138382
97,BA47_80:20_Log_window1_PCA_90,Linear Regressor,{},0.2586968230338053,0.4263410618673389,0.1604877880314153,0.5086224759424276,17.23376834198856
98,BA47_80:20_Log_window1_PCA_95,Linear Regressor,{},0.3811731249652256,0.4981519835884466,0.1755728478314852,0.6173921970394715,20.21837427571159
99,BA47_80:20_Log_window1_PCA_90,Support Vector Regressor,"{'kernel': 'rbf', 'gamma': 0.01, 'C': 10}",0.117138349267711,0.2110854633053994,0.1011951231733904,0.3422548016722498,8.578946782368604
100,BA47_80:20_Log_window1_PCA_95,Support Vector Regressor,"{'kernel': 'rbf', 'gamma': 0.01, 'C': 10}",0.1176776269201406,0.2110151140147554,0.1012463885755856,0.343041727666097,8.575150301806078
101,BA47_80:20_Log_window1_PCA_90,Decision Tree Regressor,"{'splitter': 'best', 'min_samples_split': 5, 'min_samples_leaf': 2, 'min_impurity_decrease': 1.0, 'max_leaf_nodes': 50, 'max_features': 'auto', 'max_depth': 32, 'criterion': 'mae', 'ccp_alpha': 1.0}",0.1665199396186878,0.2819851710152386,0.130436080137935,0.4080685476959574,11.19906587001983
102,BA47_80:20_Log_window1_PCA_95,Decision Tree Regressor,"{'splitter': 'best', 'min_samples_split': 5, 'min_samples_leaf': 2, 'min_impurity_decrease': 1.0, 'max_leaf_nodes': 50, 'max_features': 'auto', 'max_depth': 32, 'criterion': 'mae', 'ccp_alpha': 1.0}",0.1665199396186878,0.2819851710152386,0.130436080137935,0.4080685476959574,11.19906587001983
103,BA47_80:20_Log_window1_PCA_90,K-Neighbors Regressor,"{'weights': 'uniform', 'n_neighbors': 9}",0.172521921072399,0.3282660510917052,0.1361758059660542,0.4153575821775726,13.46797647519101
104,BA47_80:20_Log_window1_PCA_95,K-Neighbors Regressor,"{'weights': 'uniform', 'n_neighbors': 9}",0.1687933917327454,0.3161266910484121,0.1322351810017224,0.4108447294693524,13.05988955651205
105,BA47_80:20_Log_window1_PCA_90,Stochastic Gradient Descent Regressor,"{'tol': 0.0001, 'power_t': 0.25, 'penalty': 'elasticnet', 'max_iter': 3000, 'loss': 'squared_loss', 'learning_rate': 'optimal', 'l1_ratio': 0, 'fit_intercept': True, 'eta0': 0.001, 'alpha': 1}",0.2489249843208304,0.4078405940815966,0.1660253843217124,0.4989238261707195,16.18622213880596
106,BA47_80:20_Log_window1_PCA_95,Stochastic Gradient Descent Regressor,"{'tol': 0.0001, 'power_t': 0.25, 'penalty': 'elasticnet', 'max_iter': 3000, 'loss': 'squared_loss', 'learning_rate': 'optimal', 'l1_ratio': 0, 'fit_intercept': True, 'eta0': 0.001, 'alpha': 1}",0.2489973760885563,0.408002048398514,0.1660678424249697,0.4989963688129968,16.1929270675913
107,BA47_80:20_Log_window1_PCA_90,Voting Regressor,"{'rf__n_estimators': 10, 'gb__n_estimators': 10}",0.2471783246446872,0.3704171157843664,0.143795299143082,0.4971703175418734,15.43755025118084
108,BA47_80:20_Log_window1_PCA_95,Voting Regressor,"{'rf__n_estimators': 10, 'gb__n_estimators': 10}",0.1779070317387476,0.3181701435890488,0.1213039003168545,0.4217902698483544,12.77357666420874
109,BA47_80:20_Log_window1_PCA_90,Stacking Regressor,{'final_estimator': LinearSVR(random_state=42)},0.131228866179128,0.2098914300555686,0.1045283201063035,0.3622552500366669,8.567426666826996
110,BA47_80:20_Log_window1_PCA_95,Stacking Regressor,{'final_estimator': LinearSVR(random_state=42)},0.1306643543324128,0.2273234537551931,0.1091125880307054,0.3614752471918552,9.177563517260554
111,BA47_80:20_Log_window1_PCA_90,Gradient Boosting Regressor,"{'n_estimators': 10, 'min_samples_split': 10, 'min_samples_leaf': 10, 'min_impurity_decrease': 2, 'max_leaf_nodes': 10, 'max_features': 'sqrt', 'max_depth': None, 'learning_rate': 0.05}",0.2571744635343652,0.4218489662651764,0.1670556326356496,0.5071237162018408,16.87647265035794
112,BA47_80:20_Log_window1_PCA_95,Gradient Boosting Regressor,"{'n_estimators': 200, 'min_samples_split': 10, 'min_samples_leaf': 2, 'min_impurity_decrease': 2, 'max_leaf_nodes': 20, 'max_features': None, 'max_depth': 20, 'learning_rate': 0.5}",0.1100436876018535,0.2451013174733216,0.1075497716129956,0.3317283340353271,9.947040065769905
113,BA47_80:20_Log_window1_PCA_90,Random Forest Regressor,"{'n_estimators': 10, 'min_samples_split': 10, 'min_samples_leaf': 2, 'max_depth': 10}",0.3253775112451454,0.4118881892431169,0.1643343245771137,0.5704187157213071,18.00457693220148
114,BA47_80:20_Log_window1_PCA_95,Random Forest Regressor,"{'n_estimators': 10, 'min_samples_split': 2, 'min_samples_leaf': 2, 'max_depth': None}",0.1040969029718973,0.2358969499024098,0.09848911277264487,0.322640516630967,9.5355617996632
115,BA47_80:20_Log_window1_PCA_90,AdaBoostRegressor,"{'n_estimators': 400, 'loss': 'square', 'learning_rate': 1.0}",0.1406432709511585,0.236630237036622,0.1167784724733427,0.3750243604769675,9.607081547064796
116,BA47_80:20_Log_window1_PCA_95,AdaBoostRegressor,"{'n_estimators': 400, 'loss': 'square', 'learning_rate': 1.0}",0.09130255156126035,0.229039039178474,0.1050395063954945,0.3021631207828983,9.261907956624599
117,BA47_80:20_Log_window1_PCA_90,BaggingRegressor,"{'n_estimators': 80, 'max_samples': 0.7000000000000001, 'max_features': 0.1}",0.2786664657374585,0.4239755513165032,0.1719595372523774,0.527888686881485,17.0297128296319
118,BA47_80:20_Log_window1_PCA_95,BaggingRegressor,"{'n_estimators': 150, 'max_samples': 0.1, 'max_features': 1.0}",0.1787068968543237,0.3292328959059248,0.1365249541065729,0.4227373852101606,13.09579532642401
119,BA47_80:20_Log_window1_PCA_90,ExtraTreesRegressor,"{'n_estimators': 100, 'min_samples_split': 5, 'min_samples_leaf': 4, 'max_depth': 10}",0.2581723073538559,0.4116416203716186,0.1596688645495286,0.5081065905436141,16.8701590194484
120,BA47_80:20_Log_window1_PCA_95,ExtraTreesRegressor,"{'n_estimators': 200, 'min_samples_split': 5, 'min_samples_leaf': 2, 'max_depth': None}",0.1163541682455057,0.2268692440725986,0.09162011658945543,0.3411072679458848,9.198855343002585
121,BA47_80:20_Log_window1_PCA_90,XGBoost Regressor,"{'subsample': 0.7, 'reg_lambda': 0.1, 'reg_alpha': 0.1, 'n_estimators': 100, 'min_child_weight': 1, 'max_depth': 9, 'learning_rate': 0.3, 'gamma': 0.3, 'colsample_bytree': 0.8}",0.3027164304507336,0.3739827645760064,0.1564653957702437,0.5501967197746035,16.58529198559777
122,BA47_80:20_Log_window1_PCA_95,XGBoost Regressor,"{'subsample': 0.9, 'reg_lambda': 0.5, 'reg_alpha': 0.5, 'n_estimators': 1000, 'min_child_weight': 1, 'max_depth': 8, 'learning_rate': 0.01, 'gamma': 0.3, 'colsample_bytree': 0.7}",0.1632745578410544,0.2959829481600388,0.1195434905839329,0.4040724660763887,12.03987734971684
123,BA47_80:20_Log_window1_PCA_90,Multilayer Perceptron,"{'module__num_units': 50, 'module__activation_func': Tanh(), 'lr': 0.1}",0.1612886488437653,0.2625205516815186,0.1263435333967209,0.4016075806602326,10.4734905064106
124,BA47_80:20_Log_window1_PCA_95,Multilayer Perceptron,"{'module__num_units': 20, 'module__activation_func': Tanh(), 'lr': 0.1}",0.166277751326561,0.2704754173755646,0.1295924186706543,0.407771690197543,10.75525879859924
125,BA47_80:20_Log_window1_PCA_90,Long Short-Term Memory Network,"{'module__num_layers': 1, 'module__hidden_size': 25, 'max_epochs': 20, 'lr': 0.1, 'batch_size': 16}",0.05127328634262085,0.2002370804548264,0.07124719023704529,0.2264360535396712,7.101193070411682
126,BA47_80:20_Log_window1_PCA_95,Long Short-Term Memory Network,"{'module__num_layers': 1, 'module__hidden_size': 25, 'max_epochs': 20, 'lr': 0.1, 'batch_size': 16}",0.04757539927959442,0.1914318352937698,0.06767823547124863,0.218117856397853,6.790640205144882
127,BA47_80:20_Log_window1_PCA_90,Convolutional neural network,{},0.3309109210968018,0.4346768260002136,0.2031466513872147,0.5752485733114006,16.02775305509567
128,BA47_80:20_Log_window1_PCA_95,Convolutional neural network,{},0.2829287052154541,0.3625609874725342,0.1770660430192947,0.5319104296923065,13.74548673629761
129,BA47_60:40_Log_window1_PCA_90,Linear Regressor,{},0.3418471173409383,0.4612866491816356,0.2373436012349735,0.5846769341618825,20.98453132509512
130,BA47_60:40_Log_window1_PCA_95,Linear Regressor,{},0.4438001086159178,0.4825953791858221,0.2010140588175619,0.6661832395189163,21.99801587611037
131,BA47_60:40_Log_window1_PCA_90,Support Vector Regressor,"{'kernel': 'rbf', 'gamma': 0.01, 'C': 10}",0.2756101994244406,0.2978009901406917,0.2322568849559979,0.5249859040245182,13.88650512563545
132,BA47_60:40_Log_window1_PCA_95,Support Vector Regressor,"{'kernel': 'rbf', 'gamma': 0.01, 'C': 10}",0.2740955768209786,0.2981669965193451,0.2316278964134945,0.5235413802374924,13.90765744280735
133,BA47_60:40_Log_window1_PCA_90,Decision Tree Regressor,"{'splitter': 'best', 'min_samples_split': 5, 'min_samples_leaf': 2, 'min_impurity_decrease': 1.0, 'max_leaf_nodes': 50, 'max_features': 'auto', 'max_depth': 32, 'criterion': 'mae', 'ccp_alpha': 1.0}",0.341187436246534,0.3682248017734828,0.2680821073384063,0.5841125201932706,16.48242223288885
134,BA47_60:40_Log_window1_PCA_95,Decision Tree Regressor,"{'splitter': 'best', 'min_samples_split': 5, 'min_samples_leaf': 2, 'min_impurity_decrease': 1.0, 'max_leaf_nodes': 50, 'max_features': 'auto', 'max_depth': 32, 'criterion': 'mae', 'ccp_alpha': 1.0}",0.341187436246534,0.3682248017734828,0.2680821073384063,0.5841125201932706,16.48242223288885
135,BA47_60:40_Log_window1_PCA_90,K-Neighbors Regressor,"{'weights': 'uniform', 'n_neighbors': 9}",0.3363048299551418,0.3669594265440957,0.2424427853723122,0.5799179510544072,16.82130202058385
136,BA47_60:40_Log_window1_PCA_95,K-Neighbors Regressor,"{'weights': 'uniform', 'n_neighbors': 9}",0.3066727558256788,0.3533817779681769,0.2375814576288267,0.5537804220317641,16.20814874159461
137,BA47_60:40_Log_window1_PCA_90,Stochastic Gradient Descent Regressor,"{'tol': 0.0001, 'power_t': 0.25, 'penalty': 'elasticnet', 'max_iter': 3000, 'loss': 'squared_loss', 'learning_rate': 'optimal', 'l1_ratio': 0, 'fit_intercept': True, 'eta0': 0.001, 'alpha': 1}",0.3731308125438813,0.4732609522615703,0.2811322087660417,0.6108443439566918,20.83577308931018
138,BA47_60:40_Log_window1_PCA_95,Stochastic Gradient Descent Regressor,"{'tol': 0.0001, 'power_t': 0.25, 'penalty': 'elasticnet', 'max_iter': 3000, 'loss': 'squared_loss', 'learning_rate': 'optimal', 'l1_ratio': 0, 'fit_intercept': True, 'eta0': 0.001, 'alpha': 1}",0.373009551065023,0.4732990771047635,0.2810763101477789,0.6107450786252994,20.83799293110431
139,BA47_60:40_Log_window1_PCA_90,Voting Regressor,"{'rf__n_estimators': 10, 'gb__n_estimators': 10}",0.2166239379954819,0.3363013045712627,0.1974396559089565,0.4654287679070578,15.62096501669578
140,BA47_60:40_Log_window1_PCA_95,Voting Regressor,"{'rf__n_estimators': 50, 'gb__n_estimators': 100}",0.3798850169520357,0.3638563350517479,0.2095007552785002,0.6163481296735115,20.19819827013265
141,BA47_60:40_Log_window1_PCA_90,Stacking Regressor,{'final_estimator': GradientBoostingRegressor(random_state=42)},1.094612757866517,0.725590202714397,0.4008199325241937,1.046237429012419,34.66531077616152
142,BA47_60:40_Log_window1_PCA_95,Stacking Regressor,{'final_estimator': LinearSVR(random_state=42)},0.2948392007496541,0.306470012220622,0.2370671459499867,0.5429909766742483,14.14436250064633
143,BA47_60:40_Log_window1_PCA_90,Gradient Boosting Regressor,"{'n_estimators': 10, 'min_samples_split': 10, 'min_samples_leaf': 10, 'min_impurity_decrease': 2, 'max_leaf_nodes': 10, 'max_features': 'sqrt', 'max_depth': None, 'learning_rate': 0.05}",0.3127996190007162,0.4224437030070288,0.2522934443047047,0.5592849175516145,18.87563290722615
144,BA47_60:40_Log_window1_PCA_95,Gradient Boosting Regressor,"{'n_estimators': 200, 'min_samples_split': 10, 'min_samples_leaf': 2, 'min_impurity_decrease': 2, 'max_leaf_nodes': 20, 'max_features': None, 'max_depth': 20, 'learning_rate': 0.5}",0.4990379365655119,0.3966649187259562,0.2471181662164338,0.7064261720558717,21.58116479569334
145,BA47_60:40_Log_window1_PCA_90,Random Forest Regressor,"{'n_estimators': 10, 'min_samples_split': 10, 'min_samples_leaf': 2, 'max_depth': 10}",0.2059759170147928,0.2836579520023714,0.1842683680448104,0.4538456973628733,13.73823014652574
146,BA47_60:40_Log_window1_PCA_95,Random Forest Regressor,"{'n_estimators': 50, 'min_samples_split': 10, 'min_samples_leaf': 1, 'max_depth': 30}",0.4467539638798302,0.308908800617141,0.2123133116887149,0.6683965618402224,18.04453093841709
147,BA47_60:40_Log_window1_PCA_90,AdaBoostRegressor,"{'n_estimators': 400, 'loss': 'square', 'learning_rate': 1.0}",0.2105956905390198,0.2705905327865431,0.2055664897315546,0.4589070608947086,12.99686291748367
148,BA47_60:40_Log_window1_PCA_95,AdaBoostRegressor,"{'n_estimators': 100, 'loss': 'square', 'learning_rate': 0.01}",0.5553348753041527,0.3480170715791812,0.2385476997314395,0.7452079409830203,19.1335242756609
149,BA47_60:40_Log_window1_PCA_90,BaggingRegressor,"{'n_estimators': 150, 'max_samples': 0.1, 'max_features': 1.0}",0.2721406059076055,0.3591206153690095,0.2315104718260415,0.5216709747605338,16.33248183935035
150,BA47_60:40_Log_window1_PCA_95,BaggingRegressor,"{'n_estimators': 30, 'max_samples': 0.9, 'max_features': 0.7000000000000001}",0.3303647562427195,0.3051889560105454,0.1939402179828874,0.574773656531612,15.50845240278162
151,BA47_60:40_Log_window1_PCA_90,ExtraTreesRegressor,"{'n_estimators': 50, 'min_samples_split': 2, 'min_samples_leaf': 4, 'max_depth': 20}",0.2693562560282478,0.3770649767347627,0.2225429302090728,0.5189954296795376,17.33468226479871
152,BA47_60:40_Log_window1_PCA_95,ExtraTreesRegressor,"{'n_estimators': 10, 'min_samples_split': 2, 'min_samples_leaf': 4, 'max_depth': 30}",0.3331233680750287,0.3398837891469509,0.2166372906093498,0.5771684052986864,16.45832513677987
153,BA47_60:40_Log_window1_PCA_90,XGBoost Regressor,"{'subsample': 0.7, 'reg_lambda': 1.0, 'reg_alpha': 1.0, 'n_estimators': 300, 'min_child_weight': 1, 'max_depth': 6, 'learning_rate': 0.1, 'gamma': 0.1, 'colsample_bytree': 0.7}",0.2857422179922576,0.3846431671502714,0.226483186736463,0.5345486114398368,17.71382329024589
154,BA47_60:40_Log_window1_PCA_95,XGBoost Regressor,"{'subsample': 1.0, 'reg_lambda': 0, 'reg_alpha': 1.0, 'n_estimators': 700, 'min_child_weight': 1, 'max_depth': 9, 'learning_rate': 0.01, 'gamma': 0.3, 'colsample_bytree': 0.8}",0.2048475346239521,0.2986336142128798,0.1975508633976002,0.4526008557481438,14.13478276923502
155,BA47_60:40_Log_window1_PCA_90,Multilayer Perceptron,"{'module__num_units': 20, 'module__activation_func': ReLU(), 'lr': 0.1}",0.3531195819377899,0.3486404716968536,0.2696258425712585,0.5942386573909425,15.68892598152161
156,BA47_60:40_Log_window1_PCA_95,Multilayer Perceptron,"{'module__num_units': 20, 'module__activation_func': Tanh(), 'lr': 0.1}",0.3582302033901215,0.3634306192398071,0.2733682096004486,0.5985233524183676,16.24309569597244
157,BA47_60:40_Log_window1_PCA_90,Long Short-Term Memory Network,"{'module__num_layers': 1, 'module__hidden_size': 25, 'max_epochs': 20, 'lr': 0.1, 'batch_size': 16}",0.1388876587152481,0.262595534324646,0.1168314218521118,0.3726763457951794,10.20680591464043
158,BA47_60:40_Log_window1_PCA_95,Long Short-Term Memory Network,"{'module__num_layers': 1, 'module__hidden_size': 75, 'max_epochs': 30, 'lr': 0.1, 'batch_size': 16}",0.1377578973770142,0.2650399804115295,0.1168086230754852,0.3711575101988563,10.30009388923645
159,BA47_60:40_Log_window1_PCA_90,Convolutional neural network,{},0.4527552127838135,0.4108238220214844,0.3089534342288971,0.6728708737817484,17.60647743940353
160,BA47_60:40_Log_window1_PCA_95,Convolutional neural network,{},0.3488458395004272,0.4017208814620972,0.2741913497447968,0.5906317291683771,17.88490116596222
161,BA47_70:30_Log_window1_PCA_90,Linear Regressor,{},0.5802260879766744,0.5447702648915055,0.2171991775515315,0.7617257301527068,26.90016876058101
162,BA47_70:30_Log_window1_PCA_95,Linear Regressor,{},0.493433461694152,0.5400746124299187,0.2064348787639192,0.702448191466212,23.18005454047471
163,BA47_70:30_Log_window1_PCA_90,Support Vector Regressor,"{'kernel': 'rbf', 'gamma': 0.0001, 'C': 100}",0.23736434463211,0.3026115059718753,0.1943280227578714,0.4872005178898212,13.13338329483286
164,BA47_70:30_Log_window1_PCA_95,Support Vector Regressor,"{'kernel': 'rbf', 'gamma': 0.0001, 'C': 100}",0.2375715276811453,0.3028935687912906,0.1944154889184905,0.4874130975683206,13.14424435082157
165,BA47_70:30_Log_window1_PCA_90,Decision Tree Regressor,"{'splitter': 'best', 'min_samples_split': 5, 'min_samples_leaf': 2, 'min_impurity_decrease': 1.0, 'max_leaf_nodes': 50, 'max_features': 'auto', 'max_depth': 32, 'criterion': 'mae', 'ccp_alpha': 1.0}",0.2596840165691064,0.3292895567667161,0.2067857154789246,0.5095920099148988,14.11028569766919
166,BA47_70:30_Log_window1_PCA_95,Decision Tree Regressor,"{'splitter': 'best', 'min_samples_split': 5, 'min_samples_leaf': 2, 'min_impurity_decrease': 1.0, 'max_leaf_nodes': 50, 'max_features': 'auto', 'max_depth': 32, 'criterion': 'mae', 'ccp_alpha': 1.0}",0.2596840165691064,0.3292895567667161,0.2067857154789246,0.5095920099148988,14.11028569766919
167,BA47_70:30_Log_window1_PCA_90,K-Neighbors Regressor,"{'weights': 'uniform', 'n_neighbors': 9}",0.2780849795358861,0.3691514584181951,0.193916426630487,0.5273376333392925,16.17978083923284
168,BA47_70:30_Log_window1_PCA_95,K-Neighbors Regressor,"{'weights': 'uniform', 'n_neighbors': 9}",0.2530601100241072,0.3497660335326312,0.1858928593757032,0.5030508026274356,15.35807431967483
169,BA47_70:30_Log_window1_PCA_90,Stochastic Gradient Descent Regressor,"{'tol': 0.0001, 'power_t': 0.25, 'penalty': 'elasticnet', 'max_iter': 3000, 'loss': 'squared_loss', 'learning_rate': 'optimal', 'l1_ratio': 0, 'fit_intercept': True, 'eta0': 0.001, 'alpha': 1}",0.3095104884542894,0.4383072569128164,0.2266477596239752,0.5563366682632823,18.54810848087062
170,BA47_70:30_Log_window1_PCA_95,Stochastic Gradient Descent Regressor,"{'tol': 0.0001, 'power_t': 0.25, 'penalty': 'elasticnet', 'max_iter': 3000, 'loss': 'squared_loss', 'learning_rate': 'optimal', 'l1_ratio': 0, 'fit_intercept': True, 'eta0': 0.001, 'alpha': 1}",0.3095339614824059,0.4383760602167184,0.2266832816625303,0.5563577639274983,18.55094295425372
171,BA47_70:30_Log_window1_PCA_90,Voting Regressor,"{'rf__n_estimators': 10, 'gb__n_estimators': 10}",0.3229829544697464,0.3799404427693882,0.1787902240529597,0.5683158932053074,17.5802808523768
172,BA47_70:30_Log_window1_PCA_95,Voting Regressor,"{'rf__n_estimators': 10, 'gb__n_estimators': 10}",0.2754410259172058,0.336994700858512,0.160385134798517,0.5248247573402057,14.63438052853534
173,BA47_70:30_Log_window1_PCA_90,Stacking Regressor,{'final_estimator': GradientBoostingRegressor(random_state=42)},1.07043802934871,0.6989361999503891,0.3385670981833389,1.034619751091535,34.44734919930877
174,BA47_70:30_Log_window1_PCA_95,Stacking Regressor,{'final_estimator': LinearSVR(random_state=42)},0.2233687441036815,0.2711368481364618,0.1848835298444521,0.4726190263877254,11.95754661473262
175,BA47_70:30_Log_window1_PCA_90,Gradient Boosting Regressor,"{'n_estimators': 10, 'min_samples_split': 10, 'min_samples_leaf': 10, 'min_impurity_decrease': 2, 'max_leaf_nodes': 10, 'max_features': 'sqrt', 'max_depth': None, 'learning_rate': 0.05}",0.2892778259499972,0.4181169321634409,0.2166207303261089,0.5378455409780741,17.76814137382888
176,BA47_70:30_Log_window1_PCA_95,Gradient Boosting Regressor,"{'n_estimators': 50, 'min_samples_split': 2, 'min_samples_leaf': 2, 'min_impurity_decrease': 0, 'max_leaf_nodes': 15, 'max_features': 'log2', 'max_depth': 20, 'learning_rate': 0.05}",0.2569721832730933,0.3436361481135826,0.1902032783964064,0.5069242381984642,14.76531009357816
177,BA47_70:30_Log_window1_PCA_90,Random Forest Regressor,"{'n_estimators': 10, 'min_samples_split': 2, 'min_samples_leaf': 4, 'max_depth': 30}",0.4257703920079802,0.3800787490097289,0.1984213850204683,0.6525108366977366,18.2511258961622
178,BA47_70:30_Log_window1_PCA_95,Random Forest Regressor,"{'n_estimators': 10, 'min_samples_split': 2, 'min_samples_leaf': 4, 'max_depth': 30}",0.4317680243056577,0.3868699924926232,0.2006346191480095,0.6570905754199018,18.2189939822584
179,BA47_70:30_Log_window1_PCA_90,AdaBoostRegressor,"{'n_estimators': 400, 'loss': 'square', 'learning_rate': 1.0}",0.5473319437526741,0.3543095721140663,0.1942689327671109,0.7398188587435942,16.85245919530476
180,BA47_70:30_Log_window1_PCA_95,AdaBoostRegressor,"{'n_estimators': 400, 'loss': 'square', 'learning_rate': 1.0}",0.2548675513188125,0.3002902010949318,0.1812883419592774,0.5048440861482013,12.90505319699557
181,BA47_70:30_Log_window1_PCA_90,BaggingRegressor,"{'n_estimators': 150, 'max_samples': 0.1, 'max_features': 1.0}",0.2257088585860589,0.3231683734182269,0.1845342625193414,0.4750882639952905,13.97829169714164
182,BA47_70:30_Log_window1_PCA_95,BaggingRegressor,"{'n_estimators': 150, 'max_samples': 0.1, 'max_features': 1.0}",0.2537504469093437,0.3583868205224374,0.1989744125588643,0.5037364855848181,15.35198558988801
183,BA47_70:30_Log_window1_PCA_90,ExtraTreesRegressor,"{'n_estimators': 10, 'min_samples_split': 2, 'min_samples_leaf': 4, 'max_depth': 30}",0.3162227520231164,0.3553188737153581,0.1774650849248583,0.5623368670317788,15.98080085462594
184,BA47_70:30_Log_window1_PCA_95,ExtraTreesRegressor,"{'n_estimators': 10, 'min_samples_split': 10, 'min_samples_leaf': 2, 'max_depth': 10}",0.3103237289764779,0.3657564484960487,0.207706053947525,0.5570670776275312,16.00362243538591
185,BA47_70:30_Log_window1_PCA_90,XGBoost Regressor,"{'subsample': 1.0, 'reg_lambda': 0, 'reg_alpha': 1.0, 'n_estimators': 700, 'min_child_weight': 1, 'max_depth': 9, 'learning_rate': 0.01, 'gamma': 0.3, 'colsample_bytree': 0.8}",0.3125281693014044,0.3891029623217624,0.1974774613896546,0.5590421891963114,17.37977034082082
186,BA47_70:30_Log_window1_PCA_95,XGBoost Regressor,"{'subsample': 0.7, 'reg_lambda': 1.0, 'reg_alpha': 1.0, 'n_estimators': 300, 'min_child_weight': 1, 'max_depth': 6, 'learning_rate': 0.1, 'gamma': 0.1, 'colsample_bytree': 0.7}",0.2345847622281019,0.3241474079452439,0.1757960276887504,0.4843395113224833,13.96522673335688
187,BA47_70:30_Log_window1_PCA_90,Multilayer Perceptron,"{'module__num_units': 20, 'module__activation_func': ReLU(), 'lr': 0.1}",0.2718687355518341,0.3165029287338257,0.2086955904960632,0.521410333184752,13.58986496925354
188,BA47_70:30_Log_window1_PCA_95,Multilayer Perceptron,"{'module__num_units': 50, 'module__activation_func': Tanh(), 'lr': 0.1}",0.2519374787807465,0.2976775169372559,0.2000249624252319,0.5019337394325535,12.92401403188705
189,BA47_70:30_Log_window1_PCA_90,Long Short-Term Memory Network,"{'module__num_layers': 1, 'module__hidden_size': 25, 'max_epochs': 20, 'lr': 0.1, 'batch_size': 16}",0.07034684717655182,0.2258196473121643,0.08407346904277802,0.2652298006947029,8.192910999059677
190,BA47_70:30_Log_window1_PCA_95,Long Short-Term Memory Network,"{'module__num_layers': 1, 'module__hidden_size': 75, 'max_epochs': 30, 'lr': 0.1, 'batch_size': 16}",0.06173042580485344,0.2157780379056931,0.07913266867399216,0.2484560842580705,7.83645361661911
191,BA47_70:30_Log_window1_PCA_90,Convolutional neural network,{},0.4598715007305145,0.4211800098419189,0.2737448513507843,0.6781382607776342,16.8427363038063
192,BA47_70:30_Log_window1_PCA_95,Convolutional neural network,{},0.4023308157920837,0.5450908541679382,0.2617404758930206,0.634295527173323,23.09567034244537
193,BA47_80:20_MinMax_window1_ICA_90,Linear Regressor,{},0.01363821122321632,0.1020216944089986,0.1558790018801819,0.1167827522505628,16.06130398049902
194,BA47_80:20_MinMax_window1_ICA_95,Linear Regressor,{},0.01159060081481646,0.09166419992804321,0.1381831215852358,0.1076596526783198,14.35402841003698
195,BA47_80:20_MinMax_window1_ICA_90,Support Vector Regressor,"{'kernel': 'rbf', 'gamma': 0.001, 'C': 1}",0.04854230305741147,0.1740471129298631,0.3460208263382368,0.2203231786658214,27.09211810612876
196,BA47_80:20_MinMax_window1_ICA_95,Support Vector Regressor,"{'kernel': 'rbf', 'gamma': 0.001, 'C': 1}",0.04852316687586002,0.1740155424083726,0.3459629889963698,0.2202797468580805,27.08729755100958
197,BA47_80:20_MinMax_window1_ICA_90,Decision Tree Regressor,"{'splitter': 'best', 'min_samples_split': 5, 'min_samples_leaf': 4, 'min_impurity_decrease': 0.1, 'max_leaf_nodes': 90, 'max_features': None, 'max_depth': 26, 'criterion': 'mae', 'ccp_alpha': 0.0}",0.04844702540556579,0.174112410629967,0.3489182037358353,0.2201068499742018,27.08656660991536
198,BA47_80:20_MinMax_window1_ICA_95,Decision Tree Regressor,"{'splitter': 'best', 'min_samples_split': 5, 'min_samples_leaf': 4, 'min_impurity_decrease': 0.1, 'max_leaf_nodes': 90, 'max_features': None, 'max_depth': 26, 'criterion': 'mae', 'ccp_alpha': 0.0}",0.04844702540556579,0.174112410629967,0.3489182037358353,0.2201068499742018,27.08656660991536
199,BA47_80:20_MinMax_window1_ICA_90,K-Neighbors Regressor,"{'weights': 'distance', 'n_neighbors': 3}",0.05506939823898872,0.1787426340028053,0.3309052096064352,0.2346686988905609,28.61035705518683
200,BA47_80:20_MinMax_window1_ICA_95,K-Neighbors Regressor,"{'weights': 'uniform', 'n_neighbors': 1}",0.06696033127089655,0.1932319621964565,0.4355343954024901,0.2587669439300479,34.12040127784493
201,BA47_80:20_MinMax_window1_ICA_90,Stochastic Gradient Descent Regressor,"{'tol': 1e-05, 'power_t': 0.5, 'penalty': 'l2', 'max_iter': 1000, 'loss': 'squared_loss', 'learning_rate': 'constant', 'l1_ratio': 0, 'fit_intercept': True, 'eta0': 0.001, 'alpha': 0.01}",0.03147573631998189,0.1393414626473896,0.2545189819856257,0.1774140251501608,21.90508111528566
202,BA47_80:20_MinMax_window1_ICA_95,Stochastic Gradient Descent Regressor,"{'tol': 1e-05, 'power_t': 0.5, 'penalty': 'l2', 'max_iter': 1000, 'loss': 'squared_loss', 'learning_rate': 'constant', 'l1_ratio': 0, 'fit_intercept': True, 'eta0': 0.001, 'alpha': 0.01}",0.03120996851378005,0.13931078138972,0.253010443455173,0.1766634328710389,21.86410402224818
203,BA47_80:20_MinMax_window1_ICA_90,Voting Regressor,"{'rf__n_estimators': 100, 'gb__n_estimators': 10}",0.04373515029983367,0.166276633401566,0.2585712114312805,0.2091295060478881,26.2505086583095
204,BA47_80:20_MinMax_window1_ICA_95,Voting Regressor,"{'rf__n_estimators': 50, 'gb__n_estimators': 10}",0.05053596045570524,0.1870126147428601,0.3089895789976239,0.2248020472676022,29.88651644622367
205,BA47_80:20_MinMax_window1_ICA_90,Stacking Regressor,{'final_estimator': GradientBoostingRegressor(random_state=42)},0.02578201283033617,0.1240035519232762,0.2854727729008724,0.160567782666188,20.31243934579065
206,BA47_80:20_MinMax_window1_ICA_95,Stacking Regressor,{'final_estimator': LinearSVR(random_state=42)},0.02719042653385222,0.1428564161245625,0.2689561573830314,0.1648951986379598,22.46643495077901
207,BA47_80:20_MinMax_window1_ICA_90,Gradient Boosting Regressor,"{'n_estimators': 100, 'min_samples_split': 5, 'min_samples_leaf': 10, 'min_impurity_decrease': 2, 'max_leaf_nodes': None, 'max_features': 'sqrt', 'max_depth': 20, 'learning_rate': 1}",0.0533224282163323,0.1816258351434023,0.3453322867817593,0.230916496197938,28.34026631476321
208,BA47_80:20_MinMax_window1_ICA_95,Gradient Boosting Regressor,"{'n_estimators': 100, 'min_samples_split': 5, 'min_samples_leaf': 10, 'min_impurity_decrease': 2, 'max_leaf_nodes': None, 'max_features': 'sqrt', 'max_depth': 20, 'learning_rate': 1}",0.0533224282163323,0.1816258351434023,0.3453322867817593,0.230916496197938,28.34026631476321
209,BA47_80:20_MinMax_window1_ICA_90,Random Forest Regressor,"{'n_estimators': 100, 'min_samples_split': 10, 'min_samples_leaf': 1, 'max_depth': 20}",0.08014480048742509,0.2334027719498325,0.3820875985517856,0.283098570267363,37.92577387138416
210,BA47_80:20_MinMax_window1_ICA_95,Random Forest Regressor,"{'n_estimators': 100, 'min_samples_split': 10, 'min_samples_leaf': 1, 'max_depth': 20}",0.0846639359541243,0.2498619907785253,0.4306918437284007,0.2909706788563485,41.03567017595829
211,BA47_80:20_MinMax_window1_ICA_90,AdaBoostRegressor,"{'n_estimators': 100, 'loss': 'square', 'learning_rate': 0.01}",0.06081277318426857,0.2045956580235511,0.3607469563318086,0.2466024598098498,32.61245947911146
212,BA47_80:20_MinMax_window1_ICA_95,AdaBoostRegressor,"{'n_estimators': 400, 'loss': 'square', 'learning_rate': 1.0}",0.06087600209314901,0.2001026226685956,0.3686862510312565,0.2467306265811948,31.78229516051587
213,BA47_80:20_MinMax_window1_ICA_90,BaggingRegressor,"{'n_estimators': 100, 'max_samples': 1.0, 'max_features': 0.6}",0.08048405404302011,0.2359016710940651,0.3794253284456964,0.2836971167337097,38.43385747460496
214,BA47_80:20_MinMax_window1_ICA_95,BaggingRegressor,"{'n_estimators': 150, 'max_samples': 0.1, 'max_features': 1.0}",0.06497986853443663,0.2102000689329023,0.3734847771373706,0.2549114915699891,33.29468506678285
215,BA47_80:20_MinMax_window1_ICA_90,ExtraTreesRegressor,"{'n_estimators': 50, 'min_samples_split': 10, 'min_samples_leaf': 1, 'max_depth': 30}",0.05532285705898896,0.1727760619309457,0.2846273786493698,0.2352081143561781,27.3664281061339
216,BA47_80:20_MinMax_window1_ICA_95,ExtraTreesRegressor,"{'n_estimators': 50, 'min_samples_split': 10, 'min_samples_leaf': 1, 'max_depth': 30}",0.07164726044380075,0.2223537236690327,0.3735801748625012,0.2676700589229224,36.07476687284318
217,BA47_80:20_MinMax_window1_ICA_90,XGBoost Regressor,"{'subsample': 1.0, 'reg_lambda': 0, 'reg_alpha': 1.0, 'n_estimators': 700, 'min_child_weight': 1, 'max_depth': 9, 'learning_rate': 0.01, 'gamma': 0.3, 'colsample_bytree': 0.8}",0.05332242868306164,0.1816258364521582,0.3453322876362733,0.23091649720854,28.3402665347294
218,BA47_80:20_MinMax_window1_ICA_95,XGBoost Regressor,"{'subsample': 1.0, 'reg_lambda': 0, 'reg_alpha': 1.0, 'n_estimators': 700, 'min_child_weight': 1, 'max_depth': 9, 'learning_rate': 0.01, 'gamma': 0.3, 'colsample_bytree': 0.8}",0.05332242868306164,0.1816258364521582,0.3453322876362733,0.23091649720854,28.3402665347294
219,BA47_80:20_MinMax_window1_ICA_90,Multilayer Perceptron,"{'module__num_units': 50, 'module__activation_func': Tanh(), 'lr': 0.1}",0.04595769569277763,0.1721003949642181,0.388188362121582,0.2143774607853578,26.48917734622955
220,BA47_80:20_MinMax_window1_ICA_95,Multilayer Perceptron,"{'module__num_units': 20, 'module__activation_func': Tanh(), 'lr': 0.1}",0.04232477024197578,0.1633329838514328,0.3700815141201019,0.2057298477177675,25.30285120010376
221,BA47_80:20_MinMax_window1_ICA_90,Long Short-Term Memory Network,"{'module__num_layers': 1, 'module__hidden_size': 25, 'max_epochs': 20, 'lr': 0.1, 'batch_size': 16}",0.02632411196827888,0.1406973600387573,0.2030176818370819,0.1622470707540783,18.94104182720184
222,BA47_80:20_MinMax_window1_ICA_95,Long Short-Term Memory Network,"{'module__num_layers': 1, 'module__hidden_size': 75, 'max_epochs': 30, 'lr': 0.1, 'batch_size': 16}",0.02566697262227535,0.1390858292579651,0.2022275179624557,0.1602091527418935,18.72895061969757
223,BA47_80:20_MinMax_window1_ICA_90,Convolutional neural network,{},0.04187894612550735,0.1630693674087524,0.3632831275463104,0.2046434609888803,25.32236576080322
224,BA47_80:20_MinMax_window1_ICA_95,Convolutional neural network,{},0.04376164823770523,0.1679103821516037,0.3656334578990936,0.2091928493942975,26.01849138736725
225,BA47_60:40_MinMax_window1_ICA_90,Linear Regressor,{},9.632483137017954e-05,0.007676927617552522,0.01496128159459878,0.009814521453956863,1.484070064448804
226,BA47_60:40_MinMax_window1_ICA_95,Linear Regressor,{},8.938424574158632e-05,0.007419336616495912,0.01456010092624267,0.009454324182171157,1.443831593687438
227,BA47_60:40_MinMax_window1_ICA_90,Support Vector Regressor,"{'kernel': 'rbf', 'gamma': 0.0001, 'C': 1}",0.06125944464316627,0.1962939541494349,0.6335070163406261,0.2475064537404354,33.8288465218137
228,BA47_60:40_MinMax_window1_ICA_95,Support Vector Regressor,"{'kernel': 'rbf', 'gamma': 0.0001, 'C': 1}",0.06125942455002142,0.1962931296676838,0.6335021520553463,0.2475064131492787,33.82873899298638
229,BA47_60:40_MinMax_window1_ICA_90,Decision Tree Regressor,"{'splitter': 'best', 'min_samples_split': 5, 'min_samples_leaf': 4, 'min_impurity_decrease': 0.1, 'max_leaf_nodes': 90, 'max_features': None, 'max_depth': 26, 'criterion': 'mae', 'ccp_alpha': 0.0}",0.06088925984998305,0.1955811040767273,0.6386735704534275,0.2467574919834919,33.68024536253559
230,BA47_60:40_MinMax_window1_ICA_95,Decision Tree Regressor,"{'splitter': 'best', 'min_samples_split': 5, 'min_samples_leaf': 4, 'min_impurity_decrease': 0.1, 'max_leaf_nodes': 90, 'max_features': None, 'max_depth': 26, 'criterion': 'mae', 'ccp_alpha': 0.0}",0.06088925984998305,0.1955811040767273,0.6386735704534275,0.2467574919834919,33.68024536253559
231,BA47_60:40_MinMax_window1_ICA_90,K-Neighbors Regressor,"{'weights': 'uniform', 'n_neighbors': 5}",0.05136786581517412,0.1593798336229659,0.613642049760493,0.2266448009886265,28.12571859040361
232,BA47_60:40_MinMax_window1_ICA_95,K-Neighbors Regressor,"{'weights': 'uniform', 'n_neighbors': 5}",0.05636402261500326,0.1725661148895909,0.668149928273178,0.237411083597635,29.83404043292855
233,BA47_60:40_MinMax_window1_ICA_90,Stochastic Gradient Descent Regressor,"{'tol': 0.0001, 'power_t': 0.25, 'penalty': 'elasticnet', 'max_iter': 3000, 'loss': 'squared_loss', 'learning_rate': 'optimal', 'l1_ratio': 0, 'fit_intercept': True, 'eta0': 0.001, 'alpha': 1}",0.06300756054960438,0.2003098699824897,0.6081251731799507,0.2510130684837034,34.66953589894526
234,BA47_60:40_MinMax_window1_ICA_95,Stochastic Gradient Descent Regressor,"{'tol': 0.0001, 'power_t': 0.25, 'penalty': 'elasticnet', 'max_iter': 3000, 'loss': 'squared_loss', 'learning_rate': 'optimal', 'l1_ratio': 0, 'fit_intercept': True, 'eta0': 0.001, 'alpha': 1}",0.06300935430109718,0.2003131103595605,0.6081266897068249,0.2510166414823869,34.67006418239204
235,BA47_60:40_MinMax_window1_ICA_90,Voting Regressor,"{'rf__n_estimators': 10, 'gb__n_estimators': 100}",0.025986026743167,0.1252239875821513,0.4415462412922844,0.1612018199127014,24.16411532989554
236,BA47_60:40_MinMax_window1_ICA_95,Voting Regressor,"{'rf__n_estimators': 50, 'gb__n_estimators': 200}",0.02600327716536734,0.1248932643882035,0.4049490122055844,0.1612553167041861,23.99952007011674
237,BA47_60:40_MinMax_window1_ICA_90,Stacking Regressor,{'final_estimator': RandomForestRegressor(random_state=42)},0.2402036827354545,0.4020435128191102,0.8700720063812398,0.4901057872903099,77.65183088874844
238,BA47_60:40_MinMax_window1_ICA_95,Stacking Regressor,{'final_estimator': LinearRegression()},1.854558546941448,1.14565198728784,2.916437705569617,1.36182177502838,152.0007603982475
239,BA47_60:40_MinMax_window1_ICA_90,Gradient Boosting Regressor,"{'n_estimators': 50, 'min_samples_split': 2, 'min_samples_leaf': 2, 'min_impurity_decrease': 0, 'max_leaf_nodes': 15, 'max_features': 'log2', 'max_depth': 20, 'learning_rate': 0.05}",0.05819297329741843,0.186275707814191,0.6982452514991803,0.2412321978870533,31.89892222937997
240,BA47_60:40_MinMax_window1_ICA_95,Gradient Boosting Regressor,"{'n_estimators': 200, 'min_samples_split': 2, 'min_samples_leaf': 10, 'min_impurity_decrease': 0, 'max_leaf_nodes': 5, 'max_features': 'log2', 'max_depth': 30, 'learning_rate': 0.1}",0.0587924748485472,0.1879476978669591,0.6534644670535544,0.2424715959623873,32.19567361436329
241,BA47_60:40_MinMax_window1_ICA_90,Random Forest Regressor,"{'n_estimators': 10, 'min_samples_split': 2, 'min_samples_leaf': 4, 'max_depth': 30}",0.05997594896337256,0.1854395893104664,0.7081246926014336,0.2448998753845591,31.73965762266329
242,BA47_60:40_MinMax_window1_ICA_95,Random Forest Regressor,"{'n_estimators': 10, 'min_samples_split': 2, 'min_samples_leaf': 4, 'max_depth': 30}",0.05303553568473603,0.1767727253051342,0.5877739289473117,0.2302944543073845,30.95612996822356
243,BA47_60:40_MinMax_window1_ICA_90,AdaBoostRegressor,"{'n_estimators': 50, 'loss': 'exponential', 'learning_rate': 0.01}",0.0570878802672388,0.1911788260182158,0.6409761137865677,0.2389307018096226,33.02604136057335
244,BA47_60:40_MinMax_window1_ICA_95,AdaBoostRegressor,"{'n_estimators': 50, 'loss': 'linear', 'learning_rate': 0.01}",0.0579587739141104,0.1938170244285391,0.5904935944773367,0.2407462853589031,33.92283511280458
245,BA47_60:40_MinMax_window1_ICA_90,BaggingRegressor,"{'n_estimators': 30, 'max_samples': 0.9, 'max_features': 0.7000000000000001}",0.05442620526226623,0.1828112982130598,0.6529570965659531,0.23329424609764,31.80758117275165
246,BA47_60:40_MinMax_window1_ICA_95,BaggingRegressor,"{'n_estimators': 100, 'max_samples': 1.0, 'max_features': 0.6}",0.05613104849231292,0.190321549787498,0.5780002159466634,0.2369199199989585,33.22651911265504
247,BA47_60:40_MinMax_window1_ICA_90,ExtraTreesRegressor,"{'n_estimators': 50, 'min_samples_split': 10, 'min_samples_leaf': 1, 'max_depth': 30}",0.0568117878613248,0.1874917418571204,0.6458398376251929,0.2383522348569965,32.51975414554074
248,BA47_60:40_MinMax_window1_ICA_95,ExtraTreesRegressor,"{'n_estimators': 100, 'min_samples_split': 10, 'min_samples_leaf': 1, 'max_depth': 20}",0.0523212923969915,0.1835544399939821,0.5963135836271949,0.2287384803591025,32.18176653009229
249,BA47_60:40_MinMax_window1_ICA_90,XGBoost Regressor,"{'subsample': 0.7, 'reg_lambda': 1.0, 'reg_alpha': 0.1, 'n_estimators': 200, 'min_child_weight': 5, 'max_depth': 6, 'learning_rate': 0.2, 'gamma': 0.1, 'colsample_bytree': 0.7}",0.06318380208330351,0.1992639123118889,0.6904896170836068,0.2513638838085208,33.93424957136728
250,BA47_60:40_MinMax_window1_ICA_95,XGBoost Regressor,"{'subsample': 0.7, 'reg_lambda': 1.0, 'reg_alpha': 0.1, 'n_estimators': 200, 'min_child_weight': 5, 'max_depth': 6, 'learning_rate': 0.2, 'gamma': 0.1, 'colsample_bytree': 0.7}",0.0565324723925108,0.1850495424049102,0.5988002359341368,0.2377655828594854,32.32913813624691
251,BA47_60:40_MinMax_window1_ICA_90,Multilayer Perceptron,"{'module__num_units': 20, 'module__activation_func': Tanh(), 'lr': 0.1}",0.06415746361017227,0.2002086192369461,0.7161024212837219,0.2532932364082631,33.81300568580627
252,BA47_60:40_MinMax_window1_ICA_95,Multilayer Perceptron,"{'module__num_units': 20, 'module__activation_func': ReLU(), 'lr': 0.1}",0.06171240657567978,0.1948642730712891,0.7059478163719177,0.2484198192086931,33.08876156806946
253,BA47_60:40_MinMax_window1_ICA_90,Long Short-Term Memory Network,"{'module__num_layers': 1, 'module__hidden_size': 75, 'max_epochs': 30, 'lr': 0.1, 'batch_size': 16}",0.04250289127230644,0.1719801425933838,0.3648766279220581,0.2061622935269843,25.99829137325287
254,BA47_60:40_MinMax_window1_ICA_95,Long Short-Term Memory Network,"{'module__num_layers': 1, 'module__hidden_size': 25, 'max_epochs': 20, 'lr': 0.1, 'batch_size': 16}",0.04324315115809441,0.1718170493841171,0.3559761047363281,0.2079498765522461,26.01571977138519
255,BA47_60:40_MinMax_window1_ICA_90,Convolutional neural network,{},0.05561326816678047,0.1836349964141846,0.6400272846221924,0.2358246555531895,31.81296586990356
256,BA47_60:40_MinMax_window1_ICA_95,Convolutional neural network,{},0.09482014179229736,0.2384528517723083,0.9113384485244751,0.3079287933797315,37.39632964134216
257,BA47_70:30_MinMax_window1_ICA_90,Linear Regressor,{},0.03305091673989578,0.136956519844697,0.2991866137424857,0.1817991109436341,25.00909018100465
258,BA47_70:30_MinMax_window1_ICA_95,Linear Regressor,{},0.03197628338735018,0.134160983349203,0.2993693204559252,0.1788191359652266,24.57237119175917
259,BA47_70:30_MinMax_window1_ICA_90,Support Vector Regressor,"{'kernel': 'rbf', 'gamma': 0.0001, 'C': 1}",0.05383889426661076,0.1844459603475795,0.5054832859922483,0.2320320974921589,30.88715710577963
260,BA47_70:30_MinMax_window1_ICA_95,Support Vector Regressor,"{'kernel': 'rbf', 'gamma': 0.0001, 'C': 1}",0.05383736016795981,0.1844445790352291,0.505481169019726,0.2320287916788772,30.8869663542422
261,BA47_70:30_MinMax_window1_ICA_90,Decision Tree Regressor,"{'splitter': 'best', 'min_samples_split': 5, 'min_samples_leaf': 4, 'min_impurity_decrease': 0.1, 'max_leaf_nodes': 90, 'max_features': None, 'max_depth': 26, 'criterion': 'mae', 'ccp_alpha': 0.0}",0.05333434849253286,0.1836392004221472,0.5090276832651499,0.2309423055495308,30.73537468940822
262,BA47_70:30_MinMax_window1_ICA_95,Decision Tree Regressor,"{'splitter': 'best', 'min_samples_split': 5, 'min_samples_leaf': 4, 'min_impurity_decrease': 0.1, 'max_leaf_nodes': 90, 'max_features': None, 'max_depth': 26, 'criterion': 'mae', 'ccp_alpha': 0.0}",0.05333434849253286,0.1836392004221472,0.5090276832651499,0.2309423055495308,30.73537468940822
263,BA47_70:30_MinMax_window1_ICA_90,K-Neighbors Regressor,"{'weights': 'distance', 'n_neighbors': 2}",0.06506340759143486,0.1876856371684507,0.4944644426431657,0.2550752978856143,33.26898012994064
264,BA47_70:30_MinMax_window1_ICA_95,K-Neighbors Regressor,"{'weights': 'distance', 'n_neighbors': 3}",0.05348922938844602,0.1779902644704819,0.4926283534892832,0.2312773862452748,31.42532601394199
265,BA47_70:30_MinMax_window1_ICA_90,Stochastic Gradient Descent Regressor,"{'tol': 0.0001, 'power_t': 0.25, 'penalty': 'elasticnet', 'max_iter': 3000, 'loss': 'squared_loss', 'learning_rate': 'optimal', 'l1_ratio': 0, 'fit_intercept': True, 'eta0': 0.001, 'alpha': 1}",0.05661316758715664,0.189212711456517,0.4914705616444063,0.2379352172066099,31.76669563628465
266,BA47_70:30_MinMax_window1_ICA_95,Stochastic Gradient Descent Regressor,"{'tol': 0.0001, 'power_t': 0.25, 'penalty': 'elasticnet', 'max_iter': 3000, 'loss': 'squared_loss', 'learning_rate': 'optimal', 'l1_ratio': 0, 'fit_intercept': True, 'eta0': 0.001, 'alpha': 1}",0.0565937525489769,0.1891674783957456,0.4914425729420472,0.237894414707401,31.75904272031335
267,BA47_70:30_MinMax_window1_ICA_90,Voting Regressor,"{'rf__n_estimators': 100, 'gb__n_estimators': 10}",0.04955249469614489,0.1736527975386822,0.3950277668616277,0.2226038964082725,29.62912418346871
268,BA47_70:30_MinMax_window1_ICA_95,Voting Regressor,"{'rf__n_estimators': 100, 'gb__n_estimators': 10}",0.05067907765906792,0.1775108116007294,0.3830817479677024,0.2251201405007289,30.87144182004031
269,BA47_70:30_MinMax_window1_ICA_90,Stacking Regressor,{'final_estimator': RandomForestRegressor(random_state=42)},0.07895231244437664,0.2300111724702797,0.683951005958951,0.2809845412907561,36.79315848537819
270,BA47_70:30_MinMax_window1_ICA_95,Stacking Regressor,{'final_estimator': GradientBoostingRegressor(random_state=42)},0.1114532489755844,0.2725582535897086,0.8238497799318164,0.3338461456653115,42.94116216846409
271,BA47_70:30_MinMax_window1_ICA_90,Gradient Boosting Regressor,"{'n_estimators': 100, 'min_samples_split': 5, 'min_samples_leaf': 10, 'min_impurity_decrease': 2, 'max_leaf_nodes': None, 'max_features': 'sqrt', 'max_depth': 20, 'learning_rate': 1}",0.05708941448535501,0.1903011716057363,0.494304436956267,0.2389339123802961,31.93583952126601
272,BA47_70:30_MinMax_window1_ICA_95,Gradient Boosting Regressor,"{'n_estimators': 100, 'min_samples_split': 5, 'min_samples_leaf': 10, 'min_impurity_decrease': 2, 'max_leaf_nodes': None, 'max_features': 'sqrt', 'max_depth': 20, 'learning_rate': 1}",0.05708941448535501,0.1903011716057363,0.494304436956267,0.2389339123802961,31.93583952126601
273,BA47_70:30_MinMax_window1_ICA_90,Random Forest Regressor,"{'n_estimators': 50, 'min_samples_split': 2, 'min_samples_leaf': 4, 'max_depth': 20}",0.07494137717121363,0.2238077994692853,0.5303452129984351,0.273754227677334,37.85115287384859
274,BA47_70:30_MinMax_window1_ICA_95,Random Forest Regressor,"{'n_estimators': 10, 'min_samples_split': 2, 'min_samples_leaf': 4, 'max_depth': 30}",0.08211872709358396,0.236780696986034,0.4991913017796157,0.2865636527781986,41.12815552309571
275,BA47_70:30_MinMax_window1_ICA_90,AdaBoostRegressor,"{'n_estimators': 50, 'loss': 'exponential', 'learning_rate': 0.01}",0.05818461433038752,0.1973947102431928,0.4819594524924954,0.2412148717023632,33.41992667343318
276,BA47_70:30_MinMax_window1_ICA_95,AdaBoostRegressor,"{'n_estimators': 50, 'loss': 'exponential', 'learning_rate': 0.01}",0.07306621591722263,0.2233454260323938,0.4883542751573269,0.2703076319995842,40.02782301841106
277,BA47_70:30_MinMax_window1_ICA_90,BaggingRegressor,"{'n_estimators': 30, 'max_samples': 0.9, 'max_features': 0.7000000000000001}",0.0787262175849051,0.2270610753028687,0.4586421295107045,0.2805819266897016,39.04673537659551
278,BA47_70:30_MinMax_window1_ICA_95,BaggingRegressor,"{'n_estimators': 50, 'max_samples': 0.7000000000000001, 'max_features': 0.9}",0.09433716404406173,0.2600505850967978,0.4908788857808269,0.3071435560842222,46.08198455753431
279,BA47_70:30_MinMax_window1_ICA_90,ExtraTreesRegressor,"{'n_estimators': 100, 'min_samples_split': 10, 'min_samples_leaf': 1, 'max_depth': 20}",0.06117736555878256,0.1977997713344598,0.4707760518791932,0.2473405861535518,33.77767369324975
280,BA47_70:30_MinMax_window1_ICA_95,ExtraTreesRegressor,"{'n_estimators': 100, 'min_samples_split': 10, 'min_samples_leaf': 1, 'max_depth': 20}",0.05811909513706535,0.2046262778110528,0.4567152538092484,0.2410790225985358,35.39220939038945
281,BA47_70:30_MinMax_window1_ICA_90,XGBoost Regressor,"{'subsample': 1.0, 'reg_lambda': 0, 'reg_alpha': 1.0, 'n_estimators': 700, 'min_child_weight': 1, 'max_depth': 9, 'learning_rate': 0.01, 'gamma': 0.3, 'colsample_bytree': 0.8}",0.05708941605315767,0.1903011759666142,0.49430443567581,0.2389339156611252,31.93584028500944
282,BA47_70:30_MinMax_window1_ICA_95,XGBoost Regressor,"{'subsample': 0.9, 'reg_lambda': 1.0, 'reg_alpha': 0, 'n_estimators': 100, 'min_child_weight': 5, 'max_depth': 3, 'learning_rate': 0.1, 'gamma': 0.2, 'colsample_bytree': 1.0}",0.06471071590660772,0.2107041881438353,0.4936309428127956,0.2543830102554173,35.99578826964828
283,BA47_70:30_MinMax_window1_ICA_90,Multilayer Perceptron,"{'module__num_units': 10, 'module__activation_func': ReLU(), 'lr': 0.1}",0.05190809816122055,0.1795355677604675,0.55755615234375,0.2278334877958474,29.77307140827179
284,BA47_70:30_MinMax_window1_ICA_95,Multilayer Perceptron,"{'module__num_units': 50, 'module__activation_func': Tanh(), 'lr': 0.1}",0.05106315761804581,0.1776899844408035,0.5447075963020325,0.2259715858643423,29.57753241062164
285,BA47_70:30_MinMax_window1_ICA_90,Long Short-Term Memory Network,"{'module__num_layers': 1, 'module__hidden_size': 25, 'max_epochs': 20, 'lr': 0.1, 'batch_size': 16}",0.02651759423315525,0.1427463740110397,0.226434051990509,0.16284223725175,20.40112763643265
286,BA47_70:30_MinMax_window1_ICA_95,Long Short-Term Memory Network,"{'module__num_layers': 1, 'module__hidden_size': 25, 'max_epochs': 20, 'lr': 0.1, 'batch_size': 16}",0.03253073990345001,0.1530116349458694,0.2482197880744934,0.1803628007751321,21.74244672060013
287,BA47_70:30_MinMax_window1_ICA_90,Convolutional neural network,{},0.06558965146541595,0.1936177313327789,0.6681444048881531,0.2561047665808193,31.01383745670319
288,BA47_70:30_MinMax_window1_ICA_95,Convolutional neural network,{},0.04876759648323059,0.1703965067863464,0.5351774096488953,0.2208338662506967,28.59792113304138
289,BA47_60:40_Log_window1_ICA_90,Linear Regressor,{},7.435094468241293e-07,0.0006960363455479542,0.0003069671655411426,0.0008622699384903368,0.0306927505539076
290,BA47_60:40_Log_window1_ICA_95,Linear Regressor,{},6.220468290524006e-07,0.0006249774222094736,0.0002723041086438248,0.0007886994541981125,0.02722778185069674
291,BA47_60:40_Log_window1_ICA_90,Support Vector Regressor,"{'kernel': 'rbf', 'gamma': 0.0001, 'C': 1}",0.3380108168186344,0.3721613629580323,0.2665849813651969,0.5813869768223523,16.65415503897295
292,BA47_60:40_Log_window1_ICA_95,Support Vector Regressor,"{'kernel': 'rbf', 'gamma': 0.0001, 'C': 1}",0.3380218985022699,0.3721667710051255,0.2665870333832465,0.5813965071294029,16.65435232789555
293,BA47_60:40_Log_window1_ICA_90,Decision Tree Regressor,"{'splitter': 'best', 'min_samples_split': 5, 'min_samples_leaf': 2, 'min_impurity_decrease': 1.0, 'max_leaf_nodes': 50, 'max_features': 'auto', 'max_depth': 32, 'criterion': 'mae', 'ccp_alpha': 1.0}",0.341187436246534,0.3682248017734828,0.2680821073384063,0.5841125201932706,16.48242223288885
294,BA47_60:40_Log_window1_ICA_95,Decision Tree Regressor,"{'splitter': 'best', 'min_samples_split': 5, 'min_samples_leaf': 2, 'min_impurity_decrease': 1.0, 'max_leaf_nodes': 50, 'max_features': 'auto', 'max_depth': 32, 'criterion': 'mae', 'ccp_alpha': 1.0}",0.341187436246534,0.3682248017734828,0.2680821073384063,0.5841125201932706,16.48242223288885
295,BA47_60:40_Log_window1_ICA_90,K-Neighbors Regressor,"{'weights': 'distance', 'n_neighbors': 2}",0.5852075834721652,0.5344124571748077,0.3247677499772162,0.7649886165637795,23.78566875234874
296,BA47_60:40_Log_window1_ICA_95,K-Neighbors Regressor,"{'weights': 'uniform', 'n_neighbors': 1}",0.7568372335358317,0.6251763567901986,0.3616149558787076,0.8699639265715744,28.07717243316749
297,BA47_60:40_Log_window1_ICA_90,Stochastic Gradient Descent Regressor,"{'tol': 1e-05, 'power_t': 0.5, 'penalty': 'l1', 'max_iter': 3000, 'loss': 'squared_epsilon_insensitive', 'learning_rate': 'adaptive', 'l1_ratio': 1, 'fit_intercept': True, 'eta0': 0.1, 'alpha': 0.01}",0.1058690561766854,0.2748929194107205,0.1439952338375468,0.3253752544012612,12.83220631439428
298,BA47_60:40_Log_window1_ICA_95,Stochastic Gradient Descent Regressor,"{'tol': 1e-05, 'power_t': 0.5, 'penalty': 'l1', 'max_iter': 3000, 'loss': 'squared_epsilon_insensitive', 'learning_rate': 'adaptive', 'l1_ratio': 1, 'fit_intercept': True, 'eta0': 0.1, 'alpha': 0.01}",0.3751459369575681,0.5295344178309039,0.2408797946610647,0.6124915811319925,22.65398452481627
299,BA47_60:40_Log_window1_ICA_90,Voting Regressor,"{'rf__n_estimators': 10, 'gb__n_estimators': 10}",0.4266370414123486,0.5964264174334697,0.2664584696113272,0.6531745872370944,27.09366386041135
300,BA47_60:40_Log_window1_ICA_95,Voting Regressor,"{'rf__n_estimators': 200, 'gb__n_estimators': 100}",0.894228073201574,0.773555223217453,0.3130703150879155,0.9456363324246664,35.87464662272004
301,BA47_60:40_Log_window1_ICA_90,Stacking Regressor,{'final_estimator': LinearSVR(random_state=42)},0.3590938153752732,0.4866405467691727,0.2817324514040365,0.5992443703325657,21.54225009302883
302,BA47_60:40_Log_window1_ICA_95,Stacking Regressor,{'final_estimator': GradientBoostingRegressor(random_state=42)},0.6328726050940819,0.6080435637924687,0.3841973569517719,0.7955329063552821,25.15294205067361
303,BA47_60:40_Log_window1_ICA_90,Gradient Boosting Regressor,"{'n_estimators': 10, 'min_samples_split': 10, 'min_samples_leaf': 10, 'min_impurity_decrease': 2, 'max_leaf_nodes': 10, 'max_features': 'sqrt', 'max_depth': None, 'learning_rate': 0.05}",0.3700911250883226,0.4869804297767677,0.2829474712948019,0.6083511527796447,21.51742966232238
304,BA47_60:40_Log_window1_ICA_95,Gradient Boosting Regressor,"{'n_estimators': 100, 'min_samples_split': 2, 'min_samples_leaf': 5, 'min_impurity_decrease': 2, 'max_leaf_nodes': 20, 'max_features': 'sqrt', 'max_depth': 20, 'learning_rate': 0.5}",1.368556975879065,0.9330815357884799,0.4212319713873176,1.169853399310813,45.30619957029054
305,BA47_60:40_Log_window1_ICA_90,Random Forest Regressor,"{'n_estimators': 50, 'min_samples_split': 10, 'min_samples_leaf': 1, 'max_depth': 30}",1.071927329640009,0.9566283265976321,0.4269072361741951,1.035339234087074,45.28844695087708
306,BA47_60:40_Log_window1_ICA_95,Random Forest Regressor,"{'n_estimators': 100, 'min_samples_split': 5, 'min_samples_leaf': 2, 'max_depth': None}",2.902868867429821,1.470988361444042,0.5909258846789408,1.703780756855124,83.21728914942031
307,BA47_60:40_Log_window1_ICA_90,AdaBoostRegressor,"{'n_estimators': 50, 'loss': 'exponential', 'learning_rate': 0.01}",0.5137874671779574,0.5909472272945462,0.3315712244911173,0.7167896952230531,26.20379022139393
308,BA47_60:40_Log_window1_ICA_95,AdaBoostRegressor,"{'n_estimators': 50, 'loss': 'exponential', 'learning_rate': 0.01}",2.282263506555987,1.298081192288891,0.5440463035821099,1.510716223039915,65.88286767011655
309,BA47_60:40_Log_window1_ICA_90,BaggingRegressor,"{'n_estimators': 50, 'max_samples': 0.7000000000000001, 'max_features': 0.9}",0.9496850711721532,0.9026773272242652,0.4047388307067367,0.9745178660097275,41.75860842954432
310,BA47_60:40_Log_window1_ICA_95,BaggingRegressor,"{'n_estimators': 30, 'max_samples': 0.9, 'max_features': 0.7000000000000001}",2.321101105998094,1.317416280392411,0.5187599853499981,1.523516034046932,69.4290518708183
311,BA47_60:40_Log_window1_ICA_90,ExtraTreesRegressor,"{'n_estimators': 50, 'min_samples_split': 10, 'min_samples_leaf': 1, 'max_depth': 30}",2.088369655235921,1.329678112127235,0.4909618783428547,1.445119252946248,67.43249238416
312,BA47_60:40_Log_window1_ICA_95,ExtraTreesRegressor,"{'n_estimators': 50, 'min_samples_split': 10, 'min_samples_leaf': 1, 'max_depth': 30}",3.299636817402224,1.692436178175066,0.6525568541972404,1.816490246987917,101.057140411565
313,BA47_60:40_Log_window1_ICA_90,XGBoost Regressor,"{'subsample': 0.7, 'reg_lambda': 0.1, 'reg_alpha': 0.1, 'n_estimators': 100, 'min_child_weight': 1, 'max_depth': 9, 'learning_rate': 0.3, 'gamma': 0.3, 'colsample_bytree': 0.8}",6.421219181732121,2.274985107032606,0.9405355391042554,2.534012466767305,138.5690556307291
314,BA47_60:40_Log_window1_ICA_95,XGBoost Regressor,"{'subsample': 0.7, 'reg_lambda': 1.0, 'reg_alpha': 0.1, 'n_estimators': 200, 'min_child_weight': 5, 'max_depth': 6, 'learning_rate': 0.2, 'gamma': 0.1, 'colsample_bytree': 0.7}",1.790932168775858,1.108130311717122,0.4670903536819721,1.338257138511078,56.09105573780073
315,BA47_60:40_Log_window1_ICA_90,Multilayer Perceptron,"{'module__num_units': 20, 'module__activation_func': Tanh(), 'lr': 0.1}",0.3566288650035858,0.3494245409965515,0.2695923447608948,0.5971841131540472,15.71489274501801
316,BA47_60:40_Log_window1_ICA_95,Multilayer Perceptron,"{'module__num_units': 20, 'module__activation_func': ReLU(), 'lr': 0.1}",0.3390321135520935,0.3582812249660492,0.2675173282623291,0.582264642196393,16.1007821559906
317,BA47_60:40_Log_window1_ICA_90,Long Short-Term Memory Network,"{'module__num_layers': 1, 'module__hidden_size': 75, 'max_epochs': 30, 'lr': 0.1, 'batch_size': 16}",0.1288507580757141,0.2439121007919312,0.1090433821082115,0.3589578778571577,9.541841596364975
318,BA47_60:40_Log_window1_ICA_95,Long Short-Term Memory Network,"{'module__num_layers': 1, 'module__hidden_size': 75, 'max_epochs': 30, 'lr': 0.1, 'batch_size': 16}",0.1319328993558884,0.2577137053012848,0.114427387714386,0.3632256865309616,10.03076210618019
319,BA47_60:40_Log_window1_ICA_90,Convolutional neural network,{},0.5988378524780273,0.5063821077346802,0.361772209405899,0.7738461426394961,20.60561329126358
320,BA47_60:40_Log_window1_ICA_95,Convolutional neural network,{},1.970969200134277,1.261401414871216,0.6872356534004211,1.403912105558705,41.30410850048065
321,BA47_70:30_Log_window1_ICA_90,Linear Regressor,{},1.168070912952423e-06,0.0008624718759514159,0.0003523000829698699,0.001080773293967066,0.03522929261133467
322,BA47_70:30_Log_window1_ICA_95,Linear Regressor,{},6.915533407040345e-07,0.0006299525425030434,0.0002797815396302997,0.0008315968618892417,0.02797181496703261
323,BA47_70:30_Log_window1_ICA_90,Support Vector Regressor,"{'kernel': 'rbf', 'gamma': 0.0001, 'C': 1}",0.2590173986442597,0.3337860334682356,0.2062134131489832,0.5089375193913882,14.29475801937051
324,BA47_70:30_Log_window1_ICA_95,Support Vector Regressor,"{'kernel': 'rbf', 'gamma': 0.0001, 'C': 1}",0.2590171928019135,0.3337876752589135,0.2062095169185889,0.5089373171638266,14.2948586281802
325,BA47_70:30_Log_window1_ICA_90,Decision Tree Regressor,"{'splitter': 'best', 'min_samples_split': 5, 'min_samples_leaf': 2, 'min_impurity_decrease': 1.0, 'max_leaf_nodes': 50, 'max_features': 'auto', 'max_depth': 32, 'criterion': 'mae', 'ccp_alpha': 1.0}",0.2596840165691064,0.3292895567667161,0.2067857154789246,0.5095920099148988,14.11028569766919
326,BA47_70:30_Log_window1_ICA_95,Decision Tree Regressor,"{'splitter': 'best', 'min_samples_split': 5, 'min_samples_leaf': 2, 'min_impurity_decrease': 1.0, 'max_leaf_nodes': 50, 'max_features': 'auto', 'max_depth': 32, 'criterion': 'mae', 'ccp_alpha': 1.0}",0.2596840165691064,0.3292895567667161,0.2067857154789246,0.5095920099148988,14.11028569766919
327,BA47_70:30_Log_window1_ICA_90,K-Neighbors Regressor,"{'weights': 'uniform', 'n_neighbors': 5}",0.3119631961941765,0.4057192738027094,0.2287316584984733,0.5585366560881895,17.20809302897279
328,BA47_70:30_Log_window1_ICA_95,K-Neighbors Regressor,"{'weights': 'distance', 'n_neighbors': 2}",0.6465940570020188,0.5368389153287446,0.2298566865819841,0.8041107243421262,25.36100703774197
329,BA47_70:30_Log_window1_ICA_90,Stochastic Gradient Descent Regressor,"{'tol': 1e-05, 'power_t': 0.5, 'penalty': 'l1', 'max_iter': 3000, 'loss': 'squared_epsilon_insensitive', 'learning_rate': 'adaptive', 'l1_ratio': 1, 'fit_intercept': True, 'eta0': 0.1, 'alpha': 0.01}",0.282627024930985,0.414520567851806,0.1597357950346202,0.5316267722105283,17.36442226505309
330,BA47_70:30_Log_window1_ICA_95,Stochastic Gradient Descent Regressor,"{'tol': 1e-05, 'power_t': 0.5, 'penalty': 'l1', 'max_iter': 3000, 'loss': 'squared_epsilon_insensitive', 'learning_rate': 'adaptive', 'l1_ratio': 1, 'fit_intercept': True, 'eta0': 0.1, 'alpha': 0.01}",0.224253611682609,0.3966930599017995,0.1864056431649947,0.4735542330954386,16.46934969162959
331,BA47_70:30_Log_window1_ICA_90,Voting Regressor,"{'rf__n_estimators': 10, 'gb__n_estimators': 10}",0.6824535963602113,0.7469609144765588,0.2880469322879861,0.8261074968551074,32.75402243782088
332,BA47_70:30_Log_window1_ICA_95,Voting Regressor,"{'rf__n_estimators': 100, 'gb__n_estimators': 10}",0.1925422435711667,0.3696874338783736,0.1412802618566836,0.4387963577460126,15.09463137765473
333,BA47_70:30_Log_window1_ICA_90,Stacking Regressor,{'final_estimator': LinearSVR(random_state=42)},0.217827713639612,0.3779279903604303,0.1948290425010798,0.4667201663091193,16.28047943580241
334,BA47_70:30_Log_window1_ICA_95,Stacking Regressor,{'final_estimator': LinearSVR(random_state=42)},0.5089600754146586,0.5928022445646527,0.2919941931462042,0.7134143784748515,25.06634983116772
335,BA47_70:30_Log_window1_ICA_90,Gradient Boosting Regressor,"{'n_estimators': 10, 'min_samples_split': 2, 'min_samples_leaf': 5, 'min_impurity_decrease': 2, 'max_leaf_nodes': None, 'max_features': 'sqrt', 'max_depth': 15, 'learning_rate': 0.1}",0.5353415619006114,0.6340673769926954,0.2771774935712131,0.7316703915702831,27.44773097692577
336,BA47_70:30_Log_window1_ICA_95,Gradient Boosting Regressor,"{'n_estimators': 10, 'min_samples_split': 10, 'min_samples_leaf': 10, 'min_impurity_decrease': 2, 'max_leaf_nodes': 10, 'max_features': 'sqrt', 'max_depth': None, 'learning_rate': 0.05}",0.3345887360654838,0.4484663795116322,0.2346270864171938,0.5784364581053686,18.96707431763318
337,BA47_70:30_Log_window1_ICA_90,Random Forest Regressor,"{'n_estimators': 10, 'min_samples_split': 2, 'min_samples_leaf': 4, 'max_depth': 30}",2.551861706201584,1.406479090905768,0.5254437740089941,1.597454758733901,75.50214580702941
338,BA47_70:30_Log_window1_ICA_95,Random Forest Regressor,"{'n_estimators': 100, 'min_samples_split': 10, 'min_samples_leaf': 1, 'max_depth': 20}",0.626910499103054,0.684963747706839,0.254346329141128,0.791776798790577,30.15066569676328
339,BA47_70:30_Log_window1_ICA_90,AdaBoostRegressor,"{'n_estimators': 250, 'loss': 'linear', 'learning_rate': 0.01}",2.317252106663424,1.328632722330617,0.5159344525774833,1.522252313732327,69.37616772685764
340,BA47_70:30_Log_window1_ICA_95,AdaBoostRegressor,"{'n_estimators': 100, 'loss': 'square', 'learning_rate': 0.01}",0.2251138445165835,0.3921098369122527,0.1759454666050694,0.4744616365066658,16.89158526185025
341,BA47_70:30_Log_window1_ICA_90,BaggingRegressor,"{'n_estimators': 30, 'max_samples': 0.9, 'max_features': 0.7000000000000001}",2.2349971856707,1.358511103952247,0.5146696997990798,1.494990697519787,69.89297076417665
342,BA47_70:30_Log_window1_ICA_95,BaggingRegressor,"{'n_estimators': 160, 'max_samples': 0.7000000000000001, 'max_features': 0.8}",0.7590606995903162,0.7906018498428817,0.2969802723572998,0.8712408964174697,34.75098942419498
343,BA47_70:30_Log_window1_ICA_90,ExtraTreesRegressor,"{'n_estimators': 50, 'min_samples_split': 10, 'min_samples_leaf': 1, 'max_depth': 30}",3.030386118324364,1.645610185928011,0.6147048425574331,1.740800424610577,92.35601632539243
344,BA47_70:30_Log_window1_ICA_95,ExtraTreesRegressor,"{'n_estimators': 100, 'min_samples_split': 10, 'min_samples_leaf': 1, 'max_depth': 20}",3.384349200527707,1.70564673519337,0.6329741013983377,1.839660077440315,99.37289143022167
345,BA47_70:30_Log_window1_ICA_90,XGBoost Regressor,"{'subsample': 0.9, 'reg_lambda': 0.1, 'reg_alpha': 0.5, 'n_estimators': 200, 'min_child_weight': 1, 'max_depth': 10, 'learning_rate': 0.1, 'gamma': 0.3, 'colsample_bytree': 0.9}",2.080869872585378,1.259819029781681,0.4674999611731502,1.442522052720643,68.58081933214362
346,BA47_70:30_Log_window1_ICA_95,XGBoost Regressor,"{'subsample': 1.0, 'reg_lambda': 0, 'reg_alpha': 1.0, 'n_estimators': 700, 'min_child_weight': 1, 'max_depth': 9, 'learning_rate': 0.01, 'gamma': 0.3, 'colsample_bytree': 0.8}",0.3015712455541357,0.4003174722600081,0.2233967143572415,0.5491550287069542,17.17193355137638
347,BA47_70:30_Log_window1_ICA_90,Multilayer Perceptron,"{'module__num_units': 20, 'module__activation_func': ReLU(), 'lr': 0.1}",0.276179164648056,0.321342408657074,0.2114852070808411,0.525527510838449,13.74129503965378
348,BA47_70:30_Log_window1_ICA_95,Multilayer Perceptron,"{'module__num_units': 50, 'module__activation_func': Tanh(), 'lr': 0.1}",0.2813144624233246,0.3425816595554352,0.2143272906541824,0.5303908581634157,14.58835452795029
349,BA47_70:30_Log_window1_ICA_90,Long Short-Term Memory Network,"{'module__num_layers': 1, 'module__hidden_size': 75, 'max_epochs': 30, 'lr': 0.1, 'batch_size': 16}",0.05959558486938477,0.2080786824226379,0.07675805687904358,0.2441220696073683,7.556995749473572
350,BA47_70:30_Log_window1_ICA_95,Long Short-Term Memory Network,"{'module__num_layers': 1, 'module__hidden_size': 25, 'max_epochs': 20, 'lr': 0.1, 'batch_size': 16}",0.1255981624126434,0.2888563573360443,0.1049062460660934,0.3543983103975574,10.50804778933525
351,BA47_70:30_Log_window1_ICA_90,Convolutional neural network,{},0.333932101726532,0.4594238698482513,0.2366526275873184,0.5778685851701336,19.44268643856049
352,BA47_70:30_Log_window1_ICA_95,Convolutional neural network,{},1.595072984695435,1.154955267906189,0.570415735244751,1.262961988618594,37.57197856903076
353,BA47_80:20_Log_window1_ICA_90,Linear Regressor,{},4.552768881428547e-07,0.0006067454222735208,0.000219157900642905,0.0006747420900928403,0.02191852496632735
354,BA47_80:20_Log_window1_ICA_95,Linear Regressor,{},4.113921977312938e-07,0.0005664393428511709,0.0002007316300561637,0.0006413986262312181,0.02007558202039734
355,BA47_80:20_Log_window1_ICA_90,Support Vector Regressor,"{'kernel': 'rbf', 'gamma': 0.0001, 'C': 1}",0.1687779950721552,0.286381861630665,0.1310728979873046,0.4108259912324866,11.36815516517941
356,BA47_80:20_Log_window1_ICA_95,Support Vector Regressor,"{'kernel': 'rbf', 'gamma': 0.0001, 'C': 1}",0.1687769892889035,0.2863794741819145,0.1310723734483008,0.410824767131807,11.36806364444475
357,BA47_80:20_Log_window1_ICA_90,Decision Tree Regressor,"{'splitter': 'best', 'min_samples_split': 5, 'min_samples_leaf': 2, 'min_impurity_decrease': 1.0, 'max_leaf_nodes': 50, 'max_features': 'auto', 'max_depth': 32, 'criterion': 'mae', 'ccp_alpha': 1.0}",0.1665199396186878,0.2819851710152386,0.130436080137935,0.4080685476959574,11.19906587001983
358,BA47_80:20_Log_window1_ICA_95,Decision Tree Regressor,"{'splitter': 'best', 'min_samples_split': 5, 'min_samples_leaf': 2, 'min_impurity_decrease': 1.0, 'max_leaf_nodes': 50, 'max_features': 'auto', 'max_depth': 32, 'criterion': 'mae', 'ccp_alpha': 1.0}",0.1665199396186878,0.2819851710152386,0.130436080137935,0.4080685476959574,11.19906587001983
359,BA47_80:20_Log_window1_ICA_90,K-Neighbors Regressor,"{'weights': 'distance', 'n_neighbors': 7}",0.2384815695243903,0.3858065363173057,0.1667421232527422,0.4883457479331527,15.32119839581189
360,BA47_80:20_Log_window1_ICA_95,K-Neighbors Regressor,"{'weights': 'distance', 'n_neighbors': 2}",0.5879579665086507,0.5274645052279223,0.2298228180292397,0.766784172051465,24.00679974927476
361,BA47_80:20_Log_window1_ICA_90,Stochastic Gradient Descent Regressor,"{'tol': 0.0001, 'power_t': 0.25, 'penalty': 'elasticnet', 'max_iter': 3000, 'loss': 'squared_loss', 'learning_rate': 'optimal', 'l1_ratio': 0, 'fit_intercept': True, 'eta0': 0.001, 'alpha': 1}",0.2437363377085763,0.40428802235733,0.164722832000289,0.4936966049190295,16.04217901208391
362,BA47_80:20_Log_window1_ICA_95,Stochastic Gradient Descent Regressor,"{'tol': 1e-05, 'power_t': 0.5, 'penalty': 'l1', 'max_iter': 3000, 'loss': 'squared_epsilon_insensitive', 'learning_rate': 'adaptive', 'l1_ratio': 1, 'fit_intercept': True, 'eta0': 0.1, 'alpha': 0.01}",0.190190918832977,0.359418879473248,0.1397263019448657,0.4361088382880781,14.74377094283517
363,BA47_80:20_Log_window1_ICA_90,Voting Regressor,"{'rf__n_estimators': 10, 'gb__n_estimators': 10}",0.7657392993296395,0.803354755075853,0.2923472621363629,0.8750653114651725,35.44996724998132
364,BA47_80:20_Log_window1_ICA_95,Voting Regressor,"{'rf__n_estimators': 100, 'gb__n_estimators': 10}",1.03047983994014,0.925634423743036,0.3405179037741792,1.015125529153976,42.89185245663258
365,BA47_80:20_Log_window1_ICA_90,Stacking Regressor,{'final_estimator': LinearSVR(random_state=42)},2.683976296777369e-05,0.004492802442969182,0.001671776872376179,0.005180710662425927,0.1673634735282677
366,BA47_80:20_Log_window1_ICA_95,Stacking Regressor,{'final_estimator': LinearSVR(random_state=42)},0.02053779837722841,0.09484616035974779,0.04563702312811145,0.1433101475026399,4.192451759630324
367,BA47_80:20_Log_window1_ICA_90,Gradient Boosting Regressor,"{'n_estimators': 200, 'min_samples_split': 10, 'min_samples_leaf': 2, 'min_impurity_decrease': 2, 'max_leaf_nodes': 20, 'max_features': None, 'max_depth': 20, 'learning_rate': 0.5}",2.907542505191095,1.479089286485184,0.5588100453341923,1.705151754299627,91.42810486691275
368,BA47_80:20_Log_window1_ICA_95,Gradient Boosting Regressor,"{'n_estimators': 100, 'min_samples_split': 2, 'min_samples_leaf': 10, 'min_impurity_decrease': 2, 'max_leaf_nodes': 20, 'max_features': None, 'max_depth': 20, 'learning_rate': 0.05}",0.8028118909056675,0.8506529574710268,0.3132503873755063,0.8959977069756749,37.13462411265323
369,BA47_80:20_Log_window1_ICA_90,Random Forest Regressor,"{'n_estimators': 100, 'min_samples_split': 10, 'min_samples_leaf': 1, 'max_depth': 20}",2.087394135277037,1.360353120741947,0.5016226296088058,1.444781691217409,70.46923417228221
370,BA47_80:20_Log_window1_ICA_95,Random Forest Regressor,"{'n_estimators': 100, 'min_samples_split': 10, 'min_samples_leaf': 1, 'max_depth': 20}",2.420593191235248,1.457473257267865,0.5384754900748961,1.555825565812327,78.25249753203119
371,BA47_80:20_Log_window1_ICA_90,AdaBoostRegressor,"{'n_estimators': 100, 'loss': 'square', 'learning_rate': 0.01}",2.503432267125421,1.289316436075962,0.4945604549822111,1.582223835974361,82.12961382644168
372,BA47_80:20_Log_window1_ICA_95,AdaBoostRegressor,"{'n_estimators': 50, 'loss': 'exponential', 'learning_rate': 0.01}",2.451730451630662,1.379976065612521,0.5009751369912739,1.565800259174414,74.72804258998835
373,BA47_80:20_Log_window1_ICA_90,BaggingRegressor,"{'n_estimators': 160, 'max_samples': 0.7000000000000001, 'max_features': 0.8}",1.657114457674236,1.225314593458879,0.4403817068018135,1.287289578018185,58.11507285570846
374,BA47_80:20_Log_window1_ICA_95,BaggingRegressor,"{'n_estimators': 50, 'max_samples': 0.7000000000000001, 'max_features': 0.9}",1.87951936308526,1.306105921629411,0.4747490928526754,1.370955638627764,64.35813795558043
375,BA47_80:20_Log_window1_ICA_90,ExtraTreesRegressor,"{'n_estimators': 50, 'min_samples_split': 10, 'min_samples_leaf': 1, 'max_depth': 30}",2.543074845646849,1.489884889893515,0.5353862164214841,1.594702118154625,77.20081295384438
376,BA47_80:20_Log_window1_ICA_95,ExtraTreesRegressor,"{'n_estimators': 100, 'min_samples_split': 10, 'min_samples_leaf': 1, 'max_depth': 20}",2.641820049293915,1.553004925816207,0.5641216366772588,1.625367665881758,81.55220354241418
377,BA47_80:20_Log_window1_ICA_90,XGBoost Regressor,"{'subsample': 0.7, 'reg_lambda': 1.0, 'reg_alpha': 1.0, 'n_estimators': 300, 'min_child_weight': 1, 'max_depth': 6, 'learning_rate': 0.1, 'gamma': 0.1, 'colsample_bytree': 0.7}",1.559614899154422,1.154852612074316,0.4231172704199013,1.248845426445732,56.49629993625756
378,BA47_80:20_Log_window1_ICA_95,XGBoost Regressor,"{'subsample': 1.0, 'reg_lambda': 0, 'reg_alpha': 1.0, 'n_estimators': 700, 'min_child_weight': 1, 'max_depth': 9, 'learning_rate': 0.01, 'gamma': 0.3, 'colsample_bytree': 0.8}",1.890515243765543,1.246554238851965,0.4634623507195713,1.374960088062756,65.06553922130338
379,BA47_80:20_Log_window1_ICA_90,Multilayer Perceptron,"{'module__num_units': 20, 'module__activation_func': ReLU(), 'lr': 0.05}",0.1540529280900955,0.2518912255764008,0.1195828169584274,0.3924957682448252,10.09306386113167
380,BA47_80:20_Log_window1_ICA_95,Multilayer Perceptron,"{'module__num_units': 50, 'module__activation_func': Tanh(), 'lr': 0.1}",0.1618784964084625,0.2677930891513824,0.1290241777896881,0.4023412685873306,10.65765023231506
381,BA47_80:20_Log_window1_ICA_90,Long Short-Term Memory Network,"{'module__num_layers': 1, 'module__hidden_size': 75, 'max_epochs': 30, 'lr': 0.1, 'batch_size': 16}",0.05047702044248581,0.1918090879917145,0.06805439293384552,0.2246709158802843,6.802781671285629
382,BA47_80:20_Log_window1_ICA_95,Long Short-Term Memory Network,"{'module__num_layers': 1, 'module__hidden_size': 25, 'max_epochs': 20, 'lr': 0.1, 'batch_size': 16}",0.08821965008974075,0.2759279608726501,0.09816619008779526,0.2970179289028539,9.819843620061874
383,BA47_80:20_Log_window1_ICA_90,Convolutional neural network,{},0.1711262613534927,0.2693909704685211,0.1304136365652084,0.4136741004141941,10.70492193102837
384,BA47_80:20_Log_window1_ICA_95,Convolutional neural network,{},0.366441935300827,0.4280427098274231,0.2042174786329269,0.6053444765592786,15.7583475112915
385,BA47_80:20_MinMax_window1_KPCA_90,Linear Regressor,{},0.07767411742951694,0.2153836986181518,1.98950721425032,0.278700766826209,40.43774234951586
386,BA47_80:20_MinMax_window1_KPCA_95,Linear Regressor,{},0.07764952115077334,0.215236030499502,1.990346503979044,0.2786566366530202,40.41334656182822
387,BA47_80:20_MinMax_window1_KPCA_90,Support Vector Regressor,"{'kernel': 'rbf', 'gamma': 0.1, 'C': 1}",0.07684668928104262,0.2161931050750126,1.979394063333233,0.2772123541277384,40.66171248526608
388,BA47_80:20_MinMax_window1_KPCA_95,Support Vector Regressor,"{'kernel': 'rbf', 'gamma': 0.1, 'C': 1}",0.07685554425542217,0.2162109335367031,1.979433263754819,0.2772283251318706,40.6641442601631
389,BA47_80:20_MinMax_window1_KPCA_90,Decision Tree Regressor,"{'splitter': 'best', 'min_samples_split': 2, 'min_samples_leaf': 1, 'min_impurity_decrease': 0.1, 'max_leaf_nodes': 10, 'max_features': 'sqrt', 'max_depth': 7, 'criterion': 'friedman_mse', 'ccp_alpha': 0.0}",0.08334434966724366,0.2241160520577013,1.983259579222235,0.2886942148142974,41.56803741635998
390,BA47_80:20_MinMax_window1_KPCA_95,Decision Tree Regressor,"{'splitter': 'best', 'min_samples_split': 2, 'min_samples_leaf': 1, 'min_impurity_decrease': 0.1, 'max_leaf_nodes': 10, 'max_features': 'sqrt', 'max_depth': 7, 'criterion': 'friedman_mse', 'ccp_alpha': 0.0}",0.08331623840142535,0.2239670884467085,1.983256339906295,0.2886455237855342,41.52630468103491
391,BA47_80:20_MinMax_window1_KPCA_90,K-Neighbors Regressor,"{'weights': 'distance', 'n_neighbors': 3}",0.0757382252778251,0.2101725571181619,1.996285419296492,0.2752057871445023,39.63563458778361
392,BA47_80:20_MinMax_window1_KPCA_95,K-Neighbors Regressor,"{'weights': 'distance', 'n_neighbors': 3}",0.0763268516473237,0.21121981683709,2.000007862689052,0.2762731468082334,39.79463049757342
393,BA47_80:20_MinMax_window1_KPCA_90,Stochastic Gradient Descent Regressor,"{'tol': 0.001, 'power_t': 0.25, 'penalty': 'none', 'max_iter': 1000, 'loss': 'huber', 'learning_rate': 'adaptive', 'l1_ratio': 0.7, 'fit_intercept': True, 'eta0': 0.001, 'alpha': 0.01}",0.4092166294135924,0.5851805854804721,0.9669576870019814,0.6397004216143619,185.0265945892358
394,BA47_80:20_MinMax_window1_KPCA_95,Stochastic Gradient Descent Regressor,"{'tol': 0.001, 'power_t': 0.25, 'penalty': 'none', 'max_iter': 1000, 'loss': 'huber', 'learning_rate': 'adaptive', 'l1_ratio': 0.7, 'fit_intercept': True, 'eta0': 0.001, 'alpha': 0.01}",0.4241131909384427,0.5965876621133337,1.033344778411077,0.651239733844951,187.0492494655881
395,BA47_80:20_MinMax_window1_KPCA_90,Voting Regressor,"{'rf__n_estimators': 100, 'gb__n_estimators': 10}",0.0817388606434457,0.2204336844674062,2.015202668382321,0.2859000885684467,40.96170972969759
396,BA47_80:20_MinMax_window1_KPCA_95,Voting Regressor,"{'rf__n_estimators': 100, 'gb__n_estimators': 10}",0.08041592378196985,0.2172326090675051,2.006789542272275,0.2835770156094634,40.53304193874445
397,BA47_80:20_MinMax_window1_KPCA_90,Stacking Regressor,{'final_estimator': RandomForestRegressor(random_state=42)},0.08347151268719688,0.2300586796357965,1.972662065636879,0.2889143691255194,42.47368269166133
398,BA47_80:20_MinMax_window1_KPCA_95,Stacking Regressor,{'final_estimator': RandomForestRegressor(random_state=42)},0.08231178539478079,0.2263661839631607,1.951663122018345,0.2869003056721634,42.09190992520988
399,BA47_80:20_MinMax_window1_KPCA_90,Gradient Boosting Regressor,"{'n_estimators': 10, 'min_samples_split': 10, 'min_samples_leaf': 10, 'min_impurity_decrease': 2, 'max_leaf_nodes': 10, 'max_features': 'sqrt', 'max_depth': None, 'learning_rate': 0.05}",0.07589086045531343,0.2149633957094485,1.964357105660166,0.2754829585569921,40.54338199827327
400,BA47_80:20_MinMax_window1_KPCA_95,Gradient Boosting Regressor,"{'n_estimators': 200, 'min_samples_split': 2, 'min_samples_leaf': 10, 'min_impurity_decrease': 0, 'max_leaf_nodes': 5, 'max_features': 'log2', 'max_depth': 30, 'learning_rate': 0.1}",0.07023387993212976,0.2113856696467458,1.765572981152482,0.2650167540593042,40.50376720310435
401,BA47_80:20_MinMax_window1_KPCA_90,Random Forest Regressor,"{'n_estimators': 10, 'min_samples_split': 10, 'min_samples_leaf': 2, 'max_depth': 10}",0.08678596510361004,0.2242511995966232,2.055149721916658,0.2945945775190203,41.24373474626701
402,BA47_80:20_MinMax_window1_KPCA_95,Random Forest Regressor,"{'n_estimators': 10, 'min_samples_split': 10, 'min_samples_leaf': 2, 'max_depth': 10}",0.08773195763331151,0.2250543918680404,2.088397895591448,0.2961958096147066,41.2399338482146
403,BA47_80:20_MinMax_window1_KPCA_90,AdaBoostRegressor,"{'n_estimators': 50, 'loss': 'exponential', 'learning_rate': 0.01}",0.08618118884278987,0.230958046936542,1.995134908143589,0.293566327842261,42.38909862456723
404,BA47_80:20_MinMax_window1_KPCA_95,AdaBoostRegressor,"{'n_estimators': 50, 'loss': 'linear', 'learning_rate': 0.01}",0.08722752566830616,0.2286666624767333,2.034770221612754,0.2953430643646574,41.92583025041651
405,BA47_80:20_MinMax_window1_KPCA_90,BaggingRegressor,"{'n_estimators': 80, 'max_samples': 0.7000000000000001, 'max_features': 0.1}",0.07369004911746731,0.2164534113007825,1.837700919216441,0.2714591113178323,41.06977617746526
406,BA47_80:20_MinMax_window1_KPCA_95,BaggingRegressor,"{'n_estimators': 30, 'max_samples': 0.9, 'max_features': 0.7000000000000001}",0.07989409942971107,0.218712903898012,1.99763117333782,0.2826554429507966,40.77850256772806
407,BA47_80:20_MinMax_window1_KPCA_90,ExtraTreesRegressor,"{'n_estimators': 50, 'min_samples_split': 10, 'min_samples_leaf': 1, 'max_depth': 30}",0.07897141157264073,0.2157404586470242,2.017256442015873,0.2810185253193119,40.37000415669752
408,BA47_80:20_MinMax_window1_KPCA_95,ExtraTreesRegressor,"{'n_estimators': 50, 'min_samples_split': 10, 'min_samples_leaf': 1, 'max_depth': 30}",0.08044836545225124,0.2179484315186059,2.042649813272501,0.2836342106521201,40.60014701803393
409,BA47_80:20_MinMax_window1_KPCA_90,XGBoost Regressor,"{'subsample': 1.0, 'reg_lambda': 0, 'reg_alpha': 1.0, 'n_estimators': 700, 'min_child_weight': 1, 'max_depth': 9, 'learning_rate': 0.01, 'gamma': 0.3, 'colsample_bytree': 0.8}",0.07589086679897702,0.2149634039079189,1.964357206175213,0.2754829700707052,40.5433827900623
410,BA47_80:20_MinMax_window1_KPCA_95,XGBoost Regressor,"{'subsample': 1.0, 'reg_lambda': 0, 'reg_alpha': 1.0, 'n_estimators': 700, 'min_child_weight': 1, 'max_depth': 9, 'learning_rate': 0.01, 'gamma': 0.3, 'colsample_bytree': 0.8}",0.07589086679897702,0.2149634039079189,1.964357206175213,0.2754829700707052,40.5433827900623
411,BA47_80:20_MinMax_window1_KPCA_90,Multilayer Perceptron,"{'module__num_units': 20, 'module__activation_func': Tanh(), 'lr': 0.1}",0.08849582821130753,0.2361167520284653,1.871461033821106,0.2974824838730972,44.24431025981903
412,BA47_80:20_MinMax_window1_KPCA_95,Multilayer Perceptron,"{'module__num_units': 10, 'module__activation_func': Tanh(), 'lr': 0.02}",0.07725133746862411,0.223988339304924,1.529508113861084,0.2779412482317515,44.394251704216
413,BA47_80:20_MinMax_window1_KPCA_90,Long Short-Term Memory Network,"{'module__num_layers': 1, 'module__hidden_size': 75, 'max_epochs': 30, 'lr': 0.1, 'batch_size': 16}",0.0939922034740448,0.2247350364923477,1.184946894645691,0.3065814793395791,38.52777481079102
414,BA47_80:20_MinMax_window1_KPCA_95,Long Short-Term Memory Network,"{'module__num_layers': 1, 'module__hidden_size': 25, 'max_epochs': 20, 'lr': 0.1, 'batch_size': 16}",0.08705775439739227,0.2234603017568588,1.048561453819275,0.2950555107050066,43.45653355121613
415,BA47_80:20_MinMax_window1_KPCA_90,Convolutional neural network,{},0.4372275769710541,0.5930150747299194,1.119748830795288,0.6612318632454535,164.3237590789795
416,BA47_80:20_MinMax_window1_KPCA_95,Convolutional neural network,{},0.1839569658041,0.3627795577049255,1.189369082450867,0.4289020468639664,85.72765588760376
417,BA47_70:30_MinMax_window1_KPCA_90,Linear Regressor,{},0.06283732449638973,0.1662601788373904,2.094275137346886,0.250673741138536,33.07501621607687
418,BA47_70:30_MinMax_window1_KPCA_95,Linear Regressor,{},0.06795851687705742,0.1705104905905322,2.167876522684112,0.2606885438162894,33.4175872033243
419,BA47_70:30_MinMax_window1_KPCA_90,Support Vector Regressor,"{'kernel': 'linear', 'gamma': 1, 'C': 100}",0.05944139690193784,0.1765215458328015,1.959215855311293,0.2438060641205174,35.07273634972247
420,BA47_70:30_MinMax_window1_KPCA_95,Support Vector Regressor,"{'kernel': 'rbf', 'gamma': 0.0001, 'C': 1}",0.07764993216637825,0.1826639427116249,2.307678406212043,0.2786573741467795,34.8660340978951
421,BA47_70:30_MinMax_window1_KPCA_90,Decision Tree Regressor,"{'splitter': 'best', 'min_samples_split': 10, 'min_samples_leaf': 2, 'min_impurity_decrease': 0.01, 'max_leaf_nodes': 20, 'max_features': None, 'max_depth': 14, 'criterion': 'friedman_mse', 'ccp_alpha': 0.0}",0.1113066078928587,0.2159256276245285,2.546747322740567,0.3336264496302094,37.87053020733035
422,BA47_70:30_MinMax_window1_KPCA_95,Decision Tree Regressor,"{'splitter': 'best', 'min_samples_split': 10, 'min_samples_leaf': 2, 'min_impurity_decrease': 0.01, 'max_leaf_nodes': 20, 'max_features': None, 'max_depth': 14, 'criterion': 'friedman_mse', 'ccp_alpha': 0.0}",0.1119633256082257,0.2230506558821913,2.55925377300787,0.3346092132745685,38.75738131110202
423,BA47_70:30_MinMax_window1_KPCA_90,K-Neighbors Regressor,"{'weights': 'distance', 'n_neighbors': 6}",0.07398728342864792,0.1779828682174989,2.263934797686773,0.2720060356474612,34.28042691244022
424,BA47_70:30_MinMax_window1_KPCA_95,K-Neighbors Regressor,"{'weights': 'uniform', 'n_neighbors': 2}",0.08251699228817143,0.1885018426375823,2.358915193814588,0.2872577105808849,35.42532845818274
425,BA47_70:30_MinMax_window1_KPCA_90,Stochastic Gradient Descent Regressor,"{'tol': 0.001, 'power_t': 0.25, 'penalty': 'none', 'max_iter': 1000, 'loss': 'huber', 'learning_rate': 'adaptive', 'l1_ratio': 0.7, 'fit_intercept': True, 'eta0': 0.001, 'alpha': 0.01}",57.04727352388323,6.528044970548156,22.67482735245115,7.552964552007591,171.4634630019324
426,BA47_70:30_MinMax_window1_KPCA_95,Stochastic Gradient Descent Regressor,"{'tol': 1e-05, 'power_t': 0.75, 'penalty': 'l1', 'max_iter': 1000, 'loss': 'huber', 'learning_rate': 'invscaling', 'l1_ratio': 0, 'fit_intercept': True, 'eta0': 0.01, 'alpha': 0.01}",0.321663618152657,0.503196279795189,1.177408724785653,0.567153963357973,126.3753488435417
427,BA47_70:30_MinMax_window1_KPCA_90,Voting Regressor,"{'rf__n_estimators': 10, 'gb__n_estimators': 100}",0.07963147539351006,0.1801741421529434,2.28736318437162,0.2821904948674035,34.18592962808889
428,BA47_70:30_MinMax_window1_KPCA_95,Voting Regressor,"{'rf__n_estimators': 200, 'gb__n_estimators': 200}",0.08536449244007495,0.1884682371524556,2.372113845058515,0.2921720254235079,34.9032743634439
429,BA47_70:30_MinMax_window1_KPCA_90,Stacking Regressor,{'final_estimator': LinearSVR(random_state=42)},0.07630192656413227,0.2077661734707607,2.210961058453662,0.276228033631875,39.37801673921883
430,BA47_70:30_MinMax_window1_KPCA_95,Stacking Regressor,{'final_estimator': LinearSVR(random_state=42)},0.07187830768192523,0.1819240890749896,2.1929434018389,0.268101301156718,35.13721099089352
431,BA47_70:30_MinMax_window1_KPCA_90,Gradient Boosting Regressor,"{'n_estimators': 50, 'min_samples_split': 2, 'min_samples_leaf': 2, 'min_impurity_decrease': 0, 'max_leaf_nodes': 15, 'max_features': 'log2', 'max_depth': 20, 'learning_rate': 0.05}",0.08325397348172775,0.1870412435023257,2.344573692932179,0.2885376465588637,35.10654496841562
432,BA47_70:30_MinMax_window1_KPCA_95,Gradient Boosting Regressor,"{'n_estimators': 50, 'min_samples_split': 2, 'min_samples_leaf': 2, 'min_impurity_decrease': 0, 'max_leaf_nodes': 15, 'max_features': 'log2', 'max_depth': 20, 'learning_rate': 0.05}",0.08642413122027513,0.1962485974464824,2.411383052921505,0.293979814307505,36.35987148985193
433,BA47_70:30_MinMax_window1_KPCA_90,Random Forest Regressor,"{'n_estimators': 10, 'min_samples_split': 2, 'min_samples_leaf': 2, 'max_depth': None}",0.08996047691909916,0.1902638282405866,2.401834286830535,0.2999341209650865,35.1135674972119
434,BA47_70:30_MinMax_window1_KPCA_95,Random Forest Regressor,"{'n_estimators': 100, 'min_samples_split': 5, 'min_samples_leaf': 2, 'max_depth': None}",0.09518964242108163,0.1990040112262906,2.447203355672223,0.3085281874012189,35.99418565201509
435,BA47_70:30_MinMax_window1_KPCA_90,AdaBoostRegressor,"{'n_estimators': 50, 'loss': 'linear', 'learning_rate': 0.01}",0.09400386662220324,0.1954866544546707,2.382427410340749,0.306600500035801,35.74037450373147
436,BA47_70:30_MinMax_window1_KPCA_95,AdaBoostRegressor,"{'n_estimators': 100, 'loss': 'linear', 'learning_rate': 0.1}",0.09866409326978871,0.2038859073933868,2.457635353623885,0.3141084100589934,36.60093028167358
437,BA47_70:30_MinMax_window1_KPCA_90,BaggingRegressor,"{'n_estimators': 50, 'max_samples': 0.7000000000000001, 'max_features': 0.9}",0.08244918983185202,0.1869087641768678,2.349067460432999,0.2871396695544731,35.06761692280677
438,BA47_70:30_MinMax_window1_KPCA_95,BaggingRegressor,"{'n_estimators': 50, 'max_samples': 0.7000000000000001, 'max_features': 0.9}",0.09243104007664221,0.1978012307828905,2.45632894693148,0.3040247359618,36.06420164207208
439,BA47_70:30_MinMax_window1_KPCA_90,ExtraTreesRegressor,"{'n_estimators': 100, 'min_samples_split': 5, 'min_samples_leaf': 2, 'max_depth': None}",0.0766937255907062,0.1744206755658221,2.286443083056775,0.2769363204614126,33.27843450862208
440,BA47_70:30_MinMax_window1_KPCA_95,ExtraTreesRegressor,"{'n_estimators': 10, 'min_samples_split': 10, 'min_samples_leaf': 2, 'max_depth': 10}",0.07964656409163232,0.1795464204105365,2.364193255953857,0.2822172285521072,34.03873698586386
441,BA47_70:30_MinMax_window1_KPCA_90,XGBoost Regressor,"{'subsample': 0.9, 'reg_lambda': 1.0, 'reg_alpha': 0, 'n_estimators': 100, 'min_child_weight': 5, 'max_depth': 3, 'learning_rate': 0.1, 'gamma': 0.2, 'colsample_bytree': 1.0}",0.07547616361874404,0.1915471461987928,2.2192071335707,0.2747292551199162,36.39579914374475
442,BA47_70:30_MinMax_window1_KPCA_95,XGBoost Regressor,"{'subsample': 0.9, 'reg_lambda': 0.1, 'reg_alpha': 0.5, 'n_estimators': 600, 'min_child_weight': 5, 'max_depth': 10, 'learning_rate': 0.1, 'gamma': 0.1, 'colsample_bytree': 0.7}",0.07444098613751673,0.1913608481270397,2.208268829193527,0.2728387548306082,36.49516693386032
443,BA47_70:30_MinMax_window1_KPCA_90,Multilayer Perceptron,"{'module__num_units': 10, 'module__activation_func': Tanh(), 'lr': 0.02}",0.138666957616806,0.2884428203105927,1.368013978004456,0.3723801251635297,69.65267658233643
444,BA47_70:30_MinMax_window1_KPCA_95,Multilayer Perceptron,"{'module__num_units': 20, 'module__activation_func': Tanh(), 'lr': 0.1}",0.08022181689739227,0.2112008184194565,2.006562232971191,0.2832345616223279,45.91991603374481
445,BA47_70:30_MinMax_window1_KPCA_90,Long Short-Term Memory Network,"{'module__num_layers': 1, 'module__hidden_size': 25, 'max_epochs': 10, 'lr': 0.01, 'batch_size': 16}",0.1249544993042946,0.3039100170135498,0.950634777545929,0.3534890370355134,70.59270739555359
446,BA47_70:30_MinMax_window1_KPCA_95,Long Short-Term Memory Network,"{'module__num_layers': 1, 'module__hidden_size': 75, 'max_epochs': 30, 'lr': 0.1, 'batch_size': 16}",0.06059855222702026,0.1611174643039703,1.083807945251465,0.2461677318964049,29.42017912864685
447,BA47_70:30_MinMax_window1_KPCA_90,Convolutional neural network,{},9678.228515625,73.49742126464844,471.6255493164062,98.37798796288223,192.1769499778748
448,BA47_70:30_MinMax_window1_KPCA_95,Convolutional neural network,{},0.7102504968643188,0.5693547129631042,1.90186607837677,0.8427636067512163,94.20166015625
449,BA47_60:40_MinMax_window1_KPCA_90,Linear Regressor,{},0.06169266861625795,0.153835064247155,2.164087916067711,0.2483800890092802,31.98737326905768
450,BA47_60:40_MinMax_window1_KPCA_95,Linear Regressor,{},0.0588596298102896,0.1627785331762579,2.082098442783918,0.2426100364995018,32.98494784478724
451,BA47_60:40_MinMax_window1_KPCA_90,Support Vector Regressor,"{'kernel': 'rbf', 'gamma': 0.001, 'C': 1}",0.06037275856271687,0.156778565953851,2.080153981473095,0.2457086863802679,30.9989462645431
452,BA47_60:40_MinMax_window1_KPCA_95,Support Vector Regressor,"{'kernel': 'rbf', 'gamma': 0.0001, 'C': 1}",0.06602373205452469,0.1831380967132786,2.150445969275253,0.2569508358704534,35.6546327719328
453,BA47_60:40_MinMax_window1_KPCA_90,Decision Tree Regressor,"{'splitter': 'random', 'min_samples_split': 5, 'min_samples_leaf': 4, 'min_impurity_decrease': 0.01, 'max_leaf_nodes': 70, 'max_features': 'log2', 'max_depth': 16, 'criterion': 'friedman_mse', 'ccp_alpha': 0.0}",0.0744188291555954,0.19449979685454,2.075348777058906,0.2727981472730256,37.20979386329391
454,BA47_60:40_MinMax_window1_KPCA_95,Decision Tree Regressor,"{'splitter': 'best', 'min_samples_split': 10, 'min_samples_leaf': 2, 'min_impurity_decrease': 0.01, 'max_leaf_nodes': 20, 'max_features': None, 'max_depth': 14, 'criterion': 'friedman_mse', 'ccp_alpha': 0.0}",0.09018555127184806,0.1853385780457864,2.554202658213083,0.3003090928890567,33.59122435340475
455,BA47_60:40_MinMax_window1_KPCA_90,K-Neighbors Regressor,"{'weights': 'distance', 'n_neighbors': 2}",0.06481769611695724,0.1457488800057096,2.001262381791752,0.2545931973108418,28.64755987347245
456,BA47_60:40_MinMax_window1_KPCA_95,K-Neighbors Regressor,"{'weights': 'uniform', 'n_neighbors': 2}",0.07684730063798138,0.1692769475074478,2.156219995217369,0.2772134568125822,31.51033330553034
457,BA47_60:40_MinMax_window1_KPCA_90,Stochastic Gradient Descent Regressor,"{'tol': 1e-05, 'power_t': 0.5, 'penalty': 'l2', 'max_iter': 3000, 'loss': 'squared_epsilon_insensitive', 'learning_rate': 'adaptive', 'l1_ratio': 1, 'fit_intercept': False, 'eta0': 0.1, 'alpha': 1}",0.3947416511073883,0.5901225037744507,1.133653262004279,0.6282846895376237,164.577163830831
458,BA47_60:40_MinMax_window1_KPCA_95,Stochastic Gradient Descent Regressor,"{'tol': 0.0001, 'power_t': 0.5, 'penalty': 'l1', 'max_iter': 1000, 'loss': 'squared_loss', 'learning_rate': 'adaptive', 'l1_ratio': 0.15, 'fit_intercept': True, 'eta0': 0.001, 'alpha': 0.001}",0.05535545891899473,0.1587086438421614,2.002738903462764,0.2352774084330978,32.86857705274599
459,BA47_60:40_MinMax_window1_KPCA_90,Voting Regressor,"{'rf__n_estimators': 10, 'gb__n_estimators': 100}",0.06229022517413649,0.1482864255431348,2.240911555097826,0.2495800977124107,30.09405144068408
460,BA47_60:40_MinMax_window1_KPCA_95,Voting Regressor,"{'rf__n_estimators': 10, 'gb__n_estimators': 100}",0.06231353346056387,0.1546282410626998,2.265566393149162,0.2496267883472522,30.1064966027312
461,BA47_60:40_MinMax_window1_KPCA_90,Stacking Regressor,{'final_estimator': LinearSVR(random_state=42)},0.1033774173730206,0.2641820422753459,1.947414065028084,0.3215235875842092,48.20417070931921
462,BA47_60:40_MinMax_window1_KPCA_95,Stacking Regressor,{'final_estimator': LinearSVR(random_state=42)},0.06077388839321395,0.1809469144139687,2.111665492841754,0.2465236061581405,35.55806151530223
463,BA47_60:40_MinMax_window1_KPCA_90,Gradient Boosting Regressor,"{'n_estimators': 50, 'min_samples_split': 2, 'min_samples_leaf': 2, 'min_impurity_decrease': 0, 'max_leaf_nodes': 15, 'max_features': 'log2', 'max_depth': 20, 'learning_rate': 0.05}",0.06402039520372269,0.1532685870359147,2.19899182162939,0.2530225191632608,30.50181463777772
464,BA47_60:40_MinMax_window1_KPCA_95,Gradient Boosting Regressor,"{'n_estimators': 100, 'min_samples_split': 2, 'min_samples_leaf': 2, 'min_impurity_decrease': 0, 'max_leaf_nodes': 20, 'max_features': 'sqrt', 'max_depth': 30, 'learning_rate': 0.5}",0.08679565855377319,0.1848105085894279,2.553479706604655,0.2946110292466546,33.48729996512908
465,BA47_60:40_MinMax_window1_KPCA_90,Random Forest Regressor,"{'n_estimators': 10, 'min_samples_split': 10, 'min_samples_leaf': 2, 'max_depth': 10}",0.06944425833844815,0.1642002793758206,2.31375597599786,0.2635227852358277,32.1730654429017
466,BA47_60:40_MinMax_window1_KPCA_95,Random Forest Regressor,"{'n_estimators': 10, 'min_samples_split': 10, 'min_samples_leaf': 2, 'max_depth': 10}",0.06776808801625549,0.1602145022740267,2.323447509903488,0.2603230454958905,30.52924544936695
467,BA47_60:40_MinMax_window1_KPCA_90,AdaBoostRegressor,"{'n_estimators': 400, 'loss': 'square', 'learning_rate': 1.0}",0.08169676132018346,0.1799493600381051,2.462024206161168,0.2858264531497801,33.11688754694541
468,BA47_60:40_MinMax_window1_KPCA_95,AdaBoostRegressor,"{'n_estimators': 250, 'loss': 'linear', 'learning_rate': 0.1}",0.0779976362139916,0.1723671781200561,2.431783136257381,0.2792805689875176,31.20871714455137
469,BA47_60:40_MinMax_window1_KPCA_90,BaggingRegressor,"{'n_estimators': 100, 'max_samples': 1.0, 'max_features': 0.6}",0.06266299050495149,0.1584041820257993,2.231573011218731,0.2503257687593339,31.46794866695923
470,BA47_60:40_MinMax_window1_KPCA_95,BaggingRegressor,"{'n_estimators': 30, 'max_samples': 0.9, 'max_features': 0.7000000000000001}",0.06823567692323299,0.1716004726117664,2.304478113980618,0.2612195952129797,32.68824576277496
471,BA47_60:40_MinMax_window1_KPCA_90,ExtraTreesRegressor,"{'n_estimators': 100, 'min_samples_split': 5, 'min_samples_leaf': 2, 'max_depth': None}",0.06121671652158466,0.1519226630262273,2.218847960869953,0.2474201214969887,30.57819874627216
472,BA47_60:40_MinMax_window1_KPCA_95,ExtraTreesRegressor,"{'n_estimators': 10, 'min_samples_split': 2, 'min_samples_leaf': 2, 'max_depth': None}",0.06791765150632993,0.1611430550668647,2.33182030977552,0.2606101523470065,31.02302818680546
473,BA47_60:40_MinMax_window1_KPCA_90,XGBoost Regressor,"{'subsample': 0.7, 'reg_lambda': 1.0, 'reg_alpha': 0.1, 'n_estimators': 200, 'min_child_weight': 5, 'max_depth': 6, 'learning_rate': 0.2, 'gamma': 0.1, 'colsample_bytree': 0.7}",0.06974438937763086,0.1651914926755352,2.279905791989298,0.2640916306466959,32.91943899776534
474,BA47_60:40_MinMax_window1_KPCA_95,XGBoost Regressor,"{'subsample': 0.9, 'reg_lambda': 1.0, 'reg_alpha': 0, 'n_estimators': 100, 'min_child_weight': 5, 'max_depth': 3, 'learning_rate': 0.1, 'gamma': 0.2, 'colsample_bytree': 1.0}",0.06134704416653895,0.1653764913566044,2.239845319984642,0.2476833546416451,32.22622782468478
475,BA47_60:40_MinMax_window1_KPCA_90,Multilayer Perceptron,"{'module__num_units': 50, 'module__activation_func': Tanh(), 'lr': 0.1}",0.07452015578746796,0.1887997388839722,2.269115686416626,0.2729838013279688,35.52134931087494
476,BA47_60:40_MinMax_window1_KPCA_95,Multilayer Perceptron,"{'module__num_units': 20, 'module__activation_func': ReLU(), 'lr': 0.1}",0.09561394900083542,0.2154379189014435,2.361418724060059,0.3092150529984519,39.19455111026764
477,BA47_60:40_MinMax_window1_KPCA_90,Long Short-Term Memory Network,"{'module__num_layers': 1, 'module__hidden_size': 25, 'max_epochs': 20, 'lr': 0.1, 'batch_size': 16}",0.0791177749633789,0.1938105523586273,1.002880811691284,0.2812788206804396,33.1663966178894
478,BA47_60:40_MinMax_window1_KPCA_95,Long Short-Term Memory Network,"{'module__num_layers': 1, 'module__hidden_size': 75, 'max_epochs': 30, 'lr': 0.1, 'batch_size': 16}",0.05975526943802834,0.1481008678674698,0.9820802807807922,0.2444489096683156,27.36742794513702
479,BA47_60:40_MinMax_window1_KPCA_90,Convolutional neural network,{},0.3521082103252411,0.4298836886882782,3.051149368286133,0.5933870661930888,58.95538926124573
480,BA47_60:40_MinMax_window1_KPCA_95,Convolutional neural network,{},0.1082409098744392,0.2421243935823441,2.373373746871948,0.3289998630310342,43.5040682554245
481,BA47_80:20_Log_window1_KPCA_90,Linear Regressor,{},0.6819111179205247,0.3907090074998665,0.6102042502153687,0.8257790975318549,19.80595941095279
482,BA47_80:20_Log_window1_KPCA_95,Linear Regressor,{},0.7062605902349544,0.3782463967698612,0.6251632461679436,0.8403931164847522,19.2893579027579
483,BA47_80:20_Log_window1_KPCA_90,Support Vector Regressor,"{'kernel': 'rbf', 'gamma': 0.0001, 'C': 1}",0.7860942141390392,0.4595399367519791,0.6620717589517617,0.8866195430617573,22.30179409789973
484,BA47_80:20_Log_window1_KPCA_95,Support Vector Regressor,"{'kernel': 'rbf', 'gamma': 0.001, 'C': 1}",0.7955769341001785,0.4527600955901137,0.6648323880047439,0.8919511949093283,21.99139434042453
485,BA47_80:20_Log_window1_KPCA_90,Decision Tree Regressor,"{'splitter': 'best', 'min_samples_split': 5, 'min_samples_leaf': 2, 'min_impurity_decrease': 1.0, 'max_leaf_nodes': 30, 'max_features': 'sqrt', 'max_depth': 11, 'criterion': 'friedman_mse', 'ccp_alpha': 0.0}",0.8367088555064947,0.5052320471069482,0.6841474433915881,0.9147179103453122,23.97553499016742
486,BA47_80:20_Log_window1_KPCA_95,Decision Tree Regressor,"{'splitter': 'best', 'min_samples_split': 5, 'min_samples_leaf': 4, 'min_impurity_decrease': 0.1, 'max_leaf_nodes': 90, 'max_features': None, 'max_depth': 26, 'criterion': 'mae', 'ccp_alpha': 0.0}",0.774834050773481,0.489673810659532,0.6588926423717774,0.8802465852097814,23.50777126099691
487,BA47_80:20_Log_window1_KPCA_90,K-Neighbors Regressor,"{'weights': 'distance', 'n_neighbors': 8}",0.7243778987450123,0.4356580727226438,0.62531484424447,0.8511039294616213,21.52696045435741
488,BA47_80:20_Log_window1_KPCA_95,K-Neighbors Regressor,"{'weights': 'distance', 'n_neighbors': 8}",0.7214313595070738,0.4319331797774218,0.6371793763732655,0.8493711553302677,21.37534018498091
489,BA47_80:20_Log_window1_KPCA_90,Stochastic Gradient Descent Regressor,"{'tol': 1e-05, 'power_t': 0.75, 'penalty': 'l1', 'max_iter': 1000, 'loss': 'huber', 'learning_rate': 'invscaling', 'l1_ratio': 0, 'fit_intercept': True, 'eta0': 0.01, 'alpha': 0.01}",7.450042462277611,2.622319007389794,1.094643276102434,2.729476591267566,182.2661389747153
490,BA47_80:20_Log_window1_KPCA_95,Stochastic Gradient Descent Regressor,"{'tol': 0.0001, 'power_t': 0.5, 'penalty': 'l1', 'max_iter': 1000, 'loss': 'squared_loss', 'learning_rate': 'adaptive', 'l1_ratio': 0.15, 'fit_intercept': True, 'eta0': 0.001, 'alpha': 0.001}",0.6696374856412776,0.3954921153748726,0.6134259180980985,0.8183138063367119,20.12195965359852
491,BA47_80:20_Log_window1_KPCA_90,Voting Regressor,"{'rf__n_estimators': 10, 'gb__n_estimators': 100}",0.7744847223040554,0.405526402997754,0.6420501408614893,0.8800481363562197,20.13337005754142
492,BA47_80:20_Log_window1_KPCA_95,Voting Regressor,"{'rf__n_estimators': 10, 'gb__n_estimators': 10}",0.7456859350469427,0.4164403270434652,0.6293192698650478,0.8635310851654054,20.73748510890637
493,BA47_80:20_Log_window1_KPCA_90,Stacking Regressor,{'final_estimator': GradientBoostingRegressor(random_state=42)},0.930624872358748,0.5156106829081213,0.7123270985641471,0.9646890029220547,23.87946612600044
494,BA47_80:20_Log_window1_KPCA_95,Stacking Regressor,{'final_estimator': RandomForestRegressor(random_state=42)},0.7325048353099456,0.5223286772544793,0.6020099676381397,0.8558649632447548,25.30724513885542
495,BA47_80:20_Log_window1_KPCA_90,Gradient Boosting Regressor,"{'n_estimators': 10, 'min_samples_split': 5, 'min_samples_leaf': 5, 'min_impurity_decrease': 1, 'max_leaf_nodes': 20, 'max_features': 'log2', 'max_depth': 10, 'learning_rate': 0.1}",0.7654068046741966,0.4520664310822353,0.6483598021688509,0.8748753080720685,22.05424734793423
496,BA47_80:20_Log_window1_KPCA_95,Gradient Boosting Regressor,"{'n_estimators': 200, 'min_samples_split': 2, 'min_samples_leaf': 10, 'min_impurity_decrease': 0, 'max_leaf_nodes': 5, 'max_features': 'log2', 'max_depth': 30, 'learning_rate': 0.1}",0.7995533450592808,0.4487743231334594,0.6618913179018399,0.8941774684363729,21.62080698441242
497,BA47_80:20_Log_window1_KPCA_90,Random Forest Regressor,"{'n_estimators': 50, 'min_samples_split': 2, 'min_samples_leaf': 4, 'max_depth': 20}",0.8018851484635103,0.4208940953419588,0.6525987614612958,0.8954804009376812,20.65430825227211
498,BA47_80:20_Log_window1_KPCA_95,Random Forest Regressor,"{'n_estimators': 50, 'min_samples_split': 2, 'min_samples_leaf': 4, 'max_depth': 20}",0.8029894146744031,0.4269942754399529,0.6516266616417413,0.8960967663564037,20.88120051179763
499,BA47_80:20_Log_window1_KPCA_90,AdaBoostRegressor,"{'n_estimators': 50, 'loss': 'exponential', 'learning_rate': 0.01}",0.853509300671564,0.4462958913398846,0.6731642378880841,0.9238556709094576,21.43095058661911
500,BA47_80:20_Log_window1_KPCA_95,AdaBoostRegressor,"{'n_estimators': 250, 'loss': 'linear', 'learning_rate': 0.01}",0.8481779965267419,0.4551021463964636,0.6674147637459017,0.920965795524862,21.76120336262088
501,BA47_80:20_Log_window1_KPCA_90,BaggingRegressor,"{'n_estimators': 60, 'max_samples': 0.6, 'max_features': 0.5}",0.7610901117690646,0.4243922525443983,0.6403533354183808,0.8724047866495602,20.98926844086608
502,BA47_80:20_Log_window1_KPCA_95,BaggingRegressor,"{'n_estimators': 80, 'max_samples': 0.7000000000000001, 'max_features': 0.1}",0.733911397586541,0.4488988896264138,0.6476629674246358,0.8566862888984165,22.05188116543506
503,BA47_80:20_Log_window1_KPCA_90,ExtraTreesRegressor,"{'n_estimators': 50, 'min_samples_split': 2, 'min_samples_leaf': 4, 'max_depth': 20}",0.7409073707887126,0.4059175759538358,0.6333463255593572,0.8607597636906087,20.34088683792217
504,BA47_80:20_Log_window1_KPCA_95,ExtraTreesRegressor,"{'n_estimators': 10, 'min_samples_split': 2, 'min_samples_leaf': 4, 'max_depth': 30}",0.7832602134018953,0.4049255059219271,0.6566846039734119,0.8850198943537345,20.10733145244489
505,BA47_80:20_Log_window1_KPCA_90,XGBoost Regressor,"{'subsample': 0.9, 'reg_lambda': 0, 'reg_alpha': 0.1, 'n_estimators': 400, 'min_child_weight': 5, 'max_depth': 9, 'learning_rate': 0.01, 'gamma': 0.2, 'colsample_bytree': 0.9}",0.7838252240448454,0.4196289723706074,0.6487996907303354,0.8853390446856195,20.69911166108254
506,BA47_80:20_Log_window1_KPCA_95,XGBoost Regressor,"{'subsample': 0.9, 'reg_lambda': 0.1, 'reg_alpha': 0.5, 'n_estimators': 600, 'min_child_weight': 5, 'max_depth': 10, 'learning_rate': 0.1, 'gamma': 0.1, 'colsample_bytree': 0.7}",0.7301891364785598,0.4138441693008132,0.6230405268395754,0.8545110511155253,20.67678108705141
507,BA47_80:20_Log_window1_KPCA_90,Multilayer Perceptron,"{'module__num_units': 10, 'module__activation_func': ReLU(), 'lr': 0.1}",0.8110418915748596,0.5369628667831421,0.6838329434394836,0.9005786426375321,25.25351643562317
508,BA47_80:20_Log_window1_KPCA_95,Multilayer Perceptron,"{'module__num_units': 20, 'module__activation_func': Tanh(), 'lr': 0.1}",0.8213116526603699,0.4616225957870483,0.6858949661254883,0.9062624634510523,22.19390720129013
509,BA47_80:20_Log_window1_KPCA_90,Long Short-Term Memory Network,"{'module__num_layers': 1, 'module__hidden_size': 25, 'max_epochs': 20, 'lr': 0.1, 'batch_size': 16}",0.5229633450508118,0.391787201166153,0.5852138996124268,0.7231620461907634,17.90086477994919
510,BA47_80:20_Log_window1_KPCA_95,Long Short-Term Memory Network,"{'module__num_layers': 1, 'module__hidden_size': 25, 'max_epochs': 20, 'lr': 0.1, 'batch_size': 16}",0.6874518990516663,0.5318166613578796,0.6605168581008911,0.8291271911182664,22.61963039636612
511,BA47_80:20_Log_window1_KPCA_90,Convolutional neural network,{},1.36987566947937,0.7334599494934082,0.8991647362709045,1.170416878500721,29.87947165966034
512,BA47_80:20_Log_window1_KPCA_95,Convolutional neural network,{},1.179203748703003,0.6548197865486145,0.8192229866981506,1.08591148290411,27.86847949028015
513,BA47_70:30_Log_window1_KPCA_90,Linear Regressor,{},0.698651742303974,0.381819209707241,0.6493021168711317,0.8358539000949712,19.70142286297624
514,BA47_70:30_Log_window1_KPCA_95,Linear Regressor,{},0.7528317321907791,0.3873358990026414,0.6714149430986102,0.8676587648325689,19.71944862794596
515,BA47_70:30_Log_window1_KPCA_90,Support Vector Regressor,"{'kernel': 'rbf', 'gamma': 0.0001, 'C': 1}",0.7799654922351524,0.3763915378532433,0.6702585536344448,0.883156550241888,19.23642198924139
516,BA47_70:30_Log_window1_KPCA_95,Support Vector Regressor,"{'kernel': 'rbf', 'gamma': 0.001, 'C': 1}",0.8217785712188838,0.3957646294974878,0.6906115723471701,0.9065200335452515,19.8597075207998
517,BA47_70:30_Log_window1_KPCA_90,Decision Tree Regressor,"{'splitter': 'best', 'min_samples_split': 5, 'min_samples_leaf': 2, 'min_impurity_decrease': 1.0, 'max_leaf_nodes': 50, 'max_features': 'auto', 'max_depth': 32, 'criterion': 'mae', 'ccp_alpha': 1.0}",0.8105062543808967,0.4986723995204913,0.6866979874750219,0.9002812085014863,24.00838771843201
518,BA47_70:30_Log_window1_KPCA_95,Decision Tree Regressor,"{'splitter': 'best', 'min_samples_split': 5, 'min_samples_leaf': 2, 'min_impurity_decrease': 1.0, 'max_leaf_nodes': 50, 'max_features': 'auto', 'max_depth': 32, 'criterion': 'mae', 'ccp_alpha': 1.0}",0.8105062543808967,0.4986723995204913,0.6866979874750219,0.9002812085014863,24.00838771843201
519,BA47_70:30_Log_window1_KPCA_90,K-Neighbors Regressor,"{'weights': 'distance', 'n_neighbors': 2}",0.7688303223099207,0.383950842326131,0.6707839842979463,0.8768296997193472,19.48375533358766
520,BA47_70:30_Log_window1_KPCA_95,K-Neighbors Regressor,"{'weights': 'distance', 'n_neighbors': 3}",0.8311857727983919,0.4167664768977445,0.697116337174836,0.9116939030170115,20.62144934515914
521,BA47_70:30_Log_window1_KPCA_90,Stochastic Gradient Descent Regressor,"{'tol': 1e-05, 'power_t': 0.75, 'penalty': 'l1', 'max_iter': 1000, 'loss': 'huber', 'learning_rate': 'invscaling', 'l1_ratio': 0, 'fit_intercept': True, 'eta0': 0.01, 'alpha': 0.01}",6.290370478653911,2.392876197669609,0.9909970115908061,2.508061099465863,166.037078726758
522,BA47_70:30_Log_window1_KPCA_95,Stochastic Gradient Descent Regressor,"{'tol': 0.0001, 'power_t': 0.5, 'penalty': 'l1', 'max_iter': 1000, 'loss': 'squared_loss', 'learning_rate': 'adaptive', 'l1_ratio': 0.15, 'fit_intercept': True, 'eta0': 0.001, 'alpha': 0.001}",0.696287447439532,0.4171189242926747,0.6526765062794448,0.8344384024237691,21.27862373304968
523,BA47_70:30_Log_window1_KPCA_90,Voting Regressor,"{'rf__n_estimators': 10, 'gb__n_estimators': 10}",0.7105612899203079,0.3773838305991469,0.6140936676904073,0.8429479758088917,19.57018449954307
524,BA47_70:30_Log_window1_KPCA_95,Voting Regressor,"{'rf__n_estimators': 10, 'gb__n_estimators': 10}",0.7057919556862283,0.395440258935476,0.5870135094831302,0.8401142515671475,20.38537532853475
525,BA47_70:30_Log_window1_KPCA_90,Stacking Regressor,{'final_estimator': RandomForestRegressor(random_state=42)},1.067405144586655,0.7400410708391992,0.7426465801188021,1.033153011216952,35.88532974583173
526,BA47_70:30_Log_window1_KPCA_95,Stacking Regressor,{'final_estimator': GradientBoostingRegressor(random_state=42)},1.069230759000404,0.7250418672277814,0.7599066610093956,1.034036149755126,35.61294122069144
527,BA47_70:30_Log_window1_KPCA_90,Gradient Boosting Regressor,"{'n_estimators': 10, 'min_samples_split': 5, 'min_samples_leaf': 5, 'min_impurity_decrease': 1, 'max_leaf_nodes': 20, 'max_features': 'log2', 'max_depth': 10, 'learning_rate': 0.1}",0.7112960791689561,0.4441750714026826,0.631626423897631,0.8433837081476948,22.2209187755355
528,BA47_70:30_Log_window1_KPCA_95,Gradient Boosting Regressor,"{'n_estimators': 200, 'min_samples_split': 2, 'min_samples_leaf': 10, 'min_impurity_decrease': 0, 'max_leaf_nodes': 5, 'max_features': 'log2', 'max_depth': 30, 'learning_rate': 0.1}",0.7126784399201699,0.4391197840116309,0.6677616955552682,0.8442028428761478,21.7122765816437
529,BA47_70:30_Log_window1_KPCA_90,Random Forest Regressor,"{'n_estimators': 10, 'min_samples_split': 2, 'min_samples_leaf': 4, 'max_depth': 30}",0.7299444161100419,0.391510596063166,0.6161664513550332,0.8543678459013084,20.09227386318211
530,BA47_70:30_Log_window1_KPCA_95,Random Forest Regressor,"{'n_estimators': 10, 'min_samples_split': 2, 'min_samples_leaf': 2, 'max_depth': None}",0.733286082142077,0.4120905092593884,0.602156595150461,0.8563212493813738,20.99682801936813
531,BA47_70:30_Log_window1_KPCA_90,AdaBoostRegressor,"{'n_estimators': 250, 'loss': 'linear', 'learning_rate': 0.01}",0.7808056661479058,0.4216417146457531,0.6221459349256467,0.8836320875499631,21.18868748532075
532,BA47_70:30_Log_window1_KPCA_95,AdaBoostRegressor,"{'n_estimators': 50, 'loss': 'linear', 'learning_rate': 0.01}",0.7744224481538693,0.4199401939896271,0.6102714828212399,0.8800127545404495,21.16327683713061
533,BA47_70:30_Log_window1_KPCA_90,BaggingRegressor,"{'n_estimators': 80, 'max_samples': 0.7000000000000001, 'max_features': 0.1}",0.740164260582818,0.4646932493779833,0.6648273494872592,0.8603279959310972,22.9842301881101
534,BA47_70:30_Log_window1_KPCA_95,BaggingRegressor,"{'n_estimators': 80, 'max_samples': 0.7000000000000001, 'max_features': 0.1}",0.7456761400859595,0.4612382145891593,0.6710949396587195,0.8635254136885373,22.82594602379979
535,BA47_70:30_Log_window1_KPCA_90,ExtraTreesRegressor,"{'n_estimators': 50, 'min_samples_split': 2, 'min_samples_leaf': 4, 'max_depth': 20}",0.7040849232129526,0.3855584525599701,0.638524473704809,0.839097683951608,19.85900710749443
536,BA47_70:30_Log_window1_KPCA_95,ExtraTreesRegressor,"{'n_estimators': 10, 'min_samples_split': 2, 'min_samples_leaf': 2, 'max_depth': None}",0.7586958017962956,0.3889128032139726,0.6708002276121205,0.8710314585572071,19.66951566876413
537,BA47_70:30_Log_window1_KPCA_90,XGBoost Regressor,"{'subsample': 0.9, 'reg_lambda': 0.1, 'reg_alpha': 0.5, 'n_estimators': 600, 'min_child_weight': 5, 'max_depth': 10, 'learning_rate': 0.1, 'gamma': 0.1, 'colsample_bytree': 0.7}",0.7285889336599365,0.392702978739525,0.6557150839737985,0.8535742109857446,20.01337164148628
538,BA47_70:30_Log_window1_KPCA_95,XGBoost Regressor,"{'subsample': 0.9, 'reg_lambda': 1.0, 'reg_alpha': 0, 'n_estimators': 100, 'min_child_weight': 5, 'max_depth': 3, 'learning_rate': 0.1, 'gamma': 0.2, 'colsample_bytree': 1.0}",0.7749567097990572,0.4076899990831176,0.6709915342685233,0.8803162555576588,20.51513743307073
539,BA47_70:30_Log_window1_KPCA_90,Multilayer Perceptron,"{'module__num_units': 10, 'module__activation_func': ReLU(), 'lr': 0.01}",2.060857057571411,1.109172224998474,1.086931705474854,1.435568548544935,51.41626000404358
540,BA47_70:30_Log_window1_KPCA_95,Multilayer Perceptron,"{'module__num_units': 10, 'module__activation_func': ReLU(), 'lr': 0.1}",0.8207693099975586,0.5019336938858032,0.6913194060325623,0.9059631946152993,24.09219145774841
541,BA47_70:30_Log_window1_KPCA_90,Long Short-Term Memory Network,"{'module__num_layers': 1, 'module__hidden_size': 25, 'max_epochs': 20, 'lr': 0.1, 'batch_size': 16}",0.5665674805641174,0.467576801776886,0.6292051672935486,0.7527067693093489,20.52839994430542
542,BA47_70:30_Log_window1_KPCA_95,Long Short-Term Memory Network,"{'module__num_layers': 1, 'module__hidden_size': 75, 'max_epochs': 30, 'lr': 0.1, 'batch_size': 16}",0.4467674791812897,0.3528713285923004,0.5668239593505859,0.6684066720053665,16.59507006406784
543,BA47_70:30_Log_window1_KPCA_90,Convolutional neural network,{},2.344566345214844,1.140796661376953,1.132245182991028,1.531197683258058,48.62315356731415
544,BA47_70:30_Log_window1_KPCA_95,Convolutional neural network,{},1.501400828361511,0.826086163520813,1.020338773727417,1.225316623718748,34.54905152320862
545,BA47_60:40_Log_window1_KPCA_90,Linear Regressor,{},0.7475318987411079,0.4106457099233881,0.3778720605396499,0.86459927061102,20.43743879115864
546,BA47_60:40_Log_window1_KPCA_95,Linear Regressor,{},0.6418505664658002,0.3558988834202167,0.3426173384464392,0.8011557691646489,18.58565475141003
547,BA47_60:40_Log_window1_KPCA_90,Support Vector Regressor,"{'kernel': 'rbf', 'gamma': 0.001, 'C': 1}",0.8556205052520902,0.4135154822002673,0.4010707108506252,0.9249975704033445,20.09819868037857
548,BA47_60:40_Log_window1_KPCA_95,Support Vector Regressor,"{'kernel': 'rbf', 'gamma': 0.001, 'C': 1}",0.8140553634358488,0.3896671335323679,0.3867461174507294,0.9022501667696431,19.28408030118007
549,BA47_60:40_Log_window1_KPCA_90,Decision Tree Regressor,"{'splitter': 'best', 'min_samples_split': 2, 'min_samples_leaf': 1, 'min_impurity_decrease': 0.1, 'max_leaf_nodes': 10, 'max_features': 'sqrt', 'max_depth': 7, 'criterion': 'friedman_mse', 'ccp_alpha': 0.0}",0.7779080174477735,0.4197054894321403,0.3760687273524595,0.8819909395497062,21.08222668241814
550,BA47_60:40_Log_window1_KPCA_95,Decision Tree Regressor,"{'splitter': 'best', 'min_samples_split': 5, 'min_samples_leaf': 2, 'min_impurity_decrease': 1.0, 'max_leaf_nodes': 50, 'max_features': 'auto', 'max_depth': 32, 'criterion': 'mae', 'ccp_alpha': 1.0}",0.808111189700239,0.4943536064078694,0.4153011710430879,0.8989500485011606,23.4394738819784
551,BA47_60:40_Log_window1_KPCA_90,K-Neighbors Regressor,"{'weights': 'uniform', 'n_neighbors': 9}",0.7498468245441405,0.418472403217578,0.3795404773900996,0.8659369633779012,20.65060091221392
552,BA47_60:40_Log_window1_KPCA_95,K-Neighbors Regressor,"{'weights': 'uniform', 'n_neighbors': 5}",0.7075163440896468,0.3910633867431461,0.3659096501602401,0.8411399075597631,19.65134098745555
553,BA47_60:40_Log_window1_KPCA_90,Stochastic Gradient Descent Regressor,"{'tol': 0.0001, 'power_t': 0.5, 'penalty': 'l1', 'max_iter': 1000, 'loss': 'squared_loss', 'learning_rate': 'adaptive', 'l1_ratio': 0.15, 'fit_intercept': True, 'eta0': 0.001, 'alpha': 0.001}",0.7189341662098242,0.4360592551194104,0.3790469678521308,0.8478998562388275,21.68576075189157
554,BA47_60:40_Log_window1_KPCA_95,Stochastic Gradient Descent Regressor,"{'tol': 0.0001, 'power_t': 0.5, 'penalty': 'l1', 'max_iter': 1000, 'loss': 'squared_loss', 'learning_rate': 'adaptive', 'l1_ratio': 0.15, 'fit_intercept': True, 'eta0': 0.001, 'alpha': 0.001}",0.6108000192615994,0.372575974086114,0.3397662594632034,0.7815369596260944,19.54489538743037
555,BA47_60:40_Log_window1_KPCA_90,Voting Regressor,"{'rf__n_estimators': 10, 'gb__n_estimators': 10}",0.7807949213318834,0.4148218768119544,0.3864408069701071,0.8836260076140151,20.58096112460683
556,BA47_60:40_Log_window1_KPCA_95,Voting Regressor,"{'rf__n_estimators': 50, 'gb__n_estimators': 10}",0.681253397276347,0.3693436543054735,0.3528563837577098,0.8253807589690634,18.89651869161739
557,BA47_60:40_Log_window1_KPCA_90,Stacking Regressor,{'final_estimator': LinearSVR(random_state=42)},0.8433559609163713,0.4468979193019311,0.4090674925999497,0.918344140786215,21.43549362846887
558,BA47_60:40_Log_window1_KPCA_95,Stacking Regressor,{'final_estimator': RandomForestRegressor(random_state=42)},0.9368426487448,0.5968305651512215,0.4427999537570252,0.9679063222981861,28.29153245699589
559,BA47_60:40_Log_window1_KPCA_90,Gradient Boosting Regressor,"{'n_estimators': 100, 'min_samples_split': 2, 'min_samples_leaf': 2, 'min_impurity_decrease': 0, 'max_leaf_nodes': 20, 'max_features': 'sqrt', 'max_depth': 30, 'learning_rate': 0.5}",0.858624772035784,0.4116399572229176,0.3851372318186701,0.9266200796636042,19.99698448018734
560,BA47_60:40_Log_window1_KPCA_95,Gradient Boosting Regressor,"{'n_estimators': 10, 'min_samples_split': 5, 'min_samples_leaf': 5, 'min_impurity_decrease': 1, 'max_leaf_nodes': 20, 'max_features': 'log2', 'max_depth': 10, 'learning_rate': 0.1}",0.7151996616182119,0.4113225518369991,0.3733505297219868,0.8456947804132481,20.4735388861016
561,BA47_60:40_Log_window1_KPCA_90,Random Forest Regressor,"{'n_estimators': 10, 'min_samples_split': 10, 'min_samples_leaf': 2, 'max_depth': 10}",0.7903736785868699,0.4267166348670688,0.3929620235738929,0.8890296275079194,21.00927628093888
562,BA47_60:40_Log_window1_KPCA_95,Random Forest Regressor,"{'n_estimators': 10, 'min_samples_split': 10, 'min_samples_leaf': 2, 'max_depth': 10}",0.7347069890125252,0.4097471760039023,0.3748295274682893,0.8571505054612785,20.45642159249329
563,BA47_60:40_Log_window1_KPCA_90,AdaBoostRegressor,"{'n_estimators': 50, 'loss': 'exponential', 'learning_rate': 0.01}",0.8847531692744484,0.4419254898770928,0.4155970761299043,0.9406131879122513,21.44199386231113
564,BA47_60:40_Log_window1_KPCA_95,AdaBoostRegressor,"{'n_estimators': 50, 'loss': 'exponential', 'learning_rate': 0.01}",0.7983747039340092,0.4041073685405429,0.3886071321835091,0.8935181609424675,19.90544684284612
565,BA47_60:40_Log_window1_KPCA_90,BaggingRegressor,"{'n_estimators': 150, 'max_samples': 0.1, 'max_features': 1.0}",0.7412250780527001,0.4303937432347014,0.3816104962461752,0.8609442943958105,21.16177294815139
566,BA47_60:40_Log_window1_KPCA_95,BaggingRegressor,"{'n_estimators': 150, 'max_samples': 0.1, 'max_features': 1.0}",0.7241385463886972,0.4334419644422736,0.3820149606162485,0.8509633049601476,21.34487833327785
567,BA47_60:40_Log_window1_KPCA_90,ExtraTreesRegressor,"{'n_estimators': 10, 'min_samples_split': 2, 'min_samples_leaf': 4, 'max_depth': 30}",0.7095478735622136,0.4084780782094429,0.3722573956269862,0.8423466469110051,20.53258579919752
568,BA47_60:40_Log_window1_KPCA_95,ExtraTreesRegressor,"{'n_estimators': 10, 'min_samples_split': 2, 'min_samples_leaf': 4, 'max_depth': 30}",0.6869117563770227,0.3801120946398719,0.3582017867990983,0.8288013974270451,19.32190088672046
569,BA47_60:40_Log_window1_KPCA_90,XGBoost Regressor,"{'subsample': 0.9, 'reg_lambda': 1.0, 'reg_alpha': 0, 'n_estimators': 100, 'min_child_weight': 5, 'max_depth': 3, 'learning_rate': 0.1, 'gamma': 0.2, 'colsample_bytree': 1.0}",0.8658000140161828,0.4698649912530311,0.4108135311917259,0.9304837526879138,22.96978672294506
570,BA47_60:40_Log_window1_KPCA_95,XGBoost Regressor,"{'subsample': 1.0, 'reg_lambda': 0, 'reg_alpha': 1.0, 'n_estimators': 700, 'min_child_weight': 1, 'max_depth': 9, 'learning_rate': 0.01, 'gamma': 0.3, 'colsample_bytree': 0.8}",0.7249752591475657,0.4266128608330906,0.3797283616154157,0.8514547898435745,21.20117539146921
571,BA47_60:40_Log_window1_KPCA_90,Multilayer Perceptron,"{'module__num_units': 10, 'module__activation_func': ReLU(), 'lr': 0.1}",0.8410118222236633,0.5043394565582275,0.4246570467948914,0.9170669671423475,23.698490858078
572,BA47_60:40_Log_window1_KPCA_95,Multilayer Perceptron,"{'module__num_units': 20, 'module__activation_func': ReLU(), 'lr': 0.1}",0.8179122805595398,0.4939331710338593,0.4174011945724487,0.9043850289337722,23.39166104793549
573,BA47_60:40_Log_window1_KPCA_90,Long Short-Term Memory Network,"{'module__num_layers': 1, 'module__hidden_size': 75, 'max_epochs': 30, 'lr': 0.1, 'batch_size': 16}",0.4212243258953094,0.3143534958362579,0.2575844824314117,0.6490179703947414,14.39505964517593
574,BA47_60:40_Log_window1_KPCA_95,Long Short-Term Memory Network,"{'module__num_layers': 1, 'module__hidden_size': 25, 'max_epochs': 20, 'lr': 0.1, 'batch_size': 16}",0.4582341015338898,0.3559817969799042,0.2704102098941803,0.6769299088782308,15.75918793678284
575,BA47_60:40_Log_window1_KPCA_90,Convolutional neural network,{},0.8969413638114929,0.4989246726036072,0.4346426129341125,0.9470698832776243,23.31885099411011
576,BA47_60:40_Log_window1_KPCA_95,Convolutional neural network,{},0.9988182187080383,0.5375657081604004,0.4565653502941132,0.9994089346749099,24.5298445224762
577,BA47_80:20_MinMax_window1_Isomap_90,Linear Regressor,{},0.06791622915684097,0.1968269892673761,0.4044410352784266,0.2606074234492198,30.70932223405143
578,BA47_80:20_MinMax_window1_Isomap_90,Support Vector Regressor,"{'kernel': 'rbf', 'gamma': 0.0001, 'C': 1}",0.04934259570715118,0.1745735761355139,0.3473168394907299,0.2221319331099227,27.15619653392309
579,BA47_80:20_MinMax_window1_Isomap_90,Decision Tree Regressor,"{'splitter': 'best', 'min_samples_split': 5, 'min_samples_leaf': 4, 'min_impurity_decrease': 0.1, 'max_leaf_nodes': 90, 'max_features': None, 'max_depth': 26, 'criterion': 'mae', 'ccp_alpha': 0.0}",0.04844702540556579,0.174112410629967,0.3489182037358353,0.2201068499742018,27.08656660991536
580,BA47_80:20_MinMax_window1_Isomap_90,K-Neighbors Regressor,"{'weights': 'uniform', 'n_neighbors': 9}",0.06628128911259724,0.2064049427500982,0.3911189401089832,0.2574515276952095,32.48799292649755
581,BA47_80:20_MinMax_window1_Isomap_90,Stochastic Gradient Descent Regressor,"{'tol': 0.0001, 'power_t': 0.25, 'penalty': 'elasticnet', 'max_iter': 3000, 'loss': 'squared_loss', 'learning_rate': 'optimal', 'l1_ratio': 0, 'fit_intercept': True, 'eta0': 0.001, 'alpha': 1}",0.05555630363603681,0.1839551167955749,0.3553289331870787,0.2357038473085173,28.6847997657907
582,BA47_80:20_MinMax_window1_Isomap_90,Voting Regressor,"{'rf__n_estimators': 50, 'gb__n_estimators': 10}",0.0623408958777275,0.1909769012442592,0.3786855412628771,0.2496815889843051,29.7809600514875
583,BA47_80:20_MinMax_window1_Isomap_90,Stacking Regressor,{'final_estimator': LinearSVR(random_state=42)},0.04775393354380646,0.1815304752379422,0.3464340410478971,0.2185267341626796,28.85071189846893
584,BA47_80:20_MinMax_window1_Isomap_90,Gradient Boosting Regressor,"{'n_estimators': 50, 'min_samples_split': 2, 'min_samples_leaf': 2, 'min_impurity_decrease': 0, 'max_leaf_nodes': 15, 'max_features': 'log2', 'max_depth': 20, 'learning_rate': 0.05}",0.05822548227410129,0.183802417676406,0.3539864421930254,0.2412995695688272,28.67913494107799
585,BA47_80:20_MinMax_window1_Isomap_90,Random Forest Regressor,"{'n_estimators': 50, 'min_samples_split': 2, 'min_samples_leaf': 4, 'max_depth': 20}",0.05801778769412235,0.1904624710158828,0.3731828972616765,0.2408688184346873,29.64143053340976
586,BA47_80:20_MinMax_window1_Isomap_90,AdaBoostRegressor,"{'n_estimators': 400, 'loss': 'square', 'learning_rate': 1.0}",0.07118933614469435,0.2318318923485899,0.4704002638142187,0.2668132982905731,34.91322373604985
587,BA47_80:20_MinMax_window1_Isomap_90,BaggingRegressor,"{'n_estimators': 50, 'max_samples': 0.7000000000000001, 'max_features': 0.9}",0.05419806704229731,0.1844369952685431,0.3607966655118293,0.2328047831173091,28.95058872132845
588,BA47_80:20_MinMax_window1_Isomap_90,ExtraTreesRegressor,"{'n_estimators': 50, 'min_samples_split': 2, 'min_samples_leaf': 4, 'max_depth': 20}",0.0565093669400562,0.1818032462916661,0.3450955207201327,0.2377169891700133,28.53865951773697
589,BA47_80:20_MinMax_window1_Isomap_90,XGBoost Regressor,"{'subsample': 0.9, 'reg_lambda': 1.0, 'reg_alpha': 0, 'n_estimators': 100, 'min_child_weight': 5, 'max_depth': 3, 'learning_rate': 0.1, 'gamma': 0.2, 'colsample_bytree': 1.0}",0.06730096242724515,0.2031943800450004,0.4061831024928168,0.2594242903570234,31.47303009618154
590,BA47_80:20_MinMax_window1_Isomap_90,Multilayer Perceptron,"{'module__num_units': 10, 'module__activation_func': ReLU(), 'lr': 0.1}",0.04320312663912773,0.1653789579868317,0.3718557357788086,0.2078536182969345,25.60237646102905
591,BA47_80:20_MinMax_window1_Isomap_90,Long Short-Term Memory Network,"{'module__num_layers': 1, 'module__hidden_size': 25, 'max_epochs': 20, 'lr': 0.1, 'batch_size': 16}",0.02628837153315544,0.1440010517835617,0.2052151262760162,0.162136891339249,19.25539672374725
592,BA47_80:20_MinMax_window1_Isomap_90,Convolutional neural network,{},0.04493211209774017,0.1679700613021851,0.3319849073886871,0.2119719606404115,26.32361650466919
593,BA47_70:30_MinMax_window1_Isomap_90,Linear Regressor,{},0.3075367479482504,0.4426213128424408,0.7939512377918043,0.5545599588396645,75.38896104307497
594,BA47_70:30_MinMax_window1_Isomap_90,Support Vector Regressor,"{'kernel': 'rbf', 'gamma': 0.0001, 'C': 1}",0.03333616236912139,0.1354201576238785,0.4055176042361941,0.1825819333042604,23.49711752907762
595,BA47_70:30_MinMax_window1_Isomap_90,Decision Tree Regressor,"{'splitter': 'best', 'min_samples_split': 5, 'min_samples_leaf': 4, 'min_impurity_decrease': 0.1, 'max_leaf_nodes': 90, 'max_features': None, 'max_depth': 26, 'criterion': 'mae', 'ccp_alpha': 0.0}",0.05333434849253286,0.1836392004221472,0.5090276832651499,0.2309423055495308,30.73537468940822
596,BA47_70:30_MinMax_window1_Isomap_90,K-Neighbors Regressor,"{'weights': 'uniform', 'n_neighbors': 2}",0.03037687169593662,0.1063551099256647,0.4052627985322325,0.1742896201612036,18.95884741951108
597,BA47_70:30_MinMax_window1_Isomap_90,Stochastic Gradient Descent Regressor,"{'tol': 1e-05, 'power_t': 0.5, 'penalty': 'l2', 'max_iter': 1000, 'loss': 'squared_loss', 'learning_rate': 'constant', 'l1_ratio': 0, 'fit_intercept': True, 'eta0': 0.001, 'alpha': 0.01}",0.1057370061898916,0.2696821760875794,0.538391633366137,0.3251722715575417,45.88372260589878
598,BA47_70:30_MinMax_window1_Isomap_90,Voting Regressor,"{'rf__n_estimators': 200, 'gb__n_estimators': 200}",0.06309353886641196,0.1955145226044188,0.4718871597087297,0.2511842727290305,35.4734356765354
599,BA47_70:30_MinMax_window1_Isomap_90,Stacking Regressor,{'final_estimator': LinearSVR(random_state=42)},0.1122799582088905,0.2617276144490382,0.4043744323086809,0.3350820171374324,45.31478142658052
600,BA47_70:30_MinMax_window1_Isomap_90,Gradient Boosting Regressor,"{'n_estimators': 50, 'min_samples_split': 2, 'min_samples_leaf': 2, 'min_impurity_decrease': 0, 'max_leaf_nodes': 15, 'max_features': 'log2', 'max_depth': 20, 'learning_rate': 0.05}",0.04801355523964849,0.1677912880197609,0.480979224246086,0.2191199562788577,28.35549214861258
601,BA47_70:30_MinMax_window1_Isomap_90,Random Forest Regressor,"{'n_estimators': 200, 'min_samples_split': 5, 'min_samples_leaf': 2, 'max_depth': None}",0.03479635918491059,0.1370581525083183,0.4199425499747403,0.1865378223977931,23.63714861534282
602,BA47_70:30_MinMax_window1_Isomap_90,AdaBoostRegressor,"{'n_estimators': 400, 'loss': 'square', 'learning_rate': 1.0}",0.03511543336788108,0.1403504874588276,0.4534419129142318,0.1873911240370821,24.28834871689464
603,BA47_70:30_MinMax_window1_Isomap_90,BaggingRegressor,"{'n_estimators': 130, 'max_samples': 0.8, 'max_features': 0.6}",0.04415785767172665,0.1589878301474109,0.446802346945597,0.2101377112079758,26.94565207809304
604,BA47_70:30_MinMax_window1_Isomap_90,ExtraTreesRegressor,"{'n_estimators': 200, 'min_samples_split': 5, 'min_samples_leaf': 2, 'max_depth': None}",0.036603509947116,0.1387879668392413,0.4106027774382828,0.1913204378709081,23.82706468620243
605,BA47_70:30_MinMax_window1_Isomap_90,XGBoost Regressor,"{'subsample': 1.0, 'reg_lambda': 0, 'reg_alpha': 1.0, 'n_estimators': 700, 'min_child_weight': 1, 'max_depth': 9, 'learning_rate': 0.01, 'gamma': 0.3, 'colsample_bytree': 0.8}",0.05223583916217416,0.186458700911878,0.479763906539516,0.2285516115939114,31.55256361757431
606,BA47_70:30_MinMax_window1_Isomap_90,Multilayer Perceptron,"{'module__num_units': 10, 'module__activation_func': ReLU(), 'lr': 0.1}",0.04799748584628105,0.1772221028804779,0.4925099313259125,0.2190832851823275,29.9540251493454
607,BA47_70:30_MinMax_window1_Isomap_90,Long Short-Term Memory Network,"{'module__num_layers': 1, 'module__hidden_size': 25, 'max_epochs': 20, 'lr': 0.1, 'batch_size': 16}",0.03913510590791702,0.1538090705871582,0.2275694161653519,0.1978259485202005,26.61465704441071
608,BA47_70:30_MinMax_window1_Isomap_90,Convolutional neural network,{},0.3121003210544586,0.4416825175285339,1.342129468917847,0.5586593962822595,50.51811337471008
609,BA47_60:40_MinMax_window1_Isomap_90,Linear Regressor,{},0.7915478268442667,0.6976016409807206,1.516714034357398,0.8896897362812874,105.1813714152738
610,BA47_60:40_MinMax_window1_Isomap_90,Support Vector Regressor,"{'kernel': 'rbf', 'gamma': 0.001, 'C': 1}",0.05963073433579897,0.1912182072079346,0.6210608152733185,0.2441940505741263,33.04289832762554
611,BA47_60:40_MinMax_window1_Isomap_90,Decision Tree Regressor,"{'splitter': 'best', 'min_samples_split': 5, 'min_samples_leaf': 4, 'min_impurity_decrease': 0.1, 'max_leaf_nodes': 90, 'max_features': None, 'max_depth': 26, 'criterion': 'mae', 'ccp_alpha': 0.0}",0.06088925984998305,0.1955811040767273,0.6386735704534275,0.2467574919834919,33.68024536253559
612,BA47_60:40_MinMax_window1_Isomap_90,K-Neighbors Regressor,"{'weights': 'uniform', 'n_neighbors': 5}",0.04834621530695516,0.1622630744896371,0.4957386080779604,0.2198777280830306,28.96881688013427
613,BA47_60:40_MinMax_window1_Isomap_90,Stochastic Gradient Descent Regressor,"{'tol': 0.0001, 'power_t': 0.25, 'penalty': 'elasticnet', 'max_iter': 3000, 'loss': 'squared_loss', 'learning_rate': 'optimal', 'l1_ratio': 0, 'fit_intercept': True, 'eta0': 0.001, 'alpha': 1}",0.06243355814119322,0.1983624501263535,0.6054880177791772,0.2498670809474374,34.33441515977882
614,BA47_60:40_MinMax_window1_Isomap_90,Voting Regressor,"{'rf__n_estimators': 100, 'gb__n_estimators': 10}",0.1432859360752669,0.3055158067723472,0.7460723936853892,0.3785312881061048,58.97271936982493
615,BA47_60:40_MinMax_window1_Isomap_90,Stacking Regressor,{'final_estimator': LinearSVR(random_state=42)},0.05846403939053797,0.1873670611846444,0.6112608068449167,0.2417933816102872,32.45224917793217
616,BA47_60:40_MinMax_window1_Isomap_90,Gradient Boosting Regressor,"{'n_estimators': 10, 'min_samples_split': 10, 'min_samples_leaf': 10, 'min_impurity_decrease': 2, 'max_leaf_nodes': 10, 'max_features': 'sqrt', 'max_depth': None, 'learning_rate': 0.05}",0.06436263083206335,0.2024447270536349,0.6147466144747596,0.2536979125496766,34.98042100446048
617,BA47_60:40_MinMax_window1_Isomap_90,Random Forest Regressor,"{'n_estimators': 100, 'min_samples_split': 5, 'min_samples_leaf': 2, 'max_depth': None}",0.04838845968537587,0.1540734502596707,0.5263336394564134,0.2199737704486057,27.2482464110252
618,BA47_60:40_MinMax_window1_Isomap_90,AdaBoostRegressor,"{'n_estimators': 250, 'loss': 'exponential', 'learning_rate': 0.01}",0.04297498430998107,0.1438567096464309,0.568330459830626,0.2073040865732778,25.28491435206115
619,BA47_60:40_MinMax_window1_Isomap_90,BaggingRegressor,"{'n_estimators': 130, 'max_samples': 0.8, 'max_features': 0.6}",0.05267166232426831,0.1649833755315834,0.551785332095504,0.2295030769385637,28.71315471038388
620,BA47_60:40_MinMax_window1_Isomap_90,ExtraTreesRegressor,"{'n_estimators': 200, 'min_samples_split': 5, 'min_samples_leaf': 2, 'max_depth': None}",0.06137697318101385,0.1850736587590863,0.5299787193580776,0.2477437651708189,32.70250300646141
621,BA47_60:40_MinMax_window1_Isomap_90,XGBoost Regressor,"{'subsample': 1.0, 'reg_lambda': 0, 'reg_alpha': 1.0, 'n_estimators': 700, 'min_child_weight': 1, 'max_depth': 9, 'learning_rate': 0.01, 'gamma': 0.3, 'colsample_bytree': 0.8}",0.05432758153673231,0.1741576510279473,0.5815010727100183,0.2330827782928896,30.36187374525458
622,BA47_60:40_MinMax_window1_Isomap_90,Multilayer Perceptron,"{'module__num_units': 20, 'module__activation_func': ReLU(), 'lr': 0.1}",0.05910962074995041,0.186679407954216,0.6947168111801147,0.2431247020562707,31.92148506641388
623,BA47_60:40_MinMax_window1_Isomap_90,Long Short-Term Memory Network,"{'module__num_layers': 1, 'module__hidden_size': 75, 'max_epochs': 30, 'lr': 0.1, 'batch_size': 16}",0.0393863134086132,0.1622541099786758,0.3406863212585449,0.1984598533926023,24.71884489059448
624,BA47_60:40_MinMax_window1_Isomap_90,Convolutional neural network,{},0.07057522237300873,0.2004348784685135,0.7317789793014526,0.2656599751054131,33.66079032421112
625,BA47_80:20_Log_window1_Isomap_90,Linear Regressor,{},2.353875107700639,1.26083746481892,0.4837107162478086,1.534234371828711,63.3952196730571
626,BA47_80:20_Log_window1_Isomap_90,Support Vector Regressor,"{'kernel': 'rbf', 'gamma': 0.0001, 'C': 1}",0.1683422763250313,0.2858592895439949,0.1309179870912513,0.4102953525510998,11.34859142121584
627,BA47_80:20_Log_window1_Isomap_90,Decision Tree Regressor,"{'splitter': 'best', 'min_samples_split': 5, 'min_samples_leaf': 2, 'min_impurity_decrease': 1.0, 'max_leaf_nodes': 50, 'max_features': 'auto', 'max_depth': 32, 'criterion': 'mae', 'ccp_alpha': 1.0}",0.1665199396186878,0.2819851710152386,0.130436080137935,0.4080685476959574,11.19906587001983
628,BA47_80:20_Log_window1_Isomap_90,K-Neighbors Regressor,"{'weights': 'uniform', 'n_neighbors': 9}",0.1343483639200811,0.2846527183295244,0.1192438954600046,0.366535624353324,11.62063005906249
629,BA47_80:20_Log_window1_Isomap_90,Stochastic Gradient Descent Regressor,"{'tol': 0.0001, 'power_t': 0.25, 'penalty': 'elasticnet', 'max_iter': 3000, 'loss': 'squared_loss', 'learning_rate': 'optimal', 'l1_ratio': 0, 'fit_intercept': True, 'eta0': 0.001, 'alpha': 1}",0.2515516030492563,0.4104997605991826,0.1668437655571289,0.5015492030192614,16.29610686865247
630,BA47_80:20_Log_window1_Isomap_90,Voting Regressor,"{'rf__n_estimators': 100, 'gb__n_estimators': 10}",1.540782064859077,0.9868469503498843,0.3792384633761565,1.241282427515623,53.40418905346852
631,BA47_80:20_Log_window1_Isomap_90,Stacking Regressor,{'final_estimator': LinearSVR(random_state=42)},0.1613193098453252,0.2614333021157794,0.1257054515762414,0.4016457516834022,10.39065787114794
632,BA47_80:20_Log_window1_Isomap_90,Gradient Boosting Regressor,"{'n_estimators': 10, 'min_samples_split': 10, 'min_samples_leaf': 10, 'min_impurity_decrease': 2, 'max_leaf_nodes': 10, 'max_features': 'sqrt', 'max_depth': None, 'learning_rate': 0.05}",0.2514377745187826,0.4233342658829616,0.1699887922305908,0.5014357132462571,16.89311059012295
633,BA47_80:20_Log_window1_Isomap_90,Random Forest Regressor,"{'n_estimators': 10, 'min_samples_split': 10, 'min_samples_leaf': 2, 'max_depth': 10}",1.050099988368653,0.7026827580721051,0.2700222129381858,1.024743864762631,37.96997357422552
634,BA47_80:20_Log_window1_Isomap_90,AdaBoostRegressor,"{'n_estimators': 400, 'loss': 'square', 'learning_rate': 1.0}",1.247526105253456,0.6119785268057095,0.2374939628612918,1.116927081439722,33.46373791609085
635,BA47_80:20_Log_window1_Isomap_90,BaggingRegressor,"{'n_estimators': 150, 'max_samples': 0.1, 'max_features': 1.0}",0.3176159659016415,0.5033156136667408,0.1978748201284459,0.5635742771823795,20.2796290307757
636,BA47_80:20_Log_window1_Isomap_90,ExtraTreesRegressor,"{'n_estimators': 50, 'min_samples_split': 2, 'min_samples_leaf': 4, 'max_depth': 20}",0.3054903158731425,0.4834955455612301,0.1877545404782757,0.5527117837292258,20.16680538376687
637,BA47_80:20_Log_window1_Isomap_90,XGBoost Regressor,"{'subsample': 1.0, 'reg_lambda': 0, 'reg_alpha': 1.0, 'n_estimators': 700, 'min_child_weight': 1, 'max_depth': 9, 'learning_rate': 0.01, 'gamma': 0.3, 'colsample_bytree': 0.8}",1.106783665801522,0.7112048126102384,0.2762718980250087,1.052037863292725,37.5559550709001
638,BA47_80:20_Log_window1_Isomap_90,Multilayer Perceptron,"{'module__num_units': 20, 'module__activation_func': ReLU(), 'lr': 0.1}",0.1685272306203842,0.2709882855415344,0.1301561743021011,0.4105206823296291,10.76987907290459
639,BA47_80:20_Log_window1_Isomap_90,Long Short-Term Memory Network,"{'module__num_layers': 1, 'module__hidden_size': 75, 'max_epochs': 30, 'lr': 0.1, 'batch_size': 16}",0.06170267984271049,0.2236433923244476,0.07837895303964615,0.2484002412291713,7.934249937534332
640,BA47_80:20_Log_window1_Isomap_90,Convolutional neural network,{},0.4670359492301941,0.6065201759338379,0.2354819476604462,0.6834002847747388,24.92557466030121
641,BA47_70:30_Log_window1_Isomap_90,Linear Regressor,{},2.417198335805305,1.23264952791184,0.4703256058740029,1.554734168855018,50.7248537105548
642,BA47_70:30_Log_window1_Isomap_90,Support Vector Regressor,"{'kernel': 'rbf', 'gamma': 0.0001, 'C': 100}",0.2523389378135062,0.2908471365857911,0.1969572772612414,0.5023334926256722,12.63732438497622
643,BA47_70:30_Log_window1_Isomap_90,Decision Tree Regressor,"{'splitter': 'best', 'min_samples_split': 5, 'min_samples_leaf': 2, 'min_impurity_decrease': 1.0, 'max_leaf_nodes': 50, 'max_features': 'auto', 'max_depth': 32, 'criterion': 'mae', 'ccp_alpha': 1.0}",0.2596840165691064,0.3292895567667161,0.2067857154789246,0.5095920099148988,14.11028569766919
644,BA47_70:30_Log_window1_Isomap_90,K-Neighbors Regressor,"{'weights': 'uniform', 'n_neighbors': 9}",0.2596343669339796,0.3317218914112429,0.185350198195565,0.5095432925021971,14.57176981147994
645,BA47_70:30_Log_window1_Isomap_90,Stochastic Gradient Descent Regressor,"{'tol': 0.0001, 'power_t': 0.25, 'penalty': 'elasticnet', 'max_iter': 3000, 'loss': 'squared_loss', 'learning_rate': 'optimal', 'l1_ratio': 0, 'fit_intercept': True, 'eta0': 0.001, 'alpha': 1}",0.3068762106765008,0.4391288284814064,0.2239336256605062,0.5539640878942432,18.64044659404312
646,BA47_70:30_Log_window1_Isomap_90,Voting Regressor,"{'rf__n_estimators': 10, 'gb__n_estimators': 10}",0.8894858603663572,0.7149916559992299,0.2883073376732927,0.9431255803795999,34.02195705434792
647,BA47_70:30_Log_window1_Isomap_90,Stacking Regressor,{'final_estimator': LinearSVR(random_state=42)},0.2875003749422267,0.3661184015730993,0.2206721601037396,0.5361906143734956,15.41299752651552
648,BA47_70:30_Log_window1_Isomap_90,Gradient Boosting Regressor,"{'n_estimators': 10, 'min_samples_split': 10, 'min_samples_leaf': 10, 'min_impurity_decrease': 2, 'max_leaf_nodes': 10, 'max_features': 'sqrt', 'max_depth': None, 'learning_rate': 0.05}",0.3321654909511671,0.4776896665656278,0.2348787163907228,0.5763380006135003,20.2778682897264
649,BA47_70:30_Log_window1_Isomap_90,Random Forest Regressor,"{'n_estimators': 100, 'min_samples_split': 10, 'min_samples_leaf': 1, 'max_depth': 20}",1.053213016955929,0.9039871401789213,0.3659089596090711,1.026261670801326,42.26777327027808
650,BA47_70:30_Log_window1_Isomap_90,AdaBoostRegressor,"{'n_estimators': 50, 'loss': 'exponential', 'learning_rate': 0.01}",0.2875977818774889,0.3448064506188019,0.1903822461021151,0.5362814390574121,14.72533969437296
651,BA47_70:30_Log_window1_Isomap_90,BaggingRegressor,"{'n_estimators': 150, 'max_samples': 0.1, 'max_features': 1.0}",0.3534617630756398,0.5084680059072293,0.2474409405208692,0.5945265032575417,21.62052348084047
652,BA47_70:30_Log_window1_Isomap_90,ExtraTreesRegressor,"{'n_estimators': 10, 'min_samples_split': 10, 'min_samples_leaf': 2, 'max_depth': 10}",0.5281330317949108,0.5977587376083955,0.2740760876660918,0.7267276187093145,26.66062060028998
653,BA47_70:30_Log_window1_Isomap_90,XGBoost Regressor,"{'subsample': 1.0, 'reg_lambda': 0, 'reg_alpha': 1.0, 'n_estimators': 700, 'min_child_weight': 1, 'max_depth': 9, 'learning_rate': 0.01, 'gamma': 0.3, 'colsample_bytree': 0.8}",0.5967008592236072,0.6303705400002045,0.2927582884386521,0.7724641475328206,28.11409916742052
654,BA47_70:30_Log_window1_Isomap_90,Multilayer Perceptron,"{'module__num_units': 50, 'module__activation_func': Tanh(), 'lr': 0.1}",0.2947289049625397,0.3127550780773163,0.2136439979076385,0.5428894039880864,13.37705701589584
655,BA47_70:30_Log_window1_Isomap_90,Long Short-Term Memory Network,"{'module__num_layers': 1, 'module__hidden_size': 25, 'max_epochs': 20, 'lr': 0.1, 'batch_size': 16}",0.08136498928070068,0.2504324316978455,0.09009493887424469,0.2852454895010624,9.072981774806976
656,BA47_70:30_Log_window1_Isomap_90,Convolutional neural network,{},0.3622824251651764,0.3789523839950562,0.2453852146863937,0.6018990157536199,15.62389731407166
657,BA47_60:40_Log_window1_Isomap_90,Linear Regressor,{},18.2302622219145,3.276690389494537,1.411712411277229,4.269691115515794,99.72299546864461
658,BA47_60:40_Log_window1_Isomap_90,Support Vector Regressor,"{'kernel': 'rbf', 'gamma': 0.001, 'C': 1}",0.3375093695397303,0.3682979012988186,0.2660937567595067,0.5809555658909985,16.50044791916627
659,BA47_60:40_Log_window1_Isomap_90,Decision Tree Regressor,"{'splitter': 'best', 'min_samples_split': 5, 'min_samples_leaf': 2, 'min_impurity_decrease': 1.0, 'max_leaf_nodes': 50, 'max_features': 'auto', 'max_depth': 32, 'criterion': 'mae', 'ccp_alpha': 1.0}",0.341187436246534,0.3682248017734828,0.2680821073384063,0.5841125201932706,16.48242223288885
660,BA47_60:40_Log_window1_Isomap_90,K-Neighbors Regressor,"{'weights': 'distance', 'n_neighbors': 8}",0.2763746714722133,0.3351081240742603,0.2276272218916009,0.5257134880067406,15.48986749634139
661,BA47_60:40_Log_window1_Isomap_90,Stochastic Gradient Descent Regressor,"{'tol': 0.0001, 'power_t': 0.25, 'penalty': 'elasticnet', 'max_iter': 3000, 'loss': 'squared_loss', 'learning_rate': 'optimal', 'l1_ratio': 0, 'fit_intercept': True, 'eta0': 0.001, 'alpha': 1}",0.3785366172026525,0.4767673840220167,0.280920060553132,0.6152532951578988,21.02052919977605
662,BA47_60:40_Log_window1_Isomap_90,Voting Regressor,"{'rf__n_estimators': 50, 'gb__n_estimators': 50}",3.183516793583657,1.464141482710857,0.6257002567861477,1.784241237496672,68.4958008715275
663,BA47_60:40_Log_window1_Isomap_90,Stacking Regressor,{'final_estimator': RandomForestRegressor(random_state=42)},0.5137748989066412,0.4438697993391033,0.3090521757715387,0.716780928113075,20.04460112243276
664,BA47_60:40_Log_window1_Isomap_90,Gradient Boosting Regressor,"{'n_estimators': 10, 'min_samples_split': 10, 'min_samples_leaf': 10, 'min_impurity_decrease': 2, 'max_leaf_nodes': 10, 'max_features': 'sqrt', 'max_depth': None, 'learning_rate': 0.05}",0.39720128580031,0.5158189357908167,0.2878865602538441,0.6302390703537111,22.76055540336368
665,BA47_60:40_Log_window1_Isomap_90,Random Forest Regressor,"{'n_estimators': 100, 'min_samples_split': 10, 'min_samples_leaf': 1, 'max_depth': 20}",1.423262007861712,0.9856507139009772,0.403269330368316,1.193005451731765,51.29959686581689
666,BA47_60:40_Log_window1_Isomap_90,AdaBoostRegressor,"{'n_estimators': 400, 'loss': 'square', 'learning_rate': 1.0}",0.4274649356154065,0.4722604929900822,0.2751918914092486,0.6538080265761552,21.80727737114892
667,BA47_60:40_Log_window1_Isomap_90,BaggingRegressor,"{'n_estimators': 150, 'max_samples': 0.1, 'max_features': 1.0}",0.4486733449442949,0.591641275001542,0.3007939999431431,0.6698308330797373,26.19669624275483
668,BA47_60:40_Log_window1_Isomap_90,ExtraTreesRegressor,"{'n_estimators': 50, 'min_samples_split': 10, 'min_samples_leaf': 1, 'max_depth': 30}",2.112267622105769,1.242984959156886,0.4860331969760731,1.453364242750512,67.89410700327466
669,BA47_60:40_Log_window1_Isomap_90,XGBoost Regressor,"{'subsample': 0.7, 'reg_lambda': 1.0, 'reg_alpha': 0.1, 'n_estimators': 200, 'min_child_weight': 5, 'max_depth': 6, 'learning_rate': 0.2, 'gamma': 0.1, 'colsample_bytree': 0.7}",0.775691767707401,0.7203011713133327,0.3227411878593594,0.8807336531025717,34.23877572022088
670,BA47_60:40_Log_window1_Isomap_90,Multilayer Perceptron,"{'module__num_units': 50, 'module__activation_func': Tanh(), 'lr': 0.1}",0.370400995016098,0.3472206294536591,0.2728093564510345,0.608605779644014,15.58217853307724
671,BA47_60:40_Log_window1_Isomap_90,Long Short-Term Memory Network,"{'module__num_layers': 1, 'module__hidden_size': 25, 'max_epochs': 20, 'lr': 0.1, 'batch_size': 16}",0.149107500910759,0.2911758124828339,0.1257352381944656,0.3861444042204406,11.25287115573883
672,BA47_60:40_Log_window1_Isomap_90,Convolutional neural network,{},0.809988260269165,0.6809420585632324,0.4378738105297089,0.8999934779036818,25.93677639961243
1,BA11_80:20_MinMax_window1_PCA_90,Linear Regressor,{},0.03302307327921955,0.1579703957948224,0.2369622940602663,0.1817225172597484,27.26329154366778
2,BA11_80:20_MinMax_window1_PCA_95,Linear Regressor,{},0.03929773636754546,0.171329634287022,0.2439569531004755,0.1982365666761444,28.74078468498735
3,BA11_80:20_MinMax_window1_PCA_90,Support Vector Regressor,"{'kernel': 'rbf', 'gamma': 0.0001, 'C': 100}",0.03644519997112204,0.1445770455415094,0.2927124338564214,0.1909062596436325,22.50719964387649
4,BA11_80:20_MinMax_window1_PCA_95,Support Vector Regressor,"{'kernel': 'rbf', 'gamma': 0.0001, 'C': 100}",0.0364263775724414,0.1446278638794372,0.2927710641250642,0.1908569557874205,22.51779321537244
5,BA11_80:20_MinMax_window1_PCA_90,Decision Tree Regressor,"{'splitter': 'best', 'min_samples_split': 5, 'min_samples_leaf': 4, 'min_impurity_decrease': 0.1, 'max_leaf_nodes': 90, 'max_features': None, 'max_depth': 26, 'criterion': 'mae', 'ccp_alpha': 0.0}",0.04844702540556579,0.174112410629967,0.3489182037358353,0.2201068499742018,27.08656660991536
6,BA11_80:20_MinMax_window1_PCA_95,Decision Tree Regressor,"{'splitter': 'best', 'min_samples_split': 5, 'min_samples_leaf': 4, 'min_impurity_decrease': 0.1, 'max_leaf_nodes': 90, 'max_features': None, 'max_depth': 26, 'criterion': 'mae', 'ccp_alpha': 0.0}",0.04844702540556579,0.174112410629967,0.3489182037358353,0.2201068499742018,27.08656660991536
7,BA11_80:20_MinMax_window1_PCA_90,K-Neighbors Regressor,"{'weights': 'distance', 'n_neighbors': 8}",0.02018381594139145,0.1097298645089761,0.2224409960233904,0.1420697573074279,17.85202269960903
8,BA11_80:20_MinMax_window1_PCA_95,K-Neighbors Regressor,"{'weights': 'distance', 'n_neighbors': 7}",0.01870013426283022,0.1052534365026868,0.2185645748791642,0.1367484342244189,17.0851876231763
9,BA11_80:20_MinMax_window1_PCA_90,Stochastic Gradient Descent Regressor,"{'tol': 1e-05, 'power_t': 0.5, 'penalty': 'l2', 'max_iter': 1000, 'loss': 'squared_loss', 'learning_rate': 'constant', 'l1_ratio': 0, 'fit_intercept': True, 'eta0': 0.001, 'alpha': 0.01}",0.0285486451926583,0.1381218472145098,0.2547389123984613,0.168963443361747,22.15189125909536
10,BA11_80:20_MinMax_window1_PCA_95,Stochastic Gradient Descent Regressor,"{'tol': 1e-05, 'power_t': 0.5, 'penalty': 'l2', 'max_iter': 1000, 'loss': 'squared_loss', 'learning_rate': 'constant', 'l1_ratio': 0, 'fit_intercept': True, 'eta0': 0.001, 'alpha': 0.01}",0.02844417114089064,0.1385550408160632,0.2543468867460247,0.1686539982950023,22.238548895875
11,BA11_80:20_MinMax_window1_PCA_90,Voting Regressor,"{'rf__n_estimators': 10, 'gb__n_estimators': 100}",0.03341064842908602,0.1382051149702713,0.1885355638377754,0.1827857993091532,21.88757235384928
12,BA11_80:20_MinMax_window1_PCA_95,Voting Regressor,"{'rf__n_estimators': 10, 'gb__n_estimators': 10}",0.0368108745961055,0.1503964037111316,0.212278645817269,0.1918616027143146,24.10112997270878
13,BA11_80:20_MinMax_window1_PCA_90,Stacking Regressor,{'final_estimator': LinearSVR(random_state=42)},0.0516799366631526,0.1689330188328717,0.34625148435272,0.2273322165095669,26.34952887275096
14,BA11_80:20_MinMax_window1_PCA_95,Stacking Regressor,{'final_estimator': LinearSVR(random_state=42)},0.05636122196412943,0.1821553983477377,0.364111882688522,0.2374051852090207,28.47915455819305
15,BA11_80:20_MinMax_window1_PCA_90,Gradient Boosting Regressor,"{'n_estimators': 10, 'min_samples_split': 5, 'min_samples_leaf': 5, 'min_impurity_decrease': 1, 'max_leaf_nodes': 20, 'max_features': 'log2', 'max_depth': 10, 'learning_rate': 0.1}",0.05271306615882325,0.1732552169619059,0.3235760813201814,0.2295932624421354,27.05428344221931
16,BA11_80:20_MinMax_window1_PCA_95,Gradient Boosting Regressor,"{'n_estimators': 10, 'min_samples_split': 5, 'min_samples_leaf': 5, 'min_impurity_decrease': 1, 'max_leaf_nodes': 20, 'max_features': 'log2', 'max_depth': 10, 'learning_rate': 0.1}",0.04890990680929479,0.1716856340344498,0.3145978507633219,0.2211558428106633,26.82382863326954
17,BA11_80:20_MinMax_window1_PCA_90,Random Forest Regressor,"{'n_estimators': 10, 'min_samples_split': 10, 'min_samples_leaf': 2, 'max_depth': 10}",0.04002832094599464,0.1417826880041979,0.2071543813030425,0.2000707898369841,23.1635896044709
18,BA11_80:20_MinMax_window1_PCA_95,Random Forest Regressor,"{'n_estimators': 10, 'min_samples_split': 10, 'min_samples_leaf': 2, 'max_depth': 10}",0.03843931882080412,0.1452731646809858,0.2098024577068602,0.1960594777632648,23.88451933439343
19,BA11_80:20_MinMax_window1_PCA_90,AdaBoostRegressor,"{'n_estimators': 400, 'loss': 'square', 'learning_rate': 1.0}",0.02648134034720029,0.1271830241208495,0.1859582659339881,0.1627308832004555,18.52685519684651
20,BA11_80:20_MinMax_window1_PCA_95,AdaBoostRegressor,"{'n_estimators': 400, 'loss': 'square', 'learning_rate': 1.0}",0.02503478213531484,0.1267199645859283,0.1991142470440967,0.15822383554735,19.16825668069719
21,BA11_80:20_MinMax_window1_PCA_90,BaggingRegressor,"{'n_estimators': 150, 'max_samples': 0.1, 'max_features': 1.0}",0.03770479247800972,0.1541937710711594,0.2811340999802537,0.1941772192560438,24.17434722695228
22,BA11_80:20_MinMax_window1_PCA_95,BaggingRegressor,"{'n_estimators': 50, 'max_samples': 0.7000000000000001, 'max_features': 0.9}",0.03345789032298043,0.1426946422448748,0.2245717760585474,0.1829149811332588,22.8667755647839
23,BA11_80:20_MinMax_window1_PCA_90,ExtraTreesRegressor,"{'n_estimators': 200, 'min_samples_split': 5, 'min_samples_leaf': 2, 'max_depth': None}",0.02432596916417781,0.127696286687013,0.2049300054414893,0.1559678465715861,19.76508594221112
24,BA11_80:20_MinMax_window1_PCA_95,ExtraTreesRegressor,"{'n_estimators': 50, 'min_samples_split': 5, 'min_samples_leaf': 4, 'max_depth': 10}",0.02214633047347689,0.1179230218621616,0.1895534901910171,0.1488164321352884,18.08604498587924
25,BA11_80:20_MinMax_window1_PCA_90,XGBoost Regressor,"{'subsample': 1.0, 'reg_lambda': 0, 'reg_alpha': 1.0, 'n_estimators': 700, 'min_child_weight': 1, 'max_depth': 9, 'learning_rate': 0.01, 'gamma': 0.3, 'colsample_bytree': 0.8}",0.03744086038078449,0.1468915093251235,0.2532738884673524,0.193496409219356,23.04582828085431
26,BA11_80:20_MinMax_window1_PCA_95,XGBoost Regressor,"{'subsample': 1.0, 'reg_lambda': 0, 'reg_alpha': 1.0, 'n_estimators': 700, 'min_child_weight': 1, 'max_depth': 9, 'learning_rate': 0.01, 'gamma': 0.3, 'colsample_bytree': 0.8}",0.03734882186100184,0.1466616997299325,0.2521968131424639,0.193258432832831,23.01598192011974
27,BA11_80:20_MinMax_window1_PCA_90,Multilayer Perceptron,"{'module__num_units': 50, 'module__activation_func': Tanh(), 'lr': 0.1}",0.04051497578620911,0.1626844257116318,0.3671245872974396,0.2012833221760042,25.23200213909149
28,BA11_80:20_MinMax_window1_PCA_95,Multilayer Perceptron,"{'module__num_units': 50, 'module__activation_func': Tanh(), 'lr': 0.1}",0.04338733106851578,0.1642753332853317,0.3708067834377289,0.2082962579320996,25.44817626476288
29,BA11_80:20_MinMax_window1_PCA_90,Long Short-Term Memory Network,"{'module__num_layers': 1, 'module__hidden_size': 25, 'max_epochs': 20, 'lr': 0.1, 'batch_size': 16}",0.02957187592983246,0.1520527005195618,0.2183236330747604,0.1719647519982873,20.41354924440384
30,BA11_80:20_MinMax_window1_PCA_95,Long Short-Term Memory Network,"{'module__num_layers': 1, 'module__hidden_size': 25, 'max_epochs': 20, 'lr': 0.1, 'batch_size': 16}",0.02257904596626759,0.1293616741895676,0.1890863329172134,0.1502632555426229,17.50357747077942
31,BA11_80:20_MinMax_window1_PCA_90,Convolutional neural network,{},0.04230881109833717,0.1573718339204788,0.3497932553291321,0.2056910574097405,24.49398934841156
32,BA11_80:20_MinMax_window1_PCA_95,Convolutional neural network,{},0.05021646618843079,0.1696902364492416,0.4111291766166687,0.2240903081090987,25.88106095790863
33,BA11_60:40_MinMax_window1_PCA_90,Linear Regressor,{},0.0882357193533642,0.2378669898062115,0.7157948687450293,0.2970449786705108,41.037359426122
34,BA11_60:40_MinMax_window1_PCA_95,Linear Regressor,{},0.09080790819426705,0.2377471411056986,0.8100555804889321,0.3013435053129021,39.86180469374
35,BA11_60:40_MinMax_window1_PCA_90,Support Vector Regressor,"{'kernel': 'rbf', 'gamma': 0.0001, 'C': 1}",0.06123956792236792,0.1962064658698492,0.6336269501607542,0.2474662965382719,33.81314047971603
36,BA11_60:40_MinMax_window1_PCA_95,Support Vector Regressor,"{'kernel': 'rbf', 'gamma': 0.0001, 'C': 1}",0.06124386328727581,0.1962068350607795,0.6336474419928579,0.2474749750727855,33.81293087955225
37,BA11_60:40_MinMax_window1_PCA_90,Decision Tree Regressor,"{'splitter': 'best', 'min_samples_split': 5, 'min_samples_leaf': 4, 'min_impurity_decrease': 0.1, 'max_leaf_nodes': 90, 'max_features': None, 'max_depth': 26, 'criterion': 'mae', 'ccp_alpha': 0.0}",0.06088925984998305,0.1955811040767273,0.6386735704534275,0.2467574919834919,33.68024536253559
38,BA11_60:40_MinMax_window1_PCA_95,Decision Tree Regressor,"{'splitter': 'best', 'min_samples_split': 5, 'min_samples_leaf': 4, 'min_impurity_decrease': 0.1, 'max_leaf_nodes': 90, 'max_features': None, 'max_depth': 26, 'criterion': 'mae', 'ccp_alpha': 0.0}",0.06088925984998305,0.1955811040767273,0.6386735704534275,0.2467574919834919,33.68024536253559
39,BA11_60:40_MinMax_window1_PCA_90,K-Neighbors Regressor,"{'weights': 'uniform', 'n_neighbors': 9}",0.06889033177444963,0.2137647957492751,0.5799278128138932,0.2624696778190762,37.27088774781599
40,BA11_60:40_MinMax_window1_PCA_95,K-Neighbors Regressor,"{'weights': 'distance', 'n_neighbors': 8}",0.06815340192966225,0.213071235032977,0.5841258723080726,0.2610620652826876,37.21514140934809
41,BA11_60:40_MinMax_window1_PCA_90,Stochastic Gradient Descent Regressor,"{'tol': 0.0001, 'power_t': 0.25, 'penalty': 'elasticnet', 'max_iter': 3000, 'loss': 'squared_loss', 'learning_rate': 'optimal', 'l1_ratio': 0, 'fit_intercept': True, 'eta0': 0.001, 'alpha': 1}",0.0637280166488598,0.2013284867517215,0.6125720338185838,0.252444086183178,34.81281953161366
42,BA11_60:40_MinMax_window1_PCA_95,Stochastic Gradient Descent Regressor,"{'tol': 0.0001, 'power_t': 0.25, 'penalty': 'elasticnet', 'max_iter': 3000, 'loss': 'squared_loss', 'learning_rate': 'optimal', 'l1_ratio': 0, 'fit_intercept': True, 'eta0': 0.001, 'alpha': 1}",0.06368538874593119,0.2011464143052253,0.6134264306329226,0.2523596416742011,34.7746426112075
43,BA11_60:40_MinMax_window1_PCA_90,Voting Regressor,"{'rf__n_estimators': 100, 'gb__n_estimators': 10}",0.07764919526711218,0.2163573338041818,0.6988250327003555,0.2786560519118725,37.05005633889694
44,BA11_60:40_MinMax_window1_PCA_95,Voting Regressor,"{'rf__n_estimators': 100, 'gb__n_estimators': 10}",0.07580105542521469,0.2092742559840365,0.7241912931799596,0.2753199146905554,35.44650679933994
45,BA11_60:40_MinMax_window1_PCA_90,Stacking Regressor,{'final_estimator': GradientBoostingRegressor(random_state=42)},0.1122487801423886,0.2621057672423709,0.5222479845847555,0.3350354908698309,52.4194269081152
46,BA11_60:40_MinMax_window1_PCA_95,Stacking Regressor,{'final_estimator': LinearSVR(random_state=42)},0.08384538057359517,0.2368876311030566,0.4934571830090068,0.2895606682089181,42.9137666700659
47,BA11_60:40_MinMax_window1_PCA_90,Gradient Boosting Regressor,"{'n_estimators': 10, 'min_samples_split': 10, 'min_samples_leaf': 10, 'min_impurity_decrease': 2, 'max_leaf_nodes': 10, 'max_features': 'sqrt', 'max_depth': None, 'learning_rate': 0.05}",0.06436263083206335,0.2024447270536349,0.6147466144747596,0.2536979125496766,34.98042100446048
48,BA11_60:40_MinMax_window1_PCA_95,Gradient Boosting Regressor,"{'n_estimators': 10, 'min_samples_split': 10, 'min_samples_leaf': 10, 'min_impurity_decrease': 2, 'max_leaf_nodes': 10, 'max_features': 'sqrt', 'max_depth': None, 'learning_rate': 0.05}",0.06436263083206335,0.2024447270536349,0.6147466144747596,0.2536979125496766,34.98042100446048
49,BA11_60:40_MinMax_window1_PCA_90,Random Forest Regressor,"{'n_estimators': 200, 'min_samples_split': 5, 'min_samples_leaf': 2, 'max_depth': None}",0.07471516077580632,0.2088851874250233,0.7036314288078427,0.2733407411561736,35.76106847769544
50,BA11_60:40_MinMax_window1_PCA_95,Random Forest Regressor,"{'n_estimators': 100, 'min_samples_split': 10, 'min_samples_leaf': 1, 'max_depth': 20}",0.07494656419708531,0.2079524515910517,0.7097539561741247,0.273763701386954,35.47977888896729
51,BA11_60:40_MinMax_window1_PCA_90,AdaBoostRegressor,"{'n_estimators': 100, 'loss': 'linear', 'learning_rate': 0.1}",0.0681218833917217,0.2031161509976587,0.6602646957957898,0.2610016923158195,35.05820487087377
52,BA11_60:40_MinMax_window1_PCA_95,AdaBoostRegressor,"{'n_estimators': 250, 'loss': 'linear', 'learning_rate': 0.01}",0.07018110549837937,0.2039122416014739,0.6893337355608082,0.2649171672398363,34.85980387319157
53,BA11_60:40_MinMax_window1_PCA_90,BaggingRegressor,"{'n_estimators': 150, 'max_samples': 0.1, 'max_features': 1.0}",0.06747442711281455,0.2089245854986395,0.6106017959509734,0.2597584014287402,36.14160115466859
54,BA11_60:40_MinMax_window1_PCA_95,BaggingRegressor,"{'n_estimators': 150, 'max_samples': 0.1, 'max_features': 1.0}",0.06782816974094887,0.2102396867132136,0.6125845282918209,0.2604384183275364,36.33692961362421
55,BA11_60:40_MinMax_window1_PCA_90,ExtraTreesRegressor,"{'n_estimators': 10, 'min_samples_split': 10, 'min_samples_leaf': 2, 'max_depth': 10}",0.0799765471433096,0.2274248039693732,0.6776285330685553,0.2828012502506126,39.27676139088425
56,BA11_60:40_MinMax_window1_PCA_95,ExtraTreesRegressor,"{'n_estimators': 100, 'min_samples_split': 5, 'min_samples_leaf': 2, 'max_depth': None}",0.07315152691660089,0.2060130666190773,0.6857872544174971,0.2704653894985473,35.15419202449772
57,BA11_60:40_MinMax_window1_PCA_90,XGBoost Regressor,"{'subsample': 1.0, 'reg_lambda': 0, 'reg_alpha': 1.0, 'n_estimators': 700, 'min_child_weight': 1, 'max_depth': 9, 'learning_rate': 0.01, 'gamma': 0.3, 'colsample_bytree': 0.8}",0.06393246858625869,0.2023215040924541,0.6222207091567631,0.2528487069103947,34.92991691559681
58,BA11_60:40_MinMax_window1_PCA_95,XGBoost Regressor,"{'subsample': 1.0, 'reg_lambda': 0, 'reg_alpha': 1.0, 'n_estimators': 700, 'min_child_weight': 1, 'max_depth': 9, 'learning_rate': 0.01, 'gamma': 0.3, 'colsample_bytree': 0.8}",0.063746056658398,0.202074720994869,0.6205803880156072,0.2524798143582928,34.90168406747733
59,BA11_60:40_MinMax_window1_PCA_90,Multilayer Perceptron,"{'module__num_units': 20, 'module__activation_func': Tanh(), 'lr': 0.1}",0.06241193041205406,0.1965245604515076,0.6985576748847961,0.2498237987303333,33.40546190738678
60,BA11_60:40_MinMax_window1_PCA_95,Multilayer Perceptron,"{'module__num_units': 20, 'module__activation_func': ReLU(), 'lr': 0.1}",0.06146926805377007,0.1943220645189285,0.7060917615890503,0.247929966026235,33.00832808017731
61,BA11_60:40_MinMax_window1_PCA_90,Long Short-Term Memory Network,"{'module__num_layers': 1, 'module__hidden_size': 75, 'max_epochs': 30, 'lr': 0.1, 'batch_size': 16}",0.04276026785373688,0.1729421466588974,0.3563834726810455,0.2067855600706608,26.15973055362701
62,BA11_60:40_MinMax_window1_PCA_95,Long Short-Term Memory Network,"{'module__num_layers': 1, 'module__hidden_size': 75, 'max_epochs': 30, 'lr': 0.1, 'batch_size': 16}",0.03853275254368782,0.1604379117488861,0.3363615274429321,0.1962976121701123,24.51304644346237
63,BA11_60:40_MinMax_window1_PCA_90,Convolutional neural network,{},0.05778640508651733,0.1880897879600525,0.6831345558166504,0.2403880302480083,32.17390477657318
64,BA11_60:40_MinMax_window1_PCA_95,Convolutional neural network,{},0.06340152770280838,0.1898136883974075,0.7363213896751404,0.2517965998634779,32.13804960250854
65,BA11_70:30_MinMax_window1_PCA_90,Linear Regressor,{},0.04534230641426309,0.1621337512339186,0.4595424425328608,0.2129373297810017,27.38042013840942
66,BA11_70:30_MinMax_window1_PCA_95,Linear Regressor,{},0.05316341110232915,0.1687058832479008,0.4674020626284484,0.2305719217561608,27.89188850534563
67,BA11_70:30_MinMax_window1_PCA_90,Support Vector Regressor,"{'kernel': 'rbf', 'gamma': 0.0001, 'C': 1}",0.05170816274856444,0.1797900817166362,0.4895932375779171,0.227394289173155,30.21052075268916
68,BA11_70:30_MinMax_window1_PCA_95,Support Vector Regressor,"{'kernel': 'rbf', 'gamma': 0.0001, 'C': 1}",0.05171917165802253,0.1798075781036035,0.4896242643946309,0.2274184945382027,30.21321485008903
69,BA11_70:30_MinMax_window1_PCA_90,Decision Tree Regressor,"{'splitter': 'best', 'min_samples_split': 5, 'min_samples_leaf': 4, 'min_impurity_decrease': 0.1, 'max_leaf_nodes': 90, 'max_features': None, 'max_depth': 26, 'criterion': 'mae', 'ccp_alpha': 0.0}",0.05333434849253286,0.1836392004221472,0.5090276832651499,0.2309423055495308,30.73537468940822
70,BA11_70:30_MinMax_window1_PCA_95,Decision Tree Regressor,"{'splitter': 'best', 'min_samples_split': 5, 'min_samples_leaf': 4, 'min_impurity_decrease': 0.1, 'max_leaf_nodes': 90, 'max_features': None, 'max_depth': 26, 'criterion': 'mae', 'ccp_alpha': 0.0}",0.05333434849253286,0.1836392004221472,0.5090276832651499,0.2309423055495308,30.73537468940822
71,BA11_70:30_MinMax_window1_PCA_90,K-Neighbors Regressor,"{'weights': 'uniform', 'n_neighbors': 9}",0.03846506535322652,0.148056151264647,0.4766617005701665,0.1961251267768272,25.24534346591914
72,BA11_70:30_MinMax_window1_PCA_95,K-Neighbors Regressor,"{'weights': 'uniform', 'n_neighbors': 9}",0.03921474943602206,0.1457821728314022,0.4666043226289395,0.1980271431799743,25.01736938892113
73,BA11_70:30_MinMax_window1_PCA_90,Stochastic Gradient Descent Regressor,"{'tol': 0.0001, 'power_t': 0.25, 'penalty': 'elasticnet', 'max_iter': 3000, 'loss': 'squared_loss', 'learning_rate': 'optimal', 'l1_ratio': 0, 'fit_intercept': True, 'eta0': 0.001, 'alpha': 1}",0.04498262517619675,0.1663842819618105,0.4387587910397633,0.2120910775497092,28.1873630276819
74,BA11_70:30_MinMax_window1_PCA_95,Stochastic Gradient Descent Regressor,"{'tol': 0.0001, 'power_t': 0.25, 'penalty': 'elasticnet', 'max_iter': 3000, 'loss': 'squared_loss', 'learning_rate': 'optimal', 'l1_ratio': 0, 'fit_intercept': True, 'eta0': 0.001, 'alpha': 1}",0.04529062390494942,0.1668087025047905,0.4394200363341286,0.2128159390293627,28.25359808092965
75,BA11_70:30_MinMax_window1_PCA_90,Voting Regressor,"{'rf__n_estimators': 200, 'gb__n_estimators': 100}",0.0405025595835332,0.151579797346281,0.4614225436338039,0.2012524772109233,26.13033379968424
76,BA11_70:30_MinMax_window1_PCA_95,Voting Regressor,"{'rf__n_estimators': 10, 'gb__n_estimators': 10}",0.04387348815433337,0.1555438957396494,0.4657200181143785,0.2094599917748814,26.69294726657307
77,BA11_70:30_MinMax_window1_PCA_90,Stacking Regressor,{'final_estimator': LinearSVR(random_state=42)},0.0661087711433723,0.2059298380635033,0.5263818145242865,0.2571162599746898,34.40221937299917
78,BA11_70:30_MinMax_window1_PCA_95,Stacking Regressor,{'final_estimator': LinearSVR(random_state=42)},0.06855451411997011,0.2115918254958882,0.5237289108807859,0.2618291697270763,35.48936984870322
79,BA11_70:30_MinMax_window1_PCA_90,Gradient Boosting Regressor,"{'n_estimators': 50, 'min_samples_split': 2, 'min_samples_leaf': 2, 'min_impurity_decrease': 0, 'max_leaf_nodes': 15, 'max_features': 'log2', 'max_depth': 20, 'learning_rate': 0.05}",0.04373019814954225,0.1681977594214826,0.4994957172115681,0.2091176657997651,28.48918849925052
80,BA11_70:30_MinMax_window1_PCA_95,Gradient Boosting Regressor,"{'n_estimators': 200, 'min_samples_split': 2, 'min_samples_leaf': 10, 'min_impurity_decrease': 0, 'max_leaf_nodes': 5, 'max_features': 'log2', 'max_depth': 30, 'learning_rate': 0.1}",0.04585944320313545,0.169848413449799,0.501199014067859,0.2141481804805622,28.69107725816247
81,BA11_70:30_MinMax_window1_PCA_90,Random Forest Regressor,"{'n_estimators': 100, 'min_samples_split': 10, 'min_samples_leaf': 1, 'max_depth': 20}",0.04305516049960781,0.1620249081115867,0.4882744120663254,0.2074973746812422,27.71181378498138
82,BA11_70:30_MinMax_window1_PCA_95,Random Forest Regressor,"{'n_estimators': 100, 'min_samples_split': 5, 'min_samples_leaf': 2, 'max_depth': None}",0.04238601331900109,0.1613937479713551,0.476432921490795,0.2058786373546345,27.59693180604601
83,BA11_70:30_MinMax_window1_PCA_90,AdaBoostRegressor,"{'n_estimators': 400, 'loss': 'square', 'learning_rate': 1.0}",0.06473174807796993,0.2047858188105832,0.6629032526753086,0.254424346472522,33.21928479382981
84,BA11_70:30_MinMax_window1_PCA_95,AdaBoostRegressor,"{'n_estimators': 400, 'loss': 'square', 'learning_rate': 1.0}",0.06037254039088799,0.1991831563192631,0.6452119329316091,0.2457082424154468,32.31151886544136
85,BA11_70:30_MinMax_window1_PCA_90,BaggingRegressor,"{'n_estimators': 150, 'max_samples': 0.1, 'max_features': 1.0}",0.04946847405920741,0.1730602554651689,0.4866424454260865,0.2224150940453624,29.07959259235027
86,BA11_70:30_MinMax_window1_PCA_95,BaggingRegressor,"{'n_estimators': 150, 'max_samples': 0.1, 'max_features': 1.0}",0.05423839430326002,0.1851268052711894,0.4815125785101896,0.2328913787654237,31.12199184364083
87,BA11_70:30_MinMax_window1_PCA_90,ExtraTreesRegressor,"{'n_estimators': 100, 'min_samples_split': 5, 'min_samples_leaf': 2, 'max_depth': None}",0.03857221580181456,0.1516568473873997,0.4638951246350259,0.1963981053926299,26.05420696310971
88,BA11_70:30_MinMax_window1_PCA_95,ExtraTreesRegressor,"{'n_estimators': 50, 'min_samples_split': 2, 'min_samples_leaf': 4, 'max_depth': 20}",0.04384886922788047,0.1683897461535024,0.4795653798667365,0.2094012159178654,28.56915621926381
89,BA11_70:30_MinMax_window1_PCA_90,XGBoost Regressor,"{'subsample': 1.0, 'reg_lambda': 0, 'reg_alpha': 1.0, 'n_estimators': 700, 'min_child_weight': 1, 'max_depth': 9, 'learning_rate': 0.01, 'gamma': 0.3, 'colsample_bytree': 0.8}",0.05212100598891214,0.1840919190560389,0.4952628507589047,0.2283002540272615,30.93915709824838
90,BA11_70:30_MinMax_window1_PCA_95,XGBoost Regressor,"{'subsample': 1.0, 'reg_lambda': 0, 'reg_alpha': 1.0, 'n_estimators': 700, 'min_child_weight': 1, 'max_depth': 9, 'learning_rate': 0.01, 'gamma': 0.3, 'colsample_bytree': 0.8}",0.05161852308464918,0.1831127872821404,0.4932135413664528,0.2271971018403386,30.79369421920884
91,BA11_70:30_MinMax_window1_PCA_90,Multilayer Perceptron,"{'module__num_units': 20, 'module__activation_func': Tanh(), 'lr': 0.1}",0.04612172767519951,0.164528489112854,0.5219085812568665,0.2147596975114267,27.77809500694275
92,BA11_70:30_MinMax_window1_PCA_95,Multilayer Perceptron,"{'module__num_units': 50, 'module__activation_func': Tanh(), 'lr': 0.1}",0.04553279280662537,0.1616312712430954,0.5177518129348755,0.2133841437563376,27.3219108581543
93,BA11_70:30_MinMax_window1_PCA_90,Long Short-Term Memory Network,"{'module__num_layers': 1, 'module__hidden_size': 75, 'max_epochs': 30, 'lr': 0.1, 'batch_size': 16}",0.01950999163091183,0.1190031617879868,0.1725295782089233,0.1396781716336229,16.80855005979538
94,BA11_70:30_MinMax_window1_PCA_95,Long Short-Term Memory Network,"{'module__num_layers': 1, 'module__hidden_size': 75, 'max_epochs': 30, 'lr': 0.1, 'batch_size': 16}",0.01751530729234219,0.1066116243600845,0.1549982875585556,0.1323454090338693,15.04996120929718
95,BA11_70:30_MinMax_window1_PCA_90,Convolutional neural network,{},0.04783361032605171,0.164249062538147,0.4594808518886566,0.2187089626102499,28.078693151474
96,BA11_70:30_MinMax_window1_PCA_95,Convolutional neural network,{},0.0482228584587574,0.1704177558422089,0.5072723627090454,0.2195970365436597,28.49421203136444
97,BA11_80:20_Log_window1_PCA_90,Linear Regressor,{},0.2090230231483232,0.3970740304390543,0.1545173821893598,0.4571903576720787,17.24629873988339
98,BA11_80:20_Log_window1_PCA_95,Linear Regressor,{},0.1702762931317764,0.3625881271860286,0.1401344952880604,0.4126454811721272,15.45535485454588
99,BA11_80:20_Log_window1_PCA_90,Support Vector Regressor,"{'kernel': 'rbf', 'gamma': 0.01, 'C': 10}",0.08448514192018247,0.189683651345462,0.08973100417331005,0.2906632792772119,7.769319489832611
100,BA11_80:20_Log_window1_PCA_95,Support Vector Regressor,"{'kernel': 'rbf', 'gamma': 0.1, 'C': 1}",0.08098962003223252,0.1811459761365288,0.08620568059123324,0.2845867530863525,7.444620215992847
101,BA11_80:20_Log_window1_PCA_90,Decision Tree Regressor,"{'splitter': 'best', 'min_samples_split': 5, 'min_samples_leaf': 2, 'min_impurity_decrease': 1.0, 'max_leaf_nodes': 50, 'max_features': 'auto', 'max_depth': 32, 'criterion': 'mae', 'ccp_alpha': 1.0}",0.1665199396186878,0.2819851710152386,0.130436080137935,0.4080685476959574,11.19906587001983
102,BA11_80:20_Log_window1_PCA_95,Decision Tree Regressor,"{'splitter': 'best', 'min_samples_split': 5, 'min_samples_leaf': 2, 'min_impurity_decrease': 1.0, 'max_leaf_nodes': 50, 'max_features': 'auto', 'max_depth': 32, 'criterion': 'mae', 'ccp_alpha': 1.0}",0.1665199396186878,0.2819851710152386,0.130436080137935,0.4080685476959574,11.19906587001983
103,BA11_80:20_Log_window1_PCA_90,K-Neighbors Regressor,"{'weights': 'uniform', 'n_neighbors': 9}",0.116129671994348,0.2264117600644373,0.1058695886261163,0.3407780391902447,9.584469643825644
104,BA11_80:20_Log_window1_PCA_95,K-Neighbors Regressor,"{'weights': 'uniform', 'n_neighbors': 9}",0.1340708668471753,0.248467934754446,0.11266894224382,0.3661568882967727,10.60192798073714
105,BA11_80:20_Log_window1_PCA_90,Stochastic Gradient Descent Regressor,"{'tol': 0.0001, 'power_t': 0.25, 'penalty': 'elasticnet', 'max_iter': 3000, 'loss': 'squared_loss', 'learning_rate': 'optimal', 'l1_ratio': 0, 'fit_intercept': True, 'eta0': 0.001, 'alpha': 1}",0.2412779886315264,0.4013120152141934,0.1634010458523087,0.4912005584601126,15.92363721809781
106,BA11_80:20_Log_window1_PCA_95,Stochastic Gradient Descent Regressor,"{'tol': 0.0001, 'power_t': 0.25, 'penalty': 'elasticnet', 'max_iter': 3000, 'loss': 'squared_loss', 'learning_rate': 'optimal', 'l1_ratio': 0, 'fit_intercept': True, 'eta0': 0.001, 'alpha': 1}",0.2413292993498781,0.4013684726077111,0.16342177234718,0.4912527855899426,15.92590900113033
107,BA11_80:20_Log_window1_PCA_90,Voting Regressor,"{'rf__n_estimators': 10, 'gb__n_estimators': 10}",0.08148066264742652,0.2493928929643696,0.1019118388521898,0.2854481785673654,10.13335527390794
108,BA11_80:20_Log_window1_PCA_95,Voting Regressor,"{'rf__n_estimators': 10, 'gb__n_estimators': 10}",0.07528709703614346,0.2353051446995849,0.09507639036690932,0.2743849431658805,9.506283895564692
109,BA11_80:20_Log_window1_PCA_90,Stacking Regressor,{'final_estimator': LinearSVR(random_state=42)},0.130522177964542,0.2337920567770494,0.1071377067696054,0.3612785323881589,9.399469641773553
110,BA11_80:20_Log_window1_PCA_95,Stacking Regressor,{'final_estimator': LinearSVR(random_state=42)},0.1268137279194322,0.2451307001953667,0.1074280300136011,0.3561091516928935,9.837752906320588
111,BA11_80:20_Log_window1_PCA_90,Gradient Boosting Regressor,"{'n_estimators': 50, 'min_samples_split': 2, 'min_samples_leaf': 2, 'min_impurity_decrease': 0, 'max_leaf_nodes': 15, 'max_features': 'log2', 'max_depth': 20, 'learning_rate': 0.05}",0.08716303429944623,0.2195611132728897,0.09071119415569961,0.2952338637410116,8.89661031746431
112,BA11_80:20_Log_window1_PCA_95,Gradient Boosting Regressor,"{'n_estimators': 10, 'min_samples_split': 10, 'min_samples_leaf': 10, 'min_impurity_decrease': 2, 'max_leaf_nodes': 10, 'max_features': 'sqrt', 'max_depth': None, 'learning_rate': 0.05}",0.1788103844459114,0.3303688356707087,0.1344860761754734,0.4228597692449725,13.09919653731204
113,BA11_80:20_Log_window1_PCA_90,Random Forest Regressor,"{'n_estimators': 10, 'min_samples_split': 10, 'min_samples_leaf': 2, 'max_depth': 10}",0.08244446944923774,0.1921260270148915,0.09128389962296049,0.2871314497738583,8.004589023491256
114,BA11_80:20_Log_window1_PCA_95,Random Forest Regressor,"{'n_estimators': 10, 'min_samples_split': 10, 'min_samples_leaf': 2, 'max_depth': 10}",0.08153637984690766,0.1792999814325706,0.0863109177640408,0.2855457578863809,7.525698172664798
115,BA11_80:20_Log_window1_PCA_90,AdaBoostRegressor,"{'n_estimators': 400, 'loss': 'square', 'learning_rate': 1.0}",0.04611166882620929,0.1807293408703789,0.07555794791159295,0.2147362773874254,7.256635684512124
116,BA11_80:20_Log_window1_PCA_95,AdaBoostRegressor,"{'n_estimators': 400, 'loss': 'square', 'learning_rate': 1.0}",0.06082109339755361,0.1865815007523132,0.08282236921386685,0.2466193289212215,7.579068261550177
117,BA11_80:20_Log_window1_PCA_90,BaggingRegressor,"{'n_estimators': 150, 'max_samples': 0.1, 'max_features': 1.0}",0.143887997870195,0.2767959384676994,0.1139764758805264,0.3793257147494682,11.05873354678772
118,BA11_80:20_Log_window1_PCA_95,BaggingRegressor,"{'n_estimators': 150, 'max_samples': 0.1, 'max_features': 1.0}",0.1499288254432811,0.2906965707226905,0.1206436047613422,0.3872064377606358,11.58649108517731
119,BA11_80:20_Log_window1_PCA_90,ExtraTreesRegressor,"{'n_estimators': 100, 'min_samples_split': 5, 'min_samples_leaf': 2, 'max_depth': None}",0.06908344937392248,0.2026104275286781,0.08336614491319984,0.2628373059021921,8.178670559728928
120,BA11_80:20_Log_window1_PCA_95,ExtraTreesRegressor,"{'n_estimators': 10, 'min_samples_split': 10, 'min_samples_leaf': 2, 'max_depth': 10}",0.09035683607182764,0.23638218350264,0.1014400258622582,0.3005941384522121,9.564624203657504
121,BA11_80:20_Log_window1_PCA_90,XGBoost Regressor,"{'subsample': 1.0, 'reg_lambda': 0, 'reg_alpha': 1.0, 'n_estimators': 700, 'min_child_weight': 1, 'max_depth': 9, 'learning_rate': 0.01, 'gamma': 0.3, 'colsample_bytree': 0.8}",0.04982518368577771,0.1763575984615251,0.07062406243941582,0.22321555430968,6.999639011789824
122,BA11_80:20_Log_window1_PCA_95,XGBoost Regressor,"{'subsample': 1.0, 'reg_lambda': 0, 'reg_alpha': 1.0, 'n_estimators': 700, 'min_child_weight': 1, 'max_depth': 9, 'learning_rate': 0.01, 'gamma': 0.3, 'colsample_bytree': 0.8}",0.05514362045318578,0.1825278557396358,0.07403069327777476,0.2348267881933102,7.281318783033394
123,BA11_80:20_Log_window1_PCA_90,Multilayer Perceptron,"{'module__num_units': 50, 'module__activation_func': Tanh(), 'lr': 0.1}",0.1394803375005722,0.235675111413002,0.1153297647833824,0.3734706648460789,9.498023986816406
124,BA11_80:20_Log_window1_PCA_95,Multilayer Perceptron,"{'module__num_units': 50, 'module__activation_func': Tanh(), 'lr': 0.1}",0.1349159181118011,0.2328013181686401,0.1140536442399025,0.3673090226387056,9.406797587871552
125,BA11_80:20_Log_window1_PCA_90,Long Short-Term Memory Network,"{'module__num_layers': 1, 'module__hidden_size': 75, 'max_epochs': 30, 'lr': 0.1, 'batch_size': 16}",0.0450320765376091,0.1897342354059219,0.06737823784351349,0.2122076260119063,6.726650893688202
126,BA11_80:20_Log_window1_PCA_95,Long Short-Term Memory Network,"{'module__num_layers': 1, 'module__hidden_size': 75, 'max_epochs': 30, 'lr': 0.1, 'batch_size': 16}",0.04627813026309013,0.1909705698490143,0.06730698049068451,0.2151235232676569,6.767240166664124
127,BA11_80:20_Log_window1_PCA_90,Convolutional neural network,{},0.235910639166832,0.3446118533611298,0.1647045165300369,0.4857063301696118,13.14698755741119
128,BA11_80:20_Log_window1_PCA_95,Convolutional neural network,{},0.170558750629425,0.3451092839241028,0.1451968401670456,0.4129875913746381,13.84689807891846
129,BA11_60:40_Log_window1_PCA_90,Linear Regressor,{},0.3426649786612618,0.4946331477450602,0.2332009535293993,0.5853759293490481,22.39052901432541
130,BA11_60:40_Log_window1_PCA_95,Linear Regressor,{},0.3327242215779194,0.4772389041703947,0.2272115595718255,0.5768225217325684,21.77912061887885
131,BA11_60:40_Log_window1_PCA_90,Support Vector Regressor,"{'kernel': 'rbf', 'gamma': 0.01, 'C': 10}",0.2483196504499544,0.2784188768427489,0.2209591208185591,0.4983168173461081,13.20884837838772
132,BA11_60:40_Log_window1_PCA_95,Support Vector Regressor,"{'kernel': 'rbf', 'gamma': 0.01, 'C': 10}",0.243432839313007,0.2749937176068625,0.2188872277077999,0.4933891357873691,13.09155654185573
133,BA11_60:40_Log_window1_PCA_90,Decision Tree Regressor,"{'splitter': 'best', 'min_samples_split': 5, 'min_samples_leaf': 2, 'min_impurity_decrease': 1.0, 'max_leaf_nodes': 50, 'max_features': 'auto', 'max_depth': 32, 'criterion': 'mae', 'ccp_alpha': 1.0}",0.341187436246534,0.3682248017734828,0.2680821073384063,0.5841125201932706,16.48242223288885
134,BA11_60:40_Log_window1_PCA_95,Decision Tree Regressor,"{'splitter': 'best', 'min_samples_split': 5, 'min_samples_leaf': 2, 'min_impurity_decrease': 1.0, 'max_leaf_nodes': 50, 'max_features': 'auto', 'max_depth': 32, 'criterion': 'mae', 'ccp_alpha': 1.0}",0.341187436246534,0.3682248017734828,0.2680821073384063,0.5841125201932706,16.48242223288885
135,BA11_60:40_Log_window1_PCA_90,K-Neighbors Regressor,"{'weights': 'uniform', 'n_neighbors': 9}",0.3071268390973226,0.3624460925014813,0.2381268092320543,0.5541902553251208,16.70471010215348
136,BA11_60:40_Log_window1_PCA_95,K-Neighbors Regressor,"{'weights': 'uniform', 'n_neighbors': 9}",0.3073045452810503,0.3571869629288734,0.2355173269550232,0.5543505617215971,16.40118132195884
137,BA11_60:40_Log_window1_PCA_90,Stochastic Gradient Descent Regressor,"{'tol': 0.0001, 'power_t': 0.25, 'penalty': 'elasticnet', 'max_iter': 3000, 'loss': 'squared_loss', 'learning_rate': 'optimal', 'l1_ratio': 0, 'fit_intercept': True, 'eta0': 0.001, 'alpha': 1}",0.369821368873765,0.471291591671966,0.2801640429115404,0.6081294014219055,20.75780447667754
138,BA11_60:40_Log_window1_PCA_95,Stochastic Gradient Descent Regressor,"{'tol': 0.0001, 'power_t': 0.25, 'penalty': 'elasticnet', 'max_iter': 3000, 'loss': 'squared_loss', 'learning_rate': 'optimal', 'l1_ratio': 0, 'fit_intercept': True, 'eta0': 0.001, 'alpha': 1}",0.3697838255679851,0.4712838879533359,0.2801605055929167,0.6080985327790103,20.75751128083969
139,BA11_60:40_Log_window1_PCA_90,Voting Regressor,"{'rf__n_estimators': 100, 'gb__n_estimators': 10}",0.1714117507302845,0.3062016287260386,0.1884696833268988,0.4140190221841075,14.17037131289796
140,BA11_60:40_Log_window1_PCA_95,Voting Regressor,"{'rf__n_estimators': 10, 'gb__n_estimators': 10}",0.1743969653287109,0.300438722523684,0.1929567176993543,0.4176086269807065,14.08813212771124
141,BA11_60:40_Log_window1_PCA_90,Stacking Regressor,{'final_estimator': LinearSVR(random_state=42)},0.2781015046881249,0.2949910679622967,0.232944344933334,0.527353301580757,13.81362418316913
142,BA11_60:40_Log_window1_PCA_95,Stacking Regressor,{'final_estimator': LinearSVR(random_state=42)},0.264211112439818,0.3079278080864799,0.2316828562218222,0.5140147006067219,14.31590631411213
143,BA11_60:40_Log_window1_PCA_90,Gradient Boosting Regressor,"{'n_estimators': 200, 'min_samples_split': 2, 'min_samples_leaf': 10, 'min_impurity_decrease': 0, 'max_leaf_nodes': 5, 'max_features': 'log2', 'max_depth': 30, 'learning_rate': 0.1}",0.2645798481625638,0.3681864497092692,0.2177461221075478,0.5143732576277307,16.39008876029631
144,BA11_60:40_Log_window1_PCA_95,Gradient Boosting Regressor,"{'n_estimators': 50, 'min_samples_split': 2, 'min_samples_leaf': 2, 'min_impurity_decrease': 0, 'max_leaf_nodes': 15, 'max_features': 'log2', 'max_depth': 20, 'learning_rate': 0.05}",0.2304243756355007,0.3115088624520147,0.2211477567780046,0.4800253906154347,14.57129602434061
145,BA11_60:40_Log_window1_PCA_90,Random Forest Regressor,"{'n_estimators': 50, 'min_samples_split': 2, 'min_samples_leaf': 4, 'max_depth': 20}",0.2360856861387593,0.2809734390817971,0.1825805858257218,0.4858864951187255,13.7960580818245
146,BA11_60:40_Log_window1_PCA_95,Random Forest Regressor,"{'n_estimators': 10, 'min_samples_split': 2, 'min_samples_leaf': 4, 'max_depth': 30}",0.2471053670493487,0.2838849612510662,0.1769417563969244,0.4970969392878503,14.18808268850998
147,BA11_60:40_Log_window1_PCA_90,AdaBoostRegressor,"{'n_estimators': 400, 'loss': 'square', 'learning_rate': 1.0}",0.2237449821494666,0.2591271486596784,0.2090438728852799,0.473016894148049,12.31457740120618
148,BA11_60:40_Log_window1_PCA_95,AdaBoostRegressor,"{'n_estimators': 400, 'loss': 'square', 'learning_rate': 1.0}",0.2271161720575886,0.2564280935777439,0.2127148049997911,0.476567069841789,12.24020191998006
149,BA11_60:40_Log_window1_PCA_90,BaggingRegressor,"{'n_estimators': 150, 'max_samples': 0.1, 'max_features': 1.0}",0.2458586838407466,0.3376152450613588,0.2229707977179529,0.4958413898019674,15.50872277616024
150,BA11_60:40_Log_window1_PCA_95,BaggingRegressor,"{'n_estimators': 150, 'max_samples': 0.1, 'max_features': 1.0}",0.2541926198926847,0.3329754572941117,0.2260797468258552,0.5041751877003515,15.30634471066915
151,BA11_60:40_Log_window1_PCA_90,ExtraTreesRegressor,"{'n_estimators': 100, 'min_samples_split': 5, 'min_samples_leaf': 2, 'max_depth': None}",0.1536396742467248,0.247142354406362,0.1731979422936259,0.3919689710254177,12.04073090013479
152,BA11_60:40_Log_window1_PCA_95,ExtraTreesRegressor,"{'n_estimators': 10, 'min_samples_split': 2, 'min_samples_leaf': 2, 'max_depth': None}",0.1659134587250507,0.2583171266041685,0.1786679755722347,0.4073247583011015,12.33563717982624
153,BA11_60:40_Log_window1_PCA_90,XGBoost Regressor,"{'subsample': 0.7, 'reg_lambda': 1.0, 'reg_alpha': 0.1, 'n_estimators': 200, 'min_child_weight': 5, 'max_depth': 6, 'learning_rate': 0.2, 'gamma': 0.1, 'colsample_bytree': 0.7}",0.2274567910782083,0.3308859742486649,0.2101287771409261,0.4769243033000188,15.24628342705663
154,BA11_60:40_Log_window1_PCA_95,XGBoost Regressor,"{'subsample': 0.7, 'reg_lambda': 1.0, 'reg_alpha': 0.1, 'n_estimators': 200, 'min_child_weight': 5, 'max_depth': 6, 'learning_rate': 0.2, 'gamma': 0.1, 'colsample_bytree': 0.7}",0.2326627808264381,0.3411129747588755,0.1953398050935196,0.4823513043689611,16.19391942637874
155,BA11_60:40_Log_window1_PCA_90,Multilayer Perceptron,"{'module__num_units': 50, 'module__activation_func': Tanh(), 'lr': 0.1}",0.3388516902923584,0.3410861492156982,0.2636081576347351,0.582109689227347,15.4559314250946
156,BA11_60:40_Log_window1_PCA_95,Multilayer Perceptron,"{'module__num_units': 20, 'module__activation_func': Tanh(), 'lr': 0.1}",0.3482027649879456,0.3592143356800079,0.2697101235389709,0.5900870825462506,16.11115336418152
157,BA11_60:40_Log_window1_PCA_90,Long Short-Term Memory Network,"{'module__num_layers': 1, 'module__hidden_size': 75, 'max_epochs': 30, 'lr': 0.1, 'batch_size': 16}",0.1324082165956497,0.2603003084659576,0.1147726476192474,0.3638793984215783,10.12926325201988
158,BA11_60:40_Log_window1_PCA_95,Long Short-Term Memory Network,"{'module__num_layers': 1, 'module__hidden_size': 25, 'max_epochs': 20, 'lr': 0.1, 'batch_size': 16}",0.1303280740976334,0.2533070743083954,0.1125682890415192,0.3610097977862005,9.875479340553284
159,BA11_60:40_Log_window1_PCA_90,Convolutional neural network,{},0.5506237745285034,0.4992330074310303,0.3474898338317871,0.7420402782386569,20.43224424123764
160,BA11_60:40_Log_window1_PCA_95,Convolutional neural network,{},0.5431561470031738,0.6733679175376892,0.3328000605106354,0.7369912801405277,29.80485856533051
161,BA11_70:30_Log_window1_PCA_90,Linear Regressor,{},0.2424703911525057,0.4001932082525868,0.1744978310756146,0.4924128259423242,17.47781506045526
162,BA11_70:30_Log_window1_PCA_95,Linear Regressor,{},0.2591470981712007,0.4028420268567233,0.1670395434644102,0.5090649253004972,18.68747167131567
163,BA11_70:30_Log_window1_PCA_90,Support Vector Regressor,"{'kernel': 'rbf', 'gamma': 0.01, 'C': 10}",0.1677992176187789,0.2259269611679197,0.15680736971156,0.4096330279881969,10.31592704955623
164,BA11_70:30_Log_window1_PCA_95,Support Vector Regressor,"{'kernel': 'rbf', 'gamma': 0.1, 'C': 1}",0.1682037708986324,0.2306075307001131,0.1579482875054961,0.4101265303520761,10.49359504664138
165,BA11_70:30_Log_window1_PCA_90,Decision Tree Regressor,"{'splitter': 'best', 'min_samples_split': 5, 'min_samples_leaf': 2, 'min_impurity_decrease': 1.0, 'max_leaf_nodes': 50, 'max_features': 'auto', 'max_depth': 32, 'criterion': 'mae', 'ccp_alpha': 1.0}",0.2596840165691064,0.3292895567667161,0.2067857154789246,0.5095920099148988,14.11028569766919
166,BA11_70:30_Log_window1_PCA_95,Decision Tree Regressor,"{'splitter': 'best', 'min_samples_split': 5, 'min_samples_leaf': 2, 'min_impurity_decrease': 1.0, 'max_leaf_nodes': 50, 'max_features': 'auto', 'max_depth': 32, 'criterion': 'mae', 'ccp_alpha': 1.0}",0.2596840165691064,0.3292895567667161,0.2067857154789246,0.5095920099148988,14.11028569766919
167,BA11_70:30_Log_window1_PCA_90,K-Neighbors Regressor,"{'weights': 'uniform', 'n_neighbors': 9}",0.2102674994762573,0.2963801368707937,0.168392035190196,0.4585493424662795,13.21689393879721
168,BA11_70:30_Log_window1_PCA_95,K-Neighbors Regressor,"{'weights': 'uniform', 'n_neighbors': 9}",0.2136032131294239,0.2987940422908249,0.1682816090062942,0.4621722764613039,13.23797637384228
169,BA11_70:30_Log_window1_PCA_90,Stochastic Gradient Descent Regressor,"{'tol': 0.0001, 'power_t': 0.25, 'penalty': 'elasticnet', 'max_iter': 3000, 'loss': 'squared_loss', 'learning_rate': 'optimal', 'l1_ratio': 0, 'fit_intercept': True, 'eta0': 0.001, 'alpha': 1}",0.3091441593451917,0.4387869205438372,0.2272397852667329,0.5560073374922239,18.56598022614222
170,BA11_70:30_Log_window1_PCA_95,Stochastic Gradient Descent Regressor,"{'tol': 0.0001, 'power_t': 0.25, 'penalty': 'elasticnet', 'max_iter': 3000, 'loss': 'squared_loss', 'learning_rate': 'optimal', 'l1_ratio': 0, 'fit_intercept': True, 'eta0': 0.001, 'alpha': 1}",0.3090236082782473,0.4387664406753416,0.2271983807772823,0.555898919119517,18.56544743932298
171,BA11_70:30_Log_window1_PCA_90,Voting Regressor,"{'rf__n_estimators': 100, 'gb__n_estimators': 10}",0.124345595883682,0.2744465325772896,0.1414851526649196,0.3526267089766202,12.45415756708801
172,BA11_70:30_Log_window1_PCA_95,Voting Regressor,"{'rf__n_estimators': 10, 'gb__n_estimators': 10}",0.1119415049263099,0.2615722695038966,0.1299568378319441,0.3345766054677313,11.90998069344183
173,BA11_70:30_Log_window1_PCA_90,Stacking Regressor,{'final_estimator': LinearSVR(random_state=42)},0.1629844319313273,0.2299172530707571,0.1561047494448432,0.4037133041297095,10.45967126561794
174,BA11_70:30_Log_window1_PCA_95,Stacking Regressor,{'final_estimator': LinearSVR(random_state=42)},0.1702855625269747,0.2239784621415352,0.1596512940089139,0.4126567126886156,10.27323840712979
175,BA11_70:30_Log_window1_PCA_90,Gradient Boosting Regressor,"{'n_estimators': 10, 'min_samples_split': 10, 'min_samples_leaf': 10, 'min_impurity_decrease': 2, 'max_leaf_nodes': 10, 'max_features': 'sqrt', 'max_depth': None, 'learning_rate': 0.05}",0.2589626554798626,0.3884523519917977,0.2036719049820907,0.5088837347369854,16.59505823285403
176,BA11_70:30_Log_window1_PCA_95,Gradient Boosting Regressor,"{'n_estimators': 10, 'min_samples_split': 10, 'min_samples_leaf': 10, 'min_impurity_decrease': 2, 'max_leaf_nodes': 10, 'max_features': 'sqrt', 'max_depth': None, 'learning_rate': 0.05}",0.2441172135372198,0.3889050391858254,0.2034622214072825,0.4940821930986987,16.62787082453552
177,BA11_70:30_Log_window1_PCA_90,Random Forest Regressor,"{'n_estimators': 10, 'min_samples_split': 2, 'min_samples_leaf': 4, 'max_depth': 30}",0.140165736911373,0.2725530720163217,0.1501506686070603,0.3743871484324388,12.39013035328392
178,BA11_70:30_Log_window1_PCA_95,Random Forest Regressor,"{'n_estimators': 50, 'min_samples_split': 2, 'min_samples_leaf': 4, 'max_depth': 20}",0.1416229380769468,0.2452492150352787,0.1394743490670536,0.3763282318361816,11.78025977597714
179,BA11_70:30_Log_window1_PCA_90,AdaBoostRegressor,"{'n_estimators': 200, 'loss': 'linear', 'learning_rate': 0.1}",0.1307856073518821,0.2363896176434076,0.1456906402763662,0.3616429279716142,10.69815842176663
180,BA11_70:30_Log_window1_PCA_95,AdaBoostRegressor,"{'n_estimators': 400, 'loss': 'square', 'learning_rate': 1.0}",0.1618776289261765,0.2281664549102113,0.1571975371713883,0.4023401905429986,10.43040860091909
181,BA11_70:30_Log_window1_PCA_90,BaggingRegressor,"{'n_estimators': 150, 'max_samples': 0.1, 'max_features': 1.0}",0.1984611218497744,0.2967375461019511,0.1758338729864952,0.445489755044686,12.9726778356042
182,BA11_70:30_Log_window1_PCA_95,BaggingRegressor,"{'n_estimators': 150, 'max_samples': 0.1, 'max_features': 1.0}",0.2180686011714148,0.3394275790656542,0.1884298923398214,0.466978159201707,14.64262174171559
183,BA11_70:30_Log_window1_PCA_90,ExtraTreesRegressor,"{'n_estimators': 10, 'min_samples_split': 10, 'min_samples_leaf': 2, 'max_depth': 10}",0.1398873704414947,0.2541875479903617,0.1450937545560499,0.3740152008160827,11.50691783265038
184,BA11_70:30_Log_window1_PCA_95,ExtraTreesRegressor,"{'n_estimators': 100, 'min_samples_split': 5, 'min_samples_leaf': 2, 'max_depth': None}",0.1443133933936671,0.2258554930302997,0.1476964238409214,0.3798860268470888,10.30692564105446
185,BA11_70:30_Log_window1_PCA_90,XGBoost Regressor,"{'subsample': 0.9, 'reg_lambda': 0, 'reg_alpha': 0.1, 'n_estimators': 400, 'min_child_weight': 5, 'max_depth': 9, 'learning_rate': 0.01, 'gamma': 0.2, 'colsample_bytree': 0.9}",0.1378313647316607,0.2382578672145039,0.1480181106568789,0.3712564675957319,10.96561344995355
186,BA11_70:30_Log_window1_PCA_95,XGBoost Regressor,"{'subsample': 0.8, 'reg_lambda': 0.5, 'reg_alpha': 1.0, 'n_estimators': 600, 'min_child_weight': 5, 'max_depth': 8, 'learning_rate': 0.2, 'gamma': 0.1, 'colsample_bytree': 0.7}",0.1627304111003115,0.2664829760174411,0.1610694570878625,0.4033985759770497,12.14660284098473
187,BA11_70:30_Log_window1_PCA_90,Multilayer Perceptron,"{'module__num_units': 50, 'module__activation_func': Tanh(), 'lr': 0.1}",0.2702983617782593,0.3049263060092926,0.2068547308444977,0.5199022617552834,13.1481945514679
188,BA11_70:30_Log_window1_PCA_95,Multilayer Perceptron,"{'module__num_units': 50, 'module__activation_func': Tanh(), 'lr': 0.1}",0.2710495591163635,0.3292654156684875,0.2115482836961746,0.5206242014316694,14.07148838043213
189,BA11_70:30_Log_window1_PCA_90,Long Short-Term Memory Network,"{'module__num_layers': 1, 'module__hidden_size': 75, 'max_epochs': 30, 'lr': 0.1, 'batch_size': 16}",0.06620398908853531,0.2227385342121124,0.0820687860250473,0.2573013585050326,8.086773753166199
190,BA11_70:30_Log_window1_PCA_95,Long Short-Term Memory Network,"{'module__num_layers': 1, 'module__hidden_size': 25, 'max_epochs': 20, 'lr': 0.1, 'batch_size': 16}",0.06352370232343674,0.2180847227573395,0.08011659979820251,0.2520390888799528,7.920707017183304
191,BA11_70:30_Log_window1_PCA_90,Convolutional neural network,{},0.3192157447338104,0.3487038612365723,0.2310762852430344,0.5649918094395798,14.64357376098633
192,BA11_70:30_Log_window1_PCA_95,Convolutional neural network,{},0.2976610660552979,0.3243248462677002,0.217569574713707,0.545583234763769,13.77349048852921
193,BA11_80:20_MinMax_window1_ICA_90,Linear Regressor,{},9.787553797374864e-06,0.002491760228787398,0.004263607067471086,0.003128506640135971,0.4245645842575393
194,BA11_80:20_MinMax_window1_ICA_95,Linear Regressor,{},9.546173097004827e-06,0.002390611091569943,0.004175668743454485,0.003089688187666326,0.4155282870965178
195,BA11_80:20_MinMax_window1_ICA_90,Support Vector Regressor,"{'kernel': 'rbf', 'gamma': 0.0001, 'C': 1}",0.04899770172310304,0.1748903192137763,0.3478955203272606,0.221354244872564,27.21648081189762
196,BA11_80:20_MinMax_window1_ICA_95,Support Vector Regressor,"{'kernel': 'rbf', 'gamma': 0.0001, 'C': 1}",0.04899916693316099,0.1748925478017269,0.3478974108141431,0.2213575544976069,27.21682704782972
197,BA11_80:20_MinMax_window1_ICA_90,Decision Tree Regressor,"{'splitter': 'best', 'min_samples_split': 5, 'min_samples_leaf': 4, 'min_impurity_decrease': 0.1, 'max_leaf_nodes': 90, 'max_features': None, 'max_depth': 26, 'criterion': 'mae', 'ccp_alpha': 0.0}",0.04844702540556579,0.174112410629967,0.3489182037358353,0.2201068499742018,27.08656660991536
198,BA11_80:20_MinMax_window1_ICA_95,Decision Tree Regressor,"{'splitter': 'best', 'min_samples_split': 5, 'min_samples_leaf': 4, 'min_impurity_decrease': 0.1, 'max_leaf_nodes': 90, 'max_features': None, 'max_depth': 26, 'criterion': 'mae', 'ccp_alpha': 0.0}",0.04844702540556579,0.174112410629967,0.3489182037358353,0.2201068499742018,27.08656660991536
199,BA11_80:20_MinMax_window1_ICA_90,K-Neighbors Regressor,"{'weights': 'distance', 'n_neighbors': 3}",0.04326608746283349,0.1610524908346961,0.3808722324356726,0.2080050178789769,26.05264893805229
200,BA11_80:20_MinMax_window1_ICA_95,K-Neighbors Regressor,"{'weights': 'uniform', 'n_neighbors': 9}",0.04162176534173122,0.1526221727718854,0.3035513634777244,0.2040141302501648,24.15120492838843
201,BA11_80:20_MinMax_window1_ICA_90,Stochastic Gradient Descent Regressor,"{'tol': 0.0001, 'power_t': 0.25, 'penalty': 'elasticnet', 'max_iter': 3000, 'loss': 'squared_loss', 'learning_rate': 'optimal', 'l1_ratio': 0, 'fit_intercept': True, 'eta0': 0.001, 'alpha': 1}",0.05243791205944026,0.1801270936028938,0.3424610278551638,0.2289932576724482,28.10828176449768
202,BA11_80:20_MinMax_window1_ICA_95,Stochastic Gradient Descent Regressor,"{'tol': 0.0001, 'power_t': 0.25, 'penalty': 'elasticnet', 'max_iter': 3000, 'loss': 'squared_loss', 'learning_rate': 'optimal', 'l1_ratio': 0, 'fit_intercept': True, 'eta0': 0.001, 'alpha': 1}",0.05244061884963863,0.1801410431794207,0.3424675415874282,0.2289991677924587,28.11067453546853
203,BA11_80:20_MinMax_window1_ICA_90,Voting Regressor,"{'rf__n_estimators': 10, 'gb__n_estimators': 10}",0.03031952747787487,0.1392556064883088,0.1930290081584785,0.1741250340355311,20.93328153917856
204,BA11_80:20_MinMax_window1_ICA_95,Voting Regressor,"{'rf__n_estimators': 100, 'gb__n_estimators': 10}",0.02260913416130031,0.1185740165567534,0.2236029672101056,0.1503633404833117,18.92903073422309
205,BA11_80:20_MinMax_window1_ICA_90,Stacking Regressor,{'final_estimator': LinearSVR(random_state=42)},2.316919878778751e-05,0.004045501149636322,0.006110417487085179,0.004813439392761429,0.6108823285447867
206,BA11_80:20_MinMax_window1_ICA_95,Stacking Regressor,{'final_estimator': LinearRegression()},0.1041243736307793,0.2767859860325356,0.595335344290141,0.3226830854426356,41.7911711207741
207,BA11_80:20_MinMax_window1_ICA_90,Gradient Boosting Regressor,"{'n_estimators': 100, 'min_samples_split': 5, 'min_samples_leaf': 10, 'min_impurity_decrease': 2, 'max_leaf_nodes': None, 'max_features': 'sqrt', 'max_depth': 20, 'learning_rate': 1}",0.0533224282163323,0.1816258351434023,0.3453322867817593,0.230916496197938,28.34026631476321
208,BA11_80:20_MinMax_window1_ICA_95,Gradient Boosting Regressor,"{'n_estimators': 100, 'min_samples_split': 5, 'min_samples_leaf': 10, 'min_impurity_decrease': 2, 'max_leaf_nodes': None, 'max_features': 'sqrt', 'max_depth': 20, 'learning_rate': 1}",0.0533224282163323,0.1816258351434023,0.3453322867817593,0.230916496197938,28.34026631476321
209,BA11_80:20_MinMax_window1_ICA_90,Random Forest Regressor,"{'n_estimators': 10, 'min_samples_split': 10, 'min_samples_leaf': 2, 'max_depth': 10}",0.06655557905825503,0.2054202070280538,0.2698516292905196,0.2579836798292772,31.78890961344059
210,BA11_80:20_MinMax_window1_ICA_95,Random Forest Regressor,"{'n_estimators': 50, 'min_samples_split': 10, 'min_samples_leaf': 1, 'max_depth': 30}",0.05989627181646479,0.1929569890527958,0.3168361358174128,0.244737148419411,30.77880417109023
211,BA11_80:20_MinMax_window1_ICA_90,AdaBoostRegressor,"{'n_estimators': 400, 'loss': 'square', 'learning_rate': 1.0}",0.0341985175891646,0.1498643691974876,0.2837082075069339,0.1849284120657629,24.4617887023197
212,BA11_80:20_MinMax_window1_ICA_95,AdaBoostRegressor,"{'n_estimators': 400, 'loss': 'square', 'learning_rate': 1.0}",0.03631096681208729,0.1577917808321613,0.2874715588821978,0.1905543670769245,25.05036946286554
213,BA11_80:20_MinMax_window1_ICA_90,BaggingRegressor,"{'n_estimators': 50, 'max_samples': 0.7000000000000001, 'max_features': 0.9}",0.06368518373295319,0.2006739205586272,0.3064854894619203,0.2523592354817893,32.00075545506249
214,BA11_80:20_MinMax_window1_ICA_95,BaggingRegressor,"{'n_estimators': 150, 'max_samples': 0.1, 'max_features': 1.0}",0.06158318503721433,0.2020639771157095,0.3506319761351545,0.2481595958999255,31.94209436415039
215,BA11_80:20_MinMax_window1_ICA_90,ExtraTreesRegressor,"{'n_estimators': 100, 'min_samples_split': 10, 'min_samples_leaf': 1, 'max_depth': 20}",0.04268002018099546,0.156733391509622,0.2515627412289776,0.2065914329806429,24.88278443605735
216,BA11_80:20_MinMax_window1_ICA_95,ExtraTreesRegressor,"{'n_estimators': 100, 'min_samples_split': 10, 'min_samples_leaf': 1, 'max_depth': 20}",0.04584575154930644,0.1647555828629081,0.316790008120252,0.2141162103842361,27.61550777037319
217,BA11_80:20_MinMax_window1_ICA_90,XGBoost Regressor,"{'subsample': 1.0, 'reg_lambda': 0, 'reg_alpha': 1.0, 'n_estimators': 700, 'min_child_weight': 1, 'max_depth': 9, 'learning_rate': 0.01, 'gamma': 0.3, 'colsample_bytree': 0.8}",0.0518938025516044,0.1811032125607424,0.3343177626604485,0.2278021127022407,28.37041589990471
218,BA11_80:20_MinMax_window1_ICA_95,XGBoost Regressor,"{'subsample': 1.0, 'reg_lambda': 0, 'reg_alpha': 1.0, 'n_estimators': 700, 'min_child_weight': 1, 'max_depth': 9, 'learning_rate': 0.01, 'gamma': 0.3, 'colsample_bytree': 0.8}",0.05332242868306164,0.1816258364521582,0.3453322876362733,0.23091649720854,28.3402665347294
219,BA11_80:20_MinMax_window1_ICA_90,Multilayer Perceptron,"{'module__num_units': 20, 'module__activation_func': Tanh(), 'lr': 0.1}",0.04654893651604652,0.1723617017269135,0.3839269280433655,0.2157520255201478,26.55949294567108
220,BA11_80:20_MinMax_window1_ICA_95,Multilayer Perceptron,"{'module__num_units': 20, 'module__activation_func': Tanh(), 'lr': 0.1}",0.04531935602426529,0.1669260114431381,0.3788739144802094,0.2128834329492675,25.75851380825043
221,BA11_80:20_MinMax_window1_ICA_90,Long Short-Term Memory Network,"{'module__num_layers': 1, 'module__hidden_size': 75, 'max_epochs': 30, 'lr': 0.1, 'batch_size': 16}",0.02251162007451057,0.1332421600818634,0.1910517811775208,0.150038728582025,17.97379553318024
222,BA11_80:20_MinMax_window1_ICA_95,Long Short-Term Memory Network,"{'module__num_layers': 1, 'module__hidden_size': 75, 'max_epochs': 30, 'lr': 0.1, 'batch_size': 16}",0.02407178096473217,0.1370842307806015,0.1983845233917236,0.1551508329488829,18.47968846559525
223,BA11_80:20_MinMax_window1_ICA_90,Convolutional neural network,{},0.04278130084276199,0.1633390188217163,0.3703940510749817,0.2068364108245016,25.2920389175415
224,BA11_80:20_MinMax_window1_ICA_95,Convolutional neural network,{},0.0448625385761261,0.1687439829111099,0.3513731360435486,0.211807786863765,26.26103758811951
225,BA11_60:40_MinMax_window1_ICA_90,Linear Regressor,{},0.003065124719534096,0.04434451047512875,0.1288197861496312,0.05536356852239653,10.25758990262414
226,BA11_60:40_MinMax_window1_ICA_95,Linear Regressor,{},0.0026218861569445,0.04038195391203985,0.1121206415879072,0.05120435681604155,9.211114416047057
227,BA11_60:40_MinMax_window1_ICA_90,Support Vector Regressor,"{'kernel': 'rbf', 'gamma': 0.0001, 'C': 1}",0.06127280920212397,0.1963197820635788,0.6336121150080561,0.2475334506730837,33.83227367723825
228,BA11_60:40_MinMax_window1_ICA_95,Support Vector Regressor,"{'kernel': 'rbf', 'gamma': 0.0001, 'C': 1}",0.06126818150494909,0.1963104744262758,0.6335743880378097,0.2475241028767685,33.83100298256716
229,BA11_60:40_MinMax_window1_ICA_90,Decision Tree Regressor,"{'splitter': 'best', 'min_samples_split': 5, 'min_samples_leaf': 4, 'min_impurity_decrease': 0.1, 'max_leaf_nodes': 90, 'max_features': None, 'max_depth': 26, 'criterion': 'mae', 'ccp_alpha': 0.0}",0.06088925984998305,0.1955811040767273,0.6386735704534275,0.2467574919834919,33.68024536253559
230,BA11_60:40_MinMax_window1_ICA_95,Decision Tree Regressor,"{'splitter': 'best', 'min_samples_split': 5, 'min_samples_leaf': 4, 'min_impurity_decrease': 0.1, 'max_leaf_nodes': 90, 'max_features': None, 'max_depth': 26, 'criterion': 'mae', 'ccp_alpha': 0.0}",0.06088925984998305,0.1955811040767273,0.6386735704534275,0.2467574919834919,33.68024536253559
231,BA11_60:40_MinMax_window1_ICA_90,K-Neighbors Regressor,"{'weights': 'uniform', 'n_neighbors': 1}",0.09366441245355882,0.2302963137697992,0.5939605997214125,0.3060464220564567,46.63436498629238
232,BA11_60:40_MinMax_window1_ICA_95,K-Neighbors Regressor,"{'weights': 'uniform', 'n_neighbors': 1}",0.08800184667525113,0.2184110573109947,0.5697929426346907,0.2966510520379982,42.80775408975553
233,BA11_60:40_MinMax_window1_ICA_90,Stochastic Gradient Descent Regressor,"{'tol': 0.0001, 'power_t': 0.25, 'penalty': 'elasticnet', 'max_iter': 3000, 'loss': 'squared_loss', 'learning_rate': 'optimal', 'l1_ratio': 0, 'fit_intercept': True, 'eta0': 0.001, 'alpha': 1}",0.06316102908615802,0.2004626074277202,0.609058959195432,0.2513185808613402,34.68710238837169
234,BA11_60:40_MinMax_window1_ICA_95,Stochastic Gradient Descent Regressor,"{'tol': 0.0001, 'power_t': 0.25, 'penalty': 'elasticnet', 'max_iter': 3000, 'loss': 'squared_loss', 'learning_rate': 'optimal', 'l1_ratio': 0, 'fit_intercept': True, 'eta0': 0.001, 'alpha': 1}",0.0631356382532131,0.2004086040533856,0.6088736089791105,0.2512680605513026,34.67915800431527
235,BA11_60:40_MinMax_window1_ICA_90,Voting Regressor,"{'rf__n_estimators': 100, 'gb__n_estimators': 10}",0.0439806623983476,0.1770153111247019,0.3965585625338691,0.209715670369068,31.69227822667503
236,BA11_60:40_MinMax_window1_ICA_95,Voting Regressor,"{'rf__n_estimators': 50, 'gb__n_estimators': 200}",0.0561863403526963,0.1999146386284857,0.2940126528286122,0.237036580199547,33.65480047708881
237,BA11_60:40_MinMax_window1_ICA_90,Stacking Regressor,{'final_estimator': LinearSVR(random_state=42)},0.04125192519166989,0.1568991548818961,0.5981979527891724,0.203105699554862,28.4082964259823
238,BA11_60:40_MinMax_window1_ICA_95,Stacking Regressor,{'final_estimator': LinearSVR(random_state=42)},0.1048641004769491,0.2558160481890391,0.9157001230866899,0.3238272695079109,40.60364320785079
239,BA11_60:40_MinMax_window1_ICA_90,Gradient Boosting Regressor,"{'n_estimators': 10, 'min_samples_split': 10, 'min_samples_leaf': 10, 'min_impurity_decrease': 2, 'max_leaf_nodes': 10, 'max_features': 'sqrt', 'max_depth': None, 'learning_rate': 0.05}",0.06436263083206335,0.2024447270536349,0.6147466144747596,0.2536979125496766,34.98042100446048
240,BA11_60:40_MinMax_window1_ICA_95,Gradient Boosting Regressor,"{'n_estimators': 10, 'min_samples_split': 10, 'min_samples_leaf': 10, 'min_impurity_decrease': 2, 'max_leaf_nodes': 10, 'max_features': 'sqrt', 'max_depth': None, 'learning_rate': 0.05}",0.06436263083206335,0.2024447270536349,0.6147466144747596,0.2536979125496766,34.98042100446048
241,BA11_60:40_MinMax_window1_ICA_90,Random Forest Regressor,"{'n_estimators': 10, 'min_samples_split': 2, 'min_samples_leaf': 4, 'max_depth': 30}",0.08816597668651081,0.2465521212427082,0.6423703962543712,0.296927561345374,43.33361227559773
242,BA11_60:40_MinMax_window1_ICA_95,Random Forest Regressor,"{'n_estimators': 50, 'min_samples_split': 10, 'min_samples_leaf': 1, 'max_depth': 30}",0.08474272688409751,0.249299617901787,0.4951723583290223,0.2911060406176716,44.67574271554038
243,BA11_60:40_MinMax_window1_ICA_90,AdaBoostRegressor,"{'n_estimators': 50, 'loss': 'linear', 'learning_rate': 0.01}",0.06484595401481108,0.2088630538549987,0.5988189311694729,0.2546486874397963,37.15695005303283
244,BA11_60:40_MinMax_window1_ICA_95,AdaBoostRegressor,"{'n_estimators': 400, 'loss': 'square', 'learning_rate': 1.0}",0.05741820485000351,0.1984890930613731,0.503257161682153,0.2396209607901686,35.71558464771659
245,BA11_60:40_MinMax_window1_ICA_90,BaggingRegressor,"{'n_estimators': 50, 'max_samples': 0.7000000000000001, 'max_features': 0.9}",0.07844453454313254,0.234861438479153,0.565190770385362,0.2800795146795505,41.49339474400396
246,BA11_60:40_MinMax_window1_ICA_95,BaggingRegressor,"{'n_estimators': 150, 'max_samples': 0.1, 'max_features': 1.0}",0.07196107915217026,0.2239814480624807,0.58028564606487,0.2682556227782938,39.12612175954063
247,BA11_60:40_MinMax_window1_ICA_90,ExtraTreesRegressor,"{'n_estimators': 100, 'min_samples_split': 10, 'min_samples_leaf': 1, 'max_depth': 20}",0.09615122473508861,0.2560228665406512,0.4686313145834362,0.3100826095334736,46.34735307666902
248,BA11_60:40_MinMax_window1_ICA_95,ExtraTreesRegressor,"{'n_estimators': 50, 'min_samples_split': 10, 'min_samples_leaf': 1, 'max_depth': 30}",0.1030028687621394,0.2541336674927491,0.4604481198049398,0.3209406000526256,46.44173279725541
249,BA11_60:40_MinMax_window1_ICA_90,XGBoost Regressor,"{'subsample': 1.0, 'reg_lambda': 0, 'reg_alpha': 1.0, 'n_estimators': 700, 'min_child_weight': 1, 'max_depth': 9, 'learning_rate': 0.01, 'gamma': 0.3, 'colsample_bytree': 0.8}",0.06436263094966592,0.2024447274118647,0.6147466141784622,0.2536979127814534,34.98042106850195
250,BA11_60:40_MinMax_window1_ICA_95,XGBoost Regressor,"{'subsample': 1.0, 'reg_lambda': 0, 'reg_alpha': 1.0, 'n_estimators': 700, 'min_child_weight': 1, 'max_depth': 9, 'learning_rate': 0.01, 'gamma': 0.3, 'colsample_bytree': 0.8}",0.06436263094966592,0.2024447274118647,0.6147466141784622,0.2536979127814534,34.98042106850195
251,BA11_60:40_MinMax_window1_ICA_90,Multilayer Perceptron,"{'module__num_units': 20, 'module__activation_func': Tanh(), 'lr': 0.1}",0.0623118169605732,0.1949225813150406,0.7116211652755737,0.2496233501909891,33.05244147777557
252,BA11_60:40_MinMax_window1_ICA_95,Multilayer Perceptron,"{'module__num_units': 20, 'module__activation_func': Tanh(), 'lr': 0.1}",0.0616743415594101,0.1930036544799805,0.7105208039283752,0.2483431931006165,32.76515603065491
253,BA11_60:40_MinMax_window1_ICA_90,Long Short-Term Memory Network,"{'module__num_layers': 1, 'module__hidden_size': 75, 'max_epochs': 30, 'lr': 0.1, 'batch_size': 16}",0.04287110269069672,0.1720432043075562,0.35694220662117,0.2070533812587873,26.0415643453598
254,BA11_60:40_MinMax_window1_ICA_95,Long Short-Term Memory Network,"{'module__num_layers': 1, 'module__hidden_size': 25, 'max_epochs': 20, 'lr': 0.1, 'batch_size': 16}",0.04451355710625648,0.1729812026023865,0.3698409497737885,0.210982362073839,26.07050240039825
255,BA11_60:40_MinMax_window1_ICA_90,Convolutional neural network,{},0.06214886158704758,0.1920049339532852,0.7374094128608704,0.2492967340079841,32.48306214809418
256,BA11_60:40_MinMax_window1_ICA_95,Convolutional neural network,{},0.0599578395485878,0.188615009188652,0.6879290342330933,0.2448628994939572,32.27937817573547
257,BA11_70:30_MinMax_window1_ICA_90,Linear Regressor,{},0.02465383927808517,0.1154987153603183,0.3182737770437604,0.1570154109572852,20.57770424586292
258,BA11_70:30_MinMax_window1_ICA_95,Linear Regressor,{},0.0252355609155453,0.1193112820686143,0.3291322408254562,0.1588570455332255,21.32904450193384
259,BA11_70:30_MinMax_window1_ICA_90,Support Vector Regressor,"{'kernel': 'rbf', 'gamma': 0.0001, 'C': 1}",0.05385333951260128,0.184498604736672,0.5055824506949936,0.2320632230936244,30.89535572149785
260,BA11_70:30_MinMax_window1_ICA_95,Support Vector Regressor,"{'kernel': 'rbf', 'gamma': 0.0001, 'C': 1}",0.05385249296040218,0.1844994198595293,0.5055894729173188,0.2320613991175658,30.89548617498317
261,BA11_70:30_MinMax_window1_ICA_90,Decision Tree Regressor,"{'splitter': 'best', 'min_samples_split': 5, 'min_samples_leaf': 4, 'min_impurity_decrease': 0.1, 'max_leaf_nodes': 90, 'max_features': None, 'max_depth': 26, 'criterion': 'mae', 'ccp_alpha': 0.0}",0.05333434849253286,0.1836392004221472,0.5090276832651499,0.2309423055495308,30.73537468940822
262,BA11_70:30_MinMax_window1_ICA_95,Decision Tree Regressor,"{'splitter': 'best', 'min_samples_split': 5, 'min_samples_leaf': 4, 'min_impurity_decrease': 0.1, 'max_leaf_nodes': 90, 'max_features': None, 'max_depth': 26, 'criterion': 'mae', 'ccp_alpha': 0.0}",0.05333434849253286,0.1836392004221472,0.5090276832651499,0.2309423055495308,30.73537468940822
263,BA11_70:30_MinMax_window1_ICA_90,K-Neighbors Regressor,"{'weights': 'uniform', 'n_neighbors': 1}",0.07629813549843424,0.203827565383405,0.4731117477718111,0.2762211713436069,39.08216479824054
264,BA11_70:30_MinMax_window1_ICA_95,K-Neighbors Regressor,"{'weights': 'uniform', 'n_neighbors': 1}",0.07853308720322381,0.2032397829245631,0.4795218115211303,0.280237554947983,38.27441854083087
265,BA11_70:30_MinMax_window1_ICA_90,Stochastic Gradient Descent Regressor,"{'tol': 0.0001, 'power_t': 0.25, 'penalty': 'elasticnet', 'max_iter': 3000, 'loss': 'squared_loss', 'learning_rate': 'optimal', 'l1_ratio': 0, 'fit_intercept': True, 'eta0': 0.001, 'alpha': 1}",0.05647583250647753,0.1889599991280345,0.4916728426443628,0.2376464443379651,31.72251891527469
266,BA11_70:30_MinMax_window1_ICA_95,Stochastic Gradient Descent Regressor,"{'tol': 0.0001, 'power_t': 0.25, 'penalty': 'elasticnet', 'max_iter': 3000, 'loss': 'squared_loss', 'learning_rate': 'optimal', 'l1_ratio': 0, 'fit_intercept': True, 'eta0': 0.001, 'alpha': 1}",0.0564866539691606,0.1890048894648294,0.4918100429896764,0.2376692112351968,31.72947986933249
267,BA11_70:30_MinMax_window1_ICA_90,Voting Regressor,"{'rf__n_estimators': 50, 'gb__n_estimators': 10}",0.03714912507506971,0.1410119014599196,0.4062474543348581,0.1927410829975532,24.26114716155877
268,BA11_70:30_MinMax_window1_ICA_95,Voting Regressor,"{'rf__n_estimators': 50, 'gb__n_estimators': 50}",0.04143773132396043,0.1543331041624847,0.4494810425740286,0.203562598047776,26.5551987486803
269,BA11_70:30_MinMax_window1_ICA_90,Stacking Regressor,{'final_estimator': GradientBoostingRegressor(random_state=42)},0.1155617949299559,0.2721291865914028,0.5612895197618093,0.3399438114305891,50.3208533060799
270,BA11_70:30_MinMax_window1_ICA_95,Stacking Regressor,{'final_estimator': LinearSVR(random_state=42)},0.0953046868126817,0.2514466109706322,0.6107011014936825,0.3087145717530705,42.38640401552583
271,BA11_70:30_MinMax_window1_ICA_90,Gradient Boosting Regressor,"{'n_estimators': 100, 'min_samples_split': 5, 'min_samples_leaf': 10, 'min_impurity_decrease': 2, 'max_leaf_nodes': None, 'max_features': 'sqrt', 'max_depth': 20, 'learning_rate': 1}",0.05708941448535501,0.1903011716057363,0.494304436956267,0.2389339123802961,31.93583952126601
272,BA11_70:30_MinMax_window1_ICA_95,Gradient Boosting Regressor,"{'n_estimators': 100, 'min_samples_split': 5, 'min_samples_leaf': 10, 'min_impurity_decrease': 2, 'max_leaf_nodes': None, 'max_features': 'sqrt', 'max_depth': 20, 'learning_rate': 1}",0.05708941448535501,0.1903011716057363,0.494304436956267,0.2389339123802961,31.93583952126601
273,BA11_70:30_MinMax_window1_ICA_90,Random Forest Regressor,"{'n_estimators': 100, 'min_samples_split': 5, 'min_samples_leaf': 4, 'max_depth': 10}",0.04915337021596024,0.1730217786590851,0.4710012098584723,0.2217055935603796,29.22119598653686
274,BA11_70:30_MinMax_window1_ICA_95,Random Forest Regressor,"{'n_estimators': 50, 'min_samples_split': 2, 'min_samples_leaf': 4, 'max_depth': 20}",0.0528672310085905,0.1834971863294716,0.4852168758078344,0.2299287520267757,30.95283056154246
275,BA11_70:30_MinMax_window1_ICA_90,AdaBoostRegressor,"{'n_estimators': 400, 'loss': 'square', 'learning_rate': 1.0}",0.04639508178894129,0.1707883878434616,0.4843022760971137,0.2153951758720266,28.71639642056854
276,BA11_70:30_MinMax_window1_ICA_95,AdaBoostRegressor,"{'n_estimators': 400, 'loss': 'square', 'learning_rate': 1.0}",0.06023867916363463,0.1992780951422665,0.5590131170469136,0.2454356925217574,32.81610315463359
277,BA11_70:30_MinMax_window1_ICA_90,BaggingRegressor,"{'n_estimators': 150, 'max_samples': 0.1, 'max_features': 1.0}",0.0664112552874238,0.2109010761530587,0.4875264347397136,0.2577038131022197,35.69119488286581
278,BA11_70:30_MinMax_window1_ICA_95,BaggingRegressor,"{'n_estimators': 150, 'max_samples': 0.1, 'max_features': 1.0}",0.06462238165063522,0.2093379827939228,0.4859438538440218,0.2542093264430619,35.43266511854342
279,BA11_70:30_MinMax_window1_ICA_90,ExtraTreesRegressor,"{'n_estimators': 100, 'min_samples_split': 10, 'min_samples_leaf': 1, 'max_depth': 20}",0.04599658979211976,0.1645628984490103,0.4828185741934301,0.2144681556598083,27.8147710985824
280,BA11_70:30_MinMax_window1_ICA_95,ExtraTreesRegressor,"{'n_estimators': 100, 'min_samples_split': 10, 'min_samples_leaf': 1, 'max_depth': 20}",0.05246205929530302,0.1853595964757351,0.4773719275222063,0.2290459763787677,31.43270789853624
281,BA11_70:30_MinMax_window1_ICA_90,XGBoost Regressor,"{'subsample': 1.0, 'reg_lambda': 0, 'reg_alpha': 1.0, 'n_estimators': 700, 'min_child_weight': 1, 'max_depth': 9, 'learning_rate': 0.01, 'gamma': 0.3, 'colsample_bytree': 0.8}",0.05700054659152098,0.1898407677307632,0.4945756828900943,0.2387478724334962,31.85292193832749
282,BA11_70:30_MinMax_window1_ICA_95,XGBoost Regressor,"{'subsample': 0.8, 'reg_lambda': 0.5, 'reg_alpha': 1.0, 'n_estimators': 600, 'min_child_weight': 5, 'max_depth': 8, 'learning_rate': 0.2, 'gamma': 0.1, 'colsample_bytree': 0.7}",0.0556301550259614,0.1908059756340408,0.5416032907797917,0.235860456681406,31.93652788079907
283,BA11_70:30_MinMax_window1_ICA_90,Multilayer Perceptron,"{'module__num_units': 20, 'module__activation_func': Tanh(), 'lr': 0.1}",0.05234971269965172,0.1794121861457825,0.5564300417900085,0.2288005959337775,29.74919080734253
284,BA11_70:30_MinMax_window1_ICA_95,Multilayer Perceptron,"{'module__num_units': 50, 'module__activation_func': Tanh(), 'lr': 0.1}",0.05206956341862679,0.1806202083826065,0.5600050687789917,0.2281875619279604,29.91844713687897
285,BA11_70:30_MinMax_window1_ICA_90,Long Short-Term Memory Network,"{'module__num_layers': 1, 'module__hidden_size': 25, 'max_epochs': 20, 'lr': 0.1, 'batch_size': 16}",0.03285792842507362,0.15654656291008,0.2535039484500885,0.1812675603219551,22.20547944307327
286,BA11_70:30_MinMax_window1_ICA_95,Long Short-Term Memory Network,"{'module__num_layers': 1, 'module__hidden_size': 25, 'max_epochs': 20, 'lr': 0.1, 'batch_size': 16}",0.03297195211052895,0.1569860130548477,0.2523395717144012,0.1815818055602734,22.27095365524292
287,BA11_70:30_MinMax_window1_ICA_90,Convolutional neural network,{},0.05089015141129494,0.1813547015190125,0.5208792686462402,0.2255884558466921,30.34470677375793
288,BA11_70:30_MinMax_window1_ICA_95,Convolutional neural network,{},0.04995372146368027,0.1789548546075821,0.5150806307792664,0.2235032918408144,29.97966110706329
289,BA11_60:40_Log_window1_ICA_90,Linear Regressor,{},6.118568609350986e-07,0.0006199100350023499,0.0003081258115772942,0.0007822127977316011,0.03079814301146308
290,BA11_60:40_Log_window1_ICA_95,Linear Regressor,{},4.456985851372211e-07,0.0005302893508958317,0.0002629039582065132,0.0006676066095667576,0.02628052423642991
291,BA11_60:40_Log_window1_ICA_90,Support Vector Regressor,"{'kernel': 'rbf', 'gamma': 0.0001, 'C': 1}",0.3380004658017665,0.3721795640021554,0.2665878095085366,0.5813780747515049,16.65490358552303
292,BA11_60:40_Log_window1_ICA_95,Support Vector Regressor,"{'kernel': 'rbf', 'gamma': 0.0001, 'C': 1}",0.337999677547624,0.3721858317792203,0.266585328226511,0.5813773968324052,16.65518811667766
293,BA11_60:40_Log_window1_ICA_90,Decision Tree Regressor,"{'splitter': 'best', 'min_samples_split': 5, 'min_samples_leaf': 2, 'min_impurity_decrease': 1.0, 'max_leaf_nodes': 50, 'max_features': 'auto', 'max_depth': 32, 'criterion': 'mae', 'ccp_alpha': 1.0}",0.341187436246534,0.3682248017734828,0.2680821073384063,0.5841125201932706,16.48242223288885
294,BA11_60:40_Log_window1_ICA_95,Decision Tree Regressor,"{'splitter': 'best', 'min_samples_split': 5, 'min_samples_leaf': 4, 'min_impurity_decrease': 0.1, 'max_leaf_nodes': 90, 'max_features': None, 'max_depth': 26, 'criterion': 'mae', 'ccp_alpha': 0.0}",0.341187436246534,0.3682248017734828,0.2680821073384063,0.5841125201932706,16.48242223288885
295,BA11_60:40_Log_window1_ICA_90,K-Neighbors Regressor,"{'weights': 'uniform', 'n_neighbors': 1}",1.108863421613915,0.6262816198670876,0.3307584139679928,1.053025840905111,30.75685128576028
296,BA11_60:40_Log_window1_ICA_95,K-Neighbors Regressor,"{'weights': 'uniform', 'n_neighbors': 1}",0.5687401117481479,0.4910946750864411,0.3166750647151638,0.754148600574282,22.90992270435795
297,BA11_60:40_Log_window1_ICA_90,Stochastic Gradient Descent Regressor,"{'tol': 1e-05, 'power_t': 0.5, 'penalty': 'l1', 'max_iter': 3000, 'loss': 'squared_epsilon_insensitive', 'learning_rate': 'adaptive', 'l1_ratio': 1, 'fit_intercept': True, 'eta0': 0.1, 'alpha': 0.01}",0.1986643274155895,0.3667050053534488,0.1600610398088079,0.4457177665469366,14.98297307568387
298,BA11_60:40_Log_window1_ICA_95,Stochastic Gradient Descent Regressor,"{'tol': 1e-05, 'power_t': 0.5, 'penalty': 'l1', 'max_iter': 3000, 'loss': 'squared_epsilon_insensitive', 'learning_rate': 'adaptive', 'l1_ratio': 1, 'fit_intercept': True, 'eta0': 0.1, 'alpha': 0.01}",0.1900658202142755,0.3628372671234399,0.155762881537678,0.4359653887802052,14.92023124199898
299,BA11_60:40_Log_window1_ICA_90,Voting Regressor,"{'rf__n_estimators': 10, 'gb__n_estimators': 10}",0.4837106163782679,0.6126891633185556,0.2470062202783311,0.6954930742849047,28.02398405917912
300,BA11_60:40_Log_window1_ICA_95,Voting Regressor,"{'rf__n_estimators': 100, 'gb__n_estimators': 10}",1.083876832350345,0.9686296298130519,0.375193397506086,1.041094055477383,45.25118228871472
301,BA11_60:40_Log_window1_ICA_90,Stacking Regressor,{'final_estimator': LinearSVR(random_state=42)},0.8521792109133791,0.7907128706148484,0.41012039803817,0.9231355322558975,35.06315436075247
302,BA11_60:40_Log_window1_ICA_95,Stacking Regressor,{'final_estimator': GradientBoostingRegressor(random_state=42)},1.561735876901704,1.124206494545019,0.5680564451136172,1.249694313382958,51.96992117707736
303,BA11_60:40_Log_window1_ICA_90,Gradient Boosting Regressor,"{'n_estimators': 10, 'min_samples_split': 10, 'min_samples_leaf': 10, 'min_impurity_decrease': 2, 'max_leaf_nodes': 10, 'max_features': 'sqrt', 'max_depth': None, 'learning_rate': 0.05}",0.3745969813141874,0.4764403042675752,0.280817195930726,0.6120432838567771,21.01166117868811
304,BA11_60:40_Log_window1_ICA_95,Gradient Boosting Regressor,"{'n_estimators': 10, 'min_samples_split': 10, 'min_samples_leaf': 10, 'min_impurity_decrease': 2, 'max_leaf_nodes': 10, 'max_features': 'sqrt', 'max_depth': None, 'learning_rate': 0.05}",0.4072507134030361,0.4876189738060278,0.2954852345266354,0.6381619805371017,21.34822560678776
305,BA11_60:40_Log_window1_ICA_90,Random Forest Regressor,"{'n_estimators': 100, 'min_samples_split': 10, 'min_samples_leaf': 1, 'max_depth': 20}",1.045695205685103,0.9402592087417722,0.3901350899517192,1.022592394693557,45.27398800708659
306,BA11_60:40_Log_window1_ICA_95,Random Forest Regressor,"{'n_estimators': 100, 'min_samples_split': 10, 'min_samples_leaf': 1, 'max_depth': 20}",3.008577325569414,1.604135234768967,0.6086799070695644,1.734525100876149,88.69593800687504
307,BA11_60:40_Log_window1_ICA_90,AdaBoostRegressor,"{'n_estimators': 250, 'loss': 'linear', 'learning_rate': 0.01}",0.4765970559170483,0.5673471587127125,0.2824850641614944,0.6903600914863549,26.84383335340179
308,BA11_60:40_Log_window1_ICA_95,AdaBoostRegressor,"{'n_estimators': 50, 'loss': 'linear', 'learning_rate': 0.01}",1.760651512902445,1.22942386461928,0.5004787019121945,1.326895441586278,61.53354455095131
309,BA11_60:40_Log_window1_ICA_90,BaggingRegressor,"{'n_estimators': 50, 'max_samples': 0.7000000000000001, 'max_features': 0.9}",1.33652438809891,1.076695646235616,0.4453853319961165,1.156081479870216,51.800750654774
310,BA11_60:40_Log_window1_ICA_95,BaggingRegressor,"{'n_estimators': 50, 'max_samples': 0.7000000000000001, 'max_features': 0.9}",2.293169646206633,1.408365102111056,0.5504669150247723,1.514321513486034,73.91996114557512
311,BA11_60:40_Log_window1_ICA_90,ExtraTreesRegressor,"{'n_estimators': 50, 'min_samples_split': 10, 'min_samples_leaf': 1, 'max_depth': 30}",2.531042297579732,1.430113535175623,0.5297624365679334,1.590924981757384,76.61220324995423
312,BA11_60:40_Log_window1_ICA_95,ExtraTreesRegressor,"{'n_estimators': 50, 'min_samples_split': 10, 'min_samples_leaf': 1, 'max_depth': 30}",3.451629375075598,1.727684711164931,0.6730888012718603,1.857856123351751,104.2119040925336
313,BA11_60:40_Log_window1_ICA_90,XGBoost Regressor,"{'subsample': 0.7, 'reg_lambda': 0.1, 'reg_alpha': 0.1, 'n_estimators': 100, 'min_child_weight': 1, 'max_depth': 9, 'learning_rate': 0.3, 'gamma': 0.3, 'colsample_bytree': 0.8}",2.482172797826763,1.432703158710439,0.5379385677700375,1.575491287766061,77.66809730067376
314,BA11_60:40_Log_window1_ICA_95,XGBoost Regressor,"{'subsample': 1.0, 'reg_lambda': 0, 'reg_alpha': 1.0, 'n_estimators': 700, 'min_child_weight': 1, 'max_depth': 9, 'learning_rate': 0.01, 'gamma': 0.3, 'colsample_bytree': 0.8}",1.5508827589986,1.163611078831611,0.4907623306576907,1.245344433881085,56.86729196929662
315,BA11_60:40_Log_window1_ICA_90,Multilayer Perceptron,"{'module__num_units': 10, 'module__activation_func': ReLU(), 'lr': 0.1}",0.3784132301807404,0.3655332028865814,0.2795397341251373,0.6151530136321697,16.26447737216949
316,BA11_60:40_Log_window1_ICA_95,Multilayer Perceptron,"{'module__num_units': 10, 'module__activation_func': ReLU(), 'lr': 0.1}",0.4259056746959686,0.4255104064941406,0.308353453874588,0.6526144916380333,18.39693486690521
317,BA11_60:40_Log_window1_ICA_90,Long Short-Term Memory Network,"{'module__num_layers': 1, 'module__hidden_size': 75, 'max_epochs': 30, 'lr': 0.1, 'batch_size': 16}",0.1351858228445053,0.2718727886676788,0.1176571547985077,0.3676762473216149,10.54929196834564
318,BA11_60:40_Log_window1_ICA_95,Long Short-Term Memory Network,"{'module__num_layers': 1, 'module__hidden_size': 75, 'max_epochs': 30, 'lr': 0.1, 'batch_size': 16}",0.1500077843666077,0.2743221521377563,0.1213751211762428,0.3873083840644399,10.62658056616783
319,BA11_60:40_Log_window1_ICA_90,Convolutional neural network,{},0.3567295372486115,0.4290233552455902,0.2809681594371796,0.5972683963249784,18.94641071557999
320,BA11_60:40_Log_window1_ICA_95,Convolutional neural network,{},2.650572776794434,1.447527766227722,0.8010767102241516,1.628057977098615,45.15599012374878
321,BA11_70:30_Log_window1_ICA_90,Linear Regressor,{},2.663596121388047e-07,0.0004273137947934234,0.0001985783687981264,0.0005161003895937347,0.01985258226288783
322,BA11_70:30_Log_window1_ICA_95,Linear Regressor,{},2.235244822285724e-07,0.0003825669571935753,0.0001711021235415052,0.0004727837584229944,0.01710665990867106
323,BA11_70:30_Log_window1_ICA_90,Support Vector Regressor,"{'kernel': 'rbf', 'gamma': 0.0001, 'C': 1}",0.2589906185233984,0.3338065677839034,0.2062128256388337,0.5089112088797008,14.29562537053886
324,BA11_70:30_Log_window1_ICA_95,Support Vector Regressor,"{'kernel': 'rbf', 'gamma': 0.0001, 'C': 1}",0.258994561681588,0.3338054275456077,0.206213174411589,0.5089150829770994,14.29557413103525
325,BA11_70:30_Log_window1_ICA_90,Decision Tree Regressor,"{'splitter': 'best', 'min_samples_split': 5, 'min_samples_leaf': 2, 'min_impurity_decrease': 1.0, 'max_leaf_nodes': 50, 'max_features': 'auto', 'max_depth': 32, 'criterion': 'mae', 'ccp_alpha': 1.0}",0.2596840165691064,0.3292895567667161,0.2067857154789246,0.5095920099148988,14.11028569766919
326,BA11_70:30_Log_window1_ICA_95,Decision Tree Regressor,"{'splitter': 'best', 'min_samples_split': 5, 'min_samples_leaf': 2, 'min_impurity_decrease': 1.0, 'max_leaf_nodes': 50, 'max_features': 'auto', 'max_depth': 32, 'criterion': 'mae', 'ccp_alpha': 1.0}",0.2596840165691064,0.3292895567667161,0.2067857154789246,0.5095920099148988,14.11028569766919
327,BA11_70:30_Log_window1_ICA_90,K-Neighbors Regressor,"{'weights': 'uniform', 'n_neighbors': 5}",0.3771456411719515,0.4625035736320348,0.2409152691395196,0.6141218455420321,19.8204366299979
328,BA11_70:30_Log_window1_ICA_95,K-Neighbors Regressor,"{'weights': 'distance', 'n_neighbors': 2}",0.6282055539815866,0.5041173612568317,0.2598947945712077,0.7925941924980189,23.9226422621479
329,BA11_70:30_Log_window1_ICA_90,Stochastic Gradient Descent Regressor,"{'tol': 1e-05, 'power_t': 0.5, 'penalty': 'l1', 'max_iter': 3000, 'loss': 'squared_epsilon_insensitive', 'learning_rate': 'adaptive', 'l1_ratio': 1, 'fit_intercept': True, 'eta0': 0.1, 'alpha': 0.01}",0.2935846764036268,0.4497376935763593,0.2159515915712121,0.5418345470746829,19.1645530445216
330,BA11_70:30_Log_window1_ICA_95,Stochastic Gradient Descent Regressor,"{'tol': 1e-05, 'power_t': 0.5, 'penalty': 'l1', 'max_iter': 3000, 'loss': 'squared_epsilon_insensitive', 'learning_rate': 'adaptive', 'l1_ratio': 1, 'fit_intercept': True, 'eta0': 0.1, 'alpha': 0.01}",0.2310175960442371,0.3938874658598439,0.1632976837709694,0.4806428986724314,16.74846440861567
331,BA11_70:30_Log_window1_ICA_90,Voting Regressor,"{'rf__n_estimators': 10, 'gb__n_estimators': 10}",0.4345546882368168,0.5900744543700709,0.2354434960031143,0.6592076214947888,26.13104761365046
332,BA11_70:30_Log_window1_ICA_95,Voting Regressor,"{'rf__n_estimators': 50, 'gb__n_estimators': 10}",0.4794937026739445,0.6156453858022384,0.2408475496385665,0.6924548380031325,26.44034702035754
333,BA11_70:30_Log_window1_ICA_90,Stacking Regressor,{'final_estimator': LinearSVR(random_state=42)},0.2144526518025892,0.3141304488443115,0.1918523247738438,0.463090327908702,13.55449026919958
334,BA11_70:30_Log_window1_ICA_95,Stacking Regressor,{'final_estimator': GradientBoostingRegressor(random_state=42)},0.7459076885895907,0.7232519802996272,0.3519569845818983,0.8636594749029218,30.62652720291618
335,BA11_70:30_Log_window1_ICA_90,Gradient Boosting Regressor,"{'n_estimators': 10, 'min_samples_split': 10, 'min_samples_leaf': 10, 'min_impurity_decrease': 2, 'max_leaf_nodes': 10, 'max_features': 'sqrt', 'max_depth': None, 'learning_rate': 0.05}",0.3776332242584215,0.5126170425795232,0.2465088582879834,0.6145186931724872,21.78726292744672
336,BA11_70:30_Log_window1_ICA_95,Gradient Boosting Regressor,"{'n_estimators': 10, 'min_samples_split': 10, 'min_samples_leaf': 10, 'min_impurity_decrease': 2, 'max_leaf_nodes': 10, 'max_features': 'sqrt', 'max_depth': None, 'learning_rate': 0.05}",0.3168058384402216,0.4653295406880977,0.2331582437945676,0.5628550776534059,19.74399893897817
337,BA11_70:30_Log_window1_ICA_90,Random Forest Regressor,"{'n_estimators': 100, 'min_samples_split': 10, 'min_samples_leaf': 1, 'max_depth': 20}",1.260883013195531,1.022856702268648,0.3913223074334435,1.122890472484085,49.29718206501062
338,BA11_70:30_Log_window1_ICA_95,Random Forest Regressor,"{'n_estimators': 50, 'min_samples_split': 10, 'min_samples_leaf': 1, 'max_depth': 30}",1.290312495173906,1.03361438681709,0.3891621943594854,1.135919229159321,48.07703027238524
339,BA11_70:30_Log_window1_ICA_90,AdaBoostRegressor,"{'n_estimators': 50, 'loss': 'exponential', 'learning_rate': 0.01}",0.7577031447010786,0.6790057075711659,0.2815539948684798,0.8704614550346722,32.346654144574
340,BA11_70:30_Log_window1_ICA_95,AdaBoostRegressor,"{'n_estimators': 50, 'loss': 'exponential', 'learning_rate': 0.01}",0.5296885256854403,0.6005737713939548,0.2446226209923209,0.7277970360515632,26.5853421625317
341,BA11_70:30_Log_window1_ICA_90,BaggingRegressor,"{'n_estimators': 50, 'max_samples': 0.7000000000000001, 'max_features': 0.9}",1.130187021316162,0.9798924726593203,0.3816696491177609,1.063102545061464,46.45058228045361
342,BA11_70:30_Log_window1_ICA_95,BaggingRegressor,"{'n_estimators': 50, 'max_samples': 0.7000000000000001, 'max_features': 0.9}",1.219008911758779,0.9902779867467271,0.365819636613811,1.104087365999077,45.61323400569827
343,BA11_70:30_Log_window1_ICA_90,ExtraTreesRegressor,"{'n_estimators': 50, 'min_samples_split': 10, 'min_samples_leaf': 1, 'max_depth': 30}",2.493721926562278,1.488486481883126,0.557130528672695,1.579152280992013,77.71680174443873
344,BA11_70:30_Log_window1_ICA_95,ExtraTreesRegressor,"{'n_estimators': 100, 'min_samples_split': 10, 'min_samples_leaf': 1, 'max_depth': 20}",2.587376632182946,1.463084257132635,0.5370586024341238,1.608532446729921,77.00092517445934
345,BA11_70:30_Log_window1_ICA_90,XGBoost Regressor,"{'subsample': 1.0, 'reg_lambda': 0, 'reg_alpha': 1.0, 'n_estimators': 700, 'min_child_weight': 1, 'max_depth': 9, 'learning_rate': 0.01, 'gamma': 0.3, 'colsample_bytree': 0.8}",1.110029798250699,0.9611539963685021,0.3867663087599376,1.053579516814322,45.73630052573328
346,BA11_70:30_Log_window1_ICA_95,XGBoost Regressor,"{'subsample': 1.0, 'reg_lambda': 0, 'reg_alpha': 1.0, 'n_estimators': 700, 'min_child_weight': 1, 'max_depth': 9, 'learning_rate': 0.01, 'gamma': 0.3, 'colsample_bytree': 0.8}",0.6746310028784992,0.7006239351246423,0.2965493728271066,0.8213592410623376,31.47080640417204
347,BA11_70:30_Log_window1_ICA_90,Multilayer Perceptron,"{'module__num_units': 20, 'module__activation_func': Tanh(), 'lr': 0.1}",0.2516038715839386,0.3169079124927521,0.205951526761055,0.5016013073985539,13.62223923206329
348,BA11_70:30_Log_window1_ICA_95,Multilayer Perceptron,"{'module__num_units': 20, 'module__activation_func': ReLU(), 'lr': 0.1}",0.2800570130348206,0.3188347220420837,0.2107053846120834,0.5292041317250089,13.66099268198013
349,BA11_70:30_Log_window1_ICA_90,Long Short-Term Memory Network,"{'module__num_layers': 1, 'module__hidden_size': 25, 'max_epochs': 20, 'lr': 0.1, 'batch_size': 16}",0.09335773438215256,0.2633782923221588,0.09673408418893814,0.3055449793109888,9.544845670461655
350,BA11_70:30_Log_window1_ICA_95,Long Short-Term Memory Network,"{'module__num_layers': 1, 'module__hidden_size': 25, 'max_epochs': 20, 'lr': 0.1, 'batch_size': 16}",0.05773395299911499,0.2048597931861877,0.07441624253988266,0.2402789066878634,7.451537996530533
351,BA11_70:30_Log_window1_ICA_90,Convolutional neural network,{},0.3056347966194153,0.3936673700809479,0.2251026779413223,0.552842469985271,16.6162446141243
352,BA11_70:30_Log_window1_ICA_95,Convolutional neural network,{},1.742895841598511,1.18641209602356,0.592540442943573,1.320187805427133,38.29255998134613
353,BA11_80:20_Log_window1_ICA_90,Linear Regressor,{},8.43510289174328e-07,0.0008030629392802544,0.000304874973374408,0.00091842816222845,0.03049129166480794
354,BA11_80:20_Log_window1_ICA_95,Linear Regressor,{},8.587424733664748e-07,0.0007879175300604186,0.0002987845778322083,0.0009266835885923926,0.02988259420151843
355,BA11_80:20_Log_window1_ICA_90,Support Vector Regressor,"{'kernel': 'rbf', 'gamma': 0.0001, 'C': 1}",0.1687622344085734,0.2863892969782936,0.1310741629957836,0.4108068091068762,11.36845444654668
356,BA11_80:20_Log_window1_ICA_95,Support Vector Regressor,"{'kernel': 'rbf', 'gamma': 0.0001, 'C': 1}",0.1687614761133884,0.2863875832384116,0.131073596239591,0.4108058861717885,11.36838975192531
357,BA11_80:20_Log_window1_ICA_90,Decision Tree Regressor,"{'splitter': 'best', 'min_samples_split': 5, 'min_samples_leaf': 2, 'min_impurity_decrease': 1.0, 'max_leaf_nodes': 50, 'max_features': 'auto', 'max_depth': 32, 'criterion': 'mae', 'ccp_alpha': 1.0}",0.1665199396186878,0.2819851710152386,0.130436080137935,0.4080685476959574,11.19906587001983
358,BA11_80:20_Log_window1_ICA_95,Decision Tree Regressor,"{'splitter': 'best', 'min_samples_split': 5, 'min_samples_leaf': 2, 'min_impurity_decrease': 1.0, 'max_leaf_nodes': 50, 'max_features': 'auto', 'max_depth': 32, 'criterion': 'mae', 'ccp_alpha': 1.0}",0.1665199396186878,0.2819851710152386,0.130436080137935,0.4080685476959574,11.19906587001983
359,BA11_80:20_Log_window1_ICA_90,K-Neighbors Regressor,"{'weights': 'distance', 'n_neighbors': 6}",0.3661139825168903,0.4638886361064878,0.1831641552162333,0.6050735348012589,19.08744372635521
360,BA11_80:20_Log_window1_ICA_95,K-Neighbors Regressor,"{'weights': 'distance', 'n_neighbors': 6}",0.363992542666985,0.4860185421975292,0.1726442949658157,0.6033179449237235,19.63360957525044
361,BA11_80:20_Log_window1_ICA_90,Stochastic Gradient Descent Regressor,"{'tol': 1e-05, 'power_t': 0.5, 'penalty': 'l1', 'max_iter': 3000, 'loss': 'squared_epsilon_insensitive', 'learning_rate': 'adaptive', 'l1_ratio': 1, 'fit_intercept': True, 'eta0': 0.1, 'alpha': 0.01}",0.1850527236681562,0.3521249757216268,0.1495521660105339,0.4301775490052406,13.49852596745654
362,BA11_80:20_Log_window1_ICA_95,Stochastic Gradient Descent Regressor,"{'tol': 1e-05, 'power_t': 0.5, 'penalty': 'l1', 'max_iter': 3000, 'loss': 'squared_epsilon_insensitive', 'learning_rate': 'adaptive', 'l1_ratio': 1, 'fit_intercept': True, 'eta0': 0.1, 'alpha': 0.01}",0.144471310011812,0.3008357684626207,0.1300247367058779,0.3800938173817249,11.56975613610136
363,BA11_80:20_Log_window1_ICA_90,Voting Regressor,"{'rf__n_estimators': 10, 'gb__n_estimators': 100}",1.00471101887801,0.8826811330653667,0.3194788332254313,1.002352741742152,39.731786626052
364,BA11_80:20_Log_window1_ICA_95,Voting Regressor,"{'rf__n_estimators': 10, 'gb__n_estimators': 10}",0.4273629861840522,0.6025844643010891,0.2225442102819787,0.6537300560507006,24.78390072631244
365,BA11_80:20_Log_window1_ICA_90,Stacking Regressor,{'final_estimator': LinearSVR(random_state=42)},0.0001398578752526366,0.0109214063712496,0.003914246116135152,0.01182615217442413,0.3905425109376747
366,BA11_80:20_Log_window1_ICA_95,Stacking Regressor,{'final_estimator': LinearSVR(random_state=42)},0.03200709416774628,0.1378651986628733,0.06164389506839357,0.1789052659027852,5.76417808455167
367,BA11_80:20_Log_window1_ICA_90,Gradient Boosting Regressor,"{'n_estimators': 200, 'min_samples_split': 10, 'min_samples_leaf': 2, 'min_impurity_decrease': 2, 'max_leaf_nodes': 20, 'max_features': None, 'max_depth': 20, 'learning_rate': 0.5}",2.242059683134919,1.360343800284332,0.4938811422526252,1.497350888447634,71.01777628850472
368,BA11_80:20_Log_window1_ICA_95,Gradient Boosting Regressor,"{'n_estimators': 10, 'min_samples_split': 10, 'min_samples_leaf': 10, 'min_impurity_decrease': 2, 'max_leaf_nodes': 10, 'max_features': 'sqrt', 'max_depth': None, 'learning_rate': 0.05}",0.3817032916275601,0.5244280110124394,0.2048537006043145,0.6178214075504022,21.16937664622396
369,BA11_80:20_Log_window1_ICA_90,Random Forest Regressor,"{'n_estimators': 100, 'min_samples_split': 10, 'min_samples_leaf': 1, 'max_depth': 20}",1.967927470616088,1.287917176362581,0.4698881239322417,1.402828382453138,63.74730187208463
370,BA11_80:20_Log_window1_ICA_95,Random Forest Regressor,"{'n_estimators': 100, 'min_samples_split': 10, 'min_samples_leaf': 1, 'max_depth': 20}",1.264940254226,1.046878600983361,0.380629326109654,1.124695627370357,47.26872173937233
371,BA11_80:20_Log_window1_ICA_90,AdaBoostRegressor,"{'n_estimators': 100, 'loss': 'square', 'learning_rate': 0.01}",1.550287102981265,1.04638828882413,0.3833597406252886,1.245105257791993,51.79537952137534
372,BA11_80:20_Log_window1_ICA_95,AdaBoostRegressor,"{'n_estimators': 50, 'loss': 'linear', 'learning_rate': 0.01}",0.5158302791797235,0.6141215804245472,0.237528719038459,0.7182132546672495,26.05723230993896
373,BA11_80:20_Log_window1_ICA_90,BaggingRegressor,"{'n_estimators': 50, 'max_samples': 0.7000000000000001, 'max_features': 0.9}",1.786285308644121,1.235210167657418,0.4507092326976492,1.336519849700752,59.64097657545121
374,BA11_80:20_Log_window1_ICA_95,BaggingRegressor,"{'n_estimators': 160, 'max_samples': 0.7000000000000001, 'max_features': 0.8}",1.371092407496693,1.084320767156867,0.3910767149062844,1.170936551439356,49.36058583353599
375,BA11_80:20_Log_window1_ICA_90,ExtraTreesRegressor,"{'n_estimators': 50, 'min_samples_split': 10, 'min_samples_leaf': 1, 'max_depth': 30}",3.076443639283052,1.581642553980138,0.5588533933551666,1.753979372536362,84.40830350280126
376,BA11_80:20_Log_window1_ICA_95,ExtraTreesRegressor,"{'n_estimators': 50, 'min_samples_split': 10, 'min_samples_leaf': 1, 'max_depth': 30}",2.568498251817088,1.445850656665705,0.5122993447825354,1.602653503355322,74.3370529695218
377,BA11_80:20_Log_window1_ICA_90,XGBoost Regressor,"{'subsample': 1.0, 'reg_lambda': 0, 'reg_alpha': 1.0, 'n_estimators': 700, 'min_child_weight': 1, 'max_depth': 9, 'learning_rate': 0.01, 'gamma': 0.3, 'colsample_bytree': 0.8}",1.627631989117326,1.166244380250842,0.4353912266078519,1.275786811782175,56.70869118090637
378,BA11_80:20_Log_window1_ICA_95,XGBoost Regressor,"{'subsample': 0.9, 'reg_lambda': 0.1, 'reg_alpha': 0.5, 'n_estimators': 200, 'min_child_weight': 1, 'max_depth': 10, 'learning_rate': 0.1, 'gamma': 0.3, 'colsample_bytree': 0.9}",1.510294511005913,1.116465224270856,0.4145852451386147,1.228940401730659,54.15219604589551
379,BA11_80:20_Log_window1_ICA_90,Multilayer Perceptron,"{'module__num_units': 20, 'module__activation_func': Tanh(), 'lr': 0.1}",0.189831480383873,0.2995928823947906,0.1402242034673691,0.4356965462152219,11.82089895009995
380,BA11_80:20_Log_window1_ICA_95,Multilayer Perceptron,"{'module__num_units': 50, 'module__activation_func': Tanh(), 'lr': 0.1}",0.155908927321434,0.2619698941707611,0.1259059309959412,0.3948530452224397,10.45233756303787
381,BA11_80:20_Log_window1_ICA_90,Long Short-Term Memory Network,"{'module__num_layers': 1, 'module__hidden_size': 25, 'max_epochs': 20, 'lr': 0.1, 'batch_size': 16}",0.07109881937503815,0.2372114211320877,0.08335056155920029,0.2666436186655105,8.435557037591934
382,BA11_80:20_Log_window1_ICA_95,Long Short-Term Memory Network,"{'module__num_layers': 1, 'module__hidden_size': 25, 'max_epochs': 20, 'lr': 0.1, 'batch_size': 16}",0.032933309674263,0.1617179065942764,0.05784396454691887,0.1814753693322127,5.738183856010437
383,BA11_80:20_Log_window1_ICA_90,Convolutional neural network,{},0.4312617182731628,0.5311168432235718,0.2411912679672241,0.6567051989082794,18.95959824323654
384,BA11_80:20_Log_window1_ICA_95,Convolutional neural network,{},0.1639179140329361,0.2698609828948975,0.1313128918409348,0.4048677735173993,10.73620542883873
385,BA11_80:20_MinMax_window1_KPCA_90,Linear Regressor,{},0.05366659031406032,0.1581235911667858,1.814795422212077,0.2316605065911329,32.74590146894623
386,BA11_80:20_MinMax_window1_KPCA_95,Linear Regressor,{},0.0540057686841356,0.1511754601520262,1.88872643701646,0.2323914126729635,31.11276439297789
387,BA11_80:20_MinMax_window1_KPCA_90,Support Vector Regressor,"{'kernel': 'rbf', 'gamma': 0.0001, 'C': 1}",0.06603435457954625,0.1887278802023828,1.898226211425165,0.2569715053844419,36.87863557077267
388,BA11_80:20_MinMax_window1_KPCA_95,Support Vector Regressor,"{'kernel': 'linear', 'gamma': 1, 'C': 100}",0.04860682686160278,0.1402321667254366,1.829639943725845,0.2204695599433237,29.50288304291426
389,BA11_80:20_MinMax_window1_KPCA_90,Decision Tree Regressor,"{'splitter': 'best', 'min_samples_split': 10, 'min_samples_leaf': 2, 'min_impurity_decrease': 0.01, 'max_leaf_nodes': 20, 'max_features': None, 'max_depth': 14, 'criterion': 'friedman_mse', 'ccp_alpha': 0.0}",0.1155970603794046,0.2262978115408346,2.430627540985773,0.3399956770010534,39.10217858102259
390,BA11_80:20_MinMax_window1_KPCA_95,Decision Tree Regressor,"{'splitter': 'best', 'min_samples_split': 10, 'min_samples_leaf': 2, 'min_impurity_decrease': 0.01, 'max_leaf_nodes': 20, 'max_features': None, 'max_depth': 14, 'criterion': 'friedman_mse', 'ccp_alpha': 0.0}",0.1155970603794046,0.2262978115408345,2.430627540985773,0.3399956770010534,39.10217858102259
391,BA11_80:20_MinMax_window1_KPCA_90,K-Neighbors Regressor,"{'weights': 'uniform', 'n_neighbors': 1}",0.06129436505471984,0.1627982717696403,1.955405176074086,0.247576988136458,31.02074472307752
392,BA11_80:20_MinMax_window1_KPCA_95,K-Neighbors Regressor,"{'weights': 'distance', 'n_neighbors': 2}",0.05444649845700585,0.1555093205280426,1.936246500333661,0.2333377347473097,31.27952992420482
393,BA11_80:20_MinMax_window1_KPCA_90,Stochastic Gradient Descent Regressor,"{'tol': 1e-05, 'power_t': 0.75, 'penalty': 'l1', 'max_iter': 1000, 'loss': 'huber', 'learning_rate': 'invscaling', 'l1_ratio': 0, 'fit_intercept': True, 'eta0': 0.01, 'alpha': 0.01}",0.5534899127337557,0.6863086270077073,1.706450122857462,0.7439690267301158,174.0466344713495
394,BA11_80:20_MinMax_window1_KPCA_95,Stochastic Gradient Descent Regressor,"{'tol': 0.001, 'power_t': 0.25, 'penalty': 'none', 'max_iter': 1000, 'loss': 'huber', 'learning_rate': 'adaptive', 'l1_ratio': 0.7, 'fit_intercept': True, 'eta0': 0.001, 'alpha': 0.01}",0.4011507566428459,0.5791762014379676,0.9336621884095294,0.6333646316639775,179.8392331733711
395,BA11_80:20_MinMax_window1_KPCA_90,Voting Regressor,"{'rf__n_estimators': 10, 'gb__n_estimators': 100}",0.07658944853943661,0.1836325582950724,2.111356614395695,0.2767479874171384,35.17816215304095
396,BA11_80:20_MinMax_window1_KPCA_95,Voting Regressor,"{'rf__n_estimators': 100, 'gb__n_estimators': 10}",0.06781823804752642,0.1740234267735215,2.032546691935583,0.2604193503707557,34.05757964138278
397,BA11_80:20_MinMax_window1_KPCA_90,Stacking Regressor,{'final_estimator': LinearSVR(random_state=42)},0.1224532457992562,0.2621478076738443,2.478834434272046,0.3499332019103877,44.5913337586386
398,BA11_80:20_MinMax_window1_KPCA_95,Stacking Regressor,{'final_estimator': LinearSVR(random_state=42)},0.06625620407784365,0.1912670368644265,1.902746508453199,0.2574028051087316,37.13298713854047
399,BA11_80:20_MinMax_window1_KPCA_90,Gradient Boosting Regressor,"{'n_estimators': 50, 'min_samples_split': 2, 'min_samples_leaf': 2, 'min_impurity_decrease': 0, 'max_leaf_nodes': 15, 'max_features': 'log2', 'max_depth': 20, 'learning_rate': 0.05}",0.0702920766553684,0.1801813615570076,2.060440814210106,0.2651265295200924,34.97521956657769
400,BA11_80:20_MinMax_window1_KPCA_95,Gradient Boosting Regressor,"{'n_estimators': 200, 'min_samples_split': 2, 'min_samples_leaf': 10, 'min_impurity_decrease': 0, 'max_leaf_nodes': 5, 'max_features': 'log2', 'max_depth': 30, 'learning_rate': 0.1}",0.06650399354369461,0.1771561910911542,1.973786814179334,0.2578836821974097,33.86364488626052
401,BA11_80:20_MinMax_window1_KPCA_90,Random Forest Regressor,"{'n_estimators': 10, 'min_samples_split': 2, 'min_samples_leaf': 2, 'max_depth': None}",0.07850247082826749,0.1874900351010617,2.0775953408824,0.2801829238698667,35.53406001362251
402,BA11_80:20_MinMax_window1_KPCA_95,Random Forest Regressor,"{'n_estimators': 10, 'min_samples_split': 2, 'min_samples_leaf': 2, 'max_depth': None}",0.06876873761627401,0.1782717472656523,1.982944876834807,0.2622379408405161,34.62910382514121
403,BA11_80:20_MinMax_window1_KPCA_90,AdaBoostRegressor,"{'n_estimators': 50, 'loss': 'linear', 'learning_rate': 0.01}",0.08538710575949857,0.1912141866905698,2.271754969595371,0.292210721499911,35.46786994096438
404,BA11_80:20_MinMax_window1_KPCA_95,AdaBoostRegressor,"{'n_estimators': 50, 'loss': 'exponential', 'learning_rate': 0.01}",0.07988811803940603,0.1845191229335579,2.014718065727247,0.2826448620431761,34.95764153818799
405,BA11_80:20_MinMax_window1_KPCA_90,BaggingRegressor,"{'n_estimators': 50, 'max_samples': 0.7000000000000001, 'max_features': 0.9}",0.06605496545676616,0.1789465867411418,1.967934369028699,0.2570116056849693,35.07880692656484
406,BA11_80:20_MinMax_window1_KPCA_95,BaggingRegressor,"{'n_estimators': 30, 'max_samples': 0.9, 'max_features': 0.7000000000000001}",0.06706069747308512,0.1810838931573636,1.957311971985531,0.2589608029665592,35.30525793216812
407,BA11_80:20_MinMax_window1_KPCA_90,ExtraTreesRegressor,"{'n_estimators': 200, 'min_samples_split': 5, 'min_samples_leaf': 2, 'max_depth': None}",0.05305837366356717,0.1590686615579056,1.774298530759422,0.2303440332710339,32.59549857286284
408,BA11_80:20_MinMax_window1_KPCA_95,ExtraTreesRegressor,"{'n_estimators': 10, 'min_samples_split': 2, 'min_samples_leaf': 2, 'max_depth': None}",0.05493683014273994,0.1626306713373154,1.785518314715428,0.2343860707097159,32.9353637163176
409,BA11_80:20_MinMax_window1_KPCA_90,XGBoost Regressor,"{'subsample': 0.9, 'reg_lambda': 1.0, 'reg_alpha': 0, 'n_estimators': 100, 'min_child_weight': 5, 'max_depth': 3, 'learning_rate': 0.1, 'gamma': 0.2, 'colsample_bytree': 1.0}",0.0636278368571482,0.1808081195065476,1.897694321842118,0.252245588379952,35.53449289946797
410,BA11_80:20_MinMax_window1_KPCA_95,XGBoost Regressor,"{'subsample': 0.9, 'reg_lambda': 1.0, 'reg_alpha': 0, 'n_estimators': 100, 'min_child_weight': 5, 'max_depth': 3, 'learning_rate': 0.1, 'gamma': 0.2, 'colsample_bytree': 1.0}",0.06456858301446498,0.1818092960285032,1.917767001224504,0.254103488788456,35.63043018181679
411,BA11_80:20_MinMax_window1_KPCA_90,Multilayer Perceptron,"{'module__num_units': 20, 'module__activation_func': ReLU(), 'lr': 0.02}",0.07633624225854874,0.1965577900409698,1.952117204666138,0.27629014144292,37.38299310207367
412,BA11_80:20_MinMax_window1_KPCA_95,Multilayer Perceptron,"{'module__num_units': 20, 'module__activation_func': ReLU(), 'lr': 0.1}",0.0739608108997345,0.1964128613471985,2.032947778701782,0.2719573696367401,37.31667101383209
413,BA11_80:20_MinMax_window1_KPCA_90,Long Short-Term Memory Network,"{'module__num_layers': 1, 'module__hidden_size': 25, 'max_epochs': 20, 'lr': 0.1, 'batch_size': 16}",0.08336283266544342,0.1943317949771881,1.16981840133667,0.2887262244158701,33.53484570980072
414,BA11_80:20_MinMax_window1_KPCA_95,Long Short-Term Memory Network,"{'module__num_layers': 1, 'module__hidden_size': 25, 'max_epochs': 20, 'lr': 0.1, 'batch_size': 16}",0.0710236057639122,0.1868918687105179,1.125649333000183,0.2665025436349758,33.45003128051758
415,BA11_80:20_MinMax_window1_KPCA_90,Convolutional neural network,{},0.1044071465730667,0.2621112167835236,1.619928240776062,0.3231209472830053,54.48862314224243
416,BA11_80:20_MinMax_window1_KPCA_95,Convolutional neural network,{},0.1048486232757568,0.2439250499010086,2.357308626174927,0.3238033713162308,42.80689656734467
417,BA11_70:30_MinMax_window1_KPCA_90,Linear Regressor,{},0.07541253140229112,0.2131303619045989,2.089788283037184,0.2746134217446247,40.61216297958273
418,BA11_70:30_MinMax_window1_KPCA_95,Linear Regressor,{},0.07186786390778678,0.2027079846486918,2.073736593213498,0.2680818231581298,39.07102625055413
419,BA11_70:30_MinMax_window1_KPCA_90,Support Vector Regressor,"{'kernel': 'rbf', 'gamma': 0.0001, 'C': 100}",0.07242475854063618,0.2109342590620924,1.993676445817557,0.2691184842047015,40.61494674984448
420,BA11_70:30_MinMax_window1_KPCA_95,Support Vector Regressor,"{'kernel': 'rbf', 'gamma': 0.0001, 'C': 1}",0.08356293358486414,0.2048945694248825,2.295235404350749,0.2890725403507987,38.38537310748097
421,BA11_70:30_MinMax_window1_KPCA_90,Decision Tree Regressor,"{'splitter': 'best', 'min_samples_split': 5, 'min_samples_leaf': 4, 'min_impurity_decrease': 0.1, 'max_leaf_nodes': 90, 'max_features': None, 'max_depth': 26, 'criterion': 'mae', 'ccp_alpha': 0.0}",0.07218935291724661,0.2108970814093183,2.014266557032996,0.2686807639509137,40.57051994877986
422,BA11_70:30_MinMax_window1_KPCA_95,Decision Tree Regressor,"{'splitter': 'best', 'min_samples_split': 5, 'min_samples_leaf': 4, 'min_impurity_decrease': 0.1, 'max_leaf_nodes': 90, 'max_features': None, 'max_depth': 26, 'criterion': 'mae', 'ccp_alpha': 0.0}",0.07218935291724661,0.2108970814093183,2.014266557032996,0.2686807639509137,40.57051994877986
423,BA11_70:30_MinMax_window1_KPCA_90,K-Neighbors Regressor,"{'weights': 'uniform', 'n_neighbors': 5}",0.1026333224085622,0.227142639308626,2.534635804132959,0.3203643588300081,40.77973208334105
424,BA11_70:30_MinMax_window1_KPCA_95,K-Neighbors Regressor,"{'weights': 'distance', 'n_neighbors': 6}",0.08823095547064816,0.2067302266125566,2.328024927224772,0.2970369597720933,38.24849968100272
425,BA11_70:30_MinMax_window1_KPCA_90,Stochastic Gradient Descent Regressor,"{'tol': 0.001, 'power_t': 0.25, 'penalty': 'none', 'max_iter': 1000, 'loss': 'huber', 'learning_rate': 'adaptive', 'l1_ratio': 0.7, 'fit_intercept': True, 'eta0': 0.001, 'alpha': 0.01}",955.5692757260084,29.54611136861001,136.2462712509559,30.91228357346005,197.0485982628808
426,BA11_70:30_MinMax_window1_KPCA_95,Stochastic Gradient Descent Regressor,"{'tol': 0.001, 'power_t': 0.25, 'penalty': 'none', 'max_iter': 1000, 'loss': 'huber', 'learning_rate': 'adaptive', 'l1_ratio': 0.7, 'fit_intercept': True, 'eta0': 0.001, 'alpha': 0.01}",0.2864323333653529,0.4867730452625011,1.053701294562961,0.5351937344227349,131.0846433784488
427,BA11_70:30_MinMax_window1_KPCA_90,Voting Regressor,"{'rf__n_estimators': 10, 'gb__n_estimators': 10}",0.08331745920140109,0.2130444756446578,2.297047527091737,0.2886476384822871,39.86850006686368
428,BA11_70:30_MinMax_window1_KPCA_95,Voting Regressor,"{'rf__n_estimators': 100, 'gb__n_estimators': 10}",0.07753774006204009,0.2031942495939582,2.160433573233221,0.2784559930438562,38.80437063211963
429,BA11_70:30_MinMax_window1_KPCA_90,Stacking Regressor,{'final_estimator': LinearSVR(random_state=42)},0.07340378738298402,0.2136019639138902,2.012528948091113,0.2709313333355594,40.96287854613907
430,BA11_70:30_MinMax_window1_KPCA_95,Stacking Regressor,{'final_estimator': RandomForestRegressor(random_state=42)},0.1436427006555076,0.3300838583814666,1.364317663602063,0.3790022436022082,67.71837450046445
431,BA11_70:30_MinMax_window1_KPCA_90,Gradient Boosting Regressor,"{'n_estimators': 200, 'min_samples_split': 2, 'min_samples_leaf': 10, 'min_impurity_decrease': 0, 'max_leaf_nodes': 5, 'max_features': 'log2', 'max_depth': 30, 'learning_rate': 0.1}",0.09738206773070372,0.2207523619490231,2.391916671109531,0.3120610000155478,41.25747255073131
432,BA11_70:30_MinMax_window1_KPCA_95,Gradient Boosting Regressor,"{'n_estimators': 200, 'min_samples_split': 2, 'min_samples_leaf': 10, 'min_impurity_decrease': 0, 'max_leaf_nodes': 5, 'max_features': 'log2', 'max_depth': 30, 'learning_rate': 0.1}",0.08417538293233476,0.2164998312154916,2.124231865072725,0.2901299414612955,40.82262909971556
433,BA11_70:30_MinMax_window1_KPCA_90,Random Forest Regressor,"{'n_estimators': 50, 'min_samples_split': 10, 'min_samples_leaf': 1, 'max_depth': 30}",0.08961103295225645,0.2097786106734356,2.381570886838232,0.2993510196278885,38.76266656348352
434,BA11_70:30_MinMax_window1_KPCA_95,Random Forest Regressor,"{'n_estimators': 10, 'min_samples_split': 2, 'min_samples_leaf': 4, 'max_depth': 30}",0.08640837715026801,0.2085483773704126,2.24272746342496,0.2939530186105732,38.83553826586952
435,BA11_70:30_MinMax_window1_KPCA_90,AdaBoostRegressor,"{'n_estimators': 400, 'loss': 'square', 'learning_rate': 1.0}",0.1046527782347816,0.2379427282109579,2.512907842984677,0.3235008164360355,43.9663975794243
436,BA11_70:30_MinMax_window1_KPCA_95,AdaBoostRegressor,"{'n_estimators': 50, 'loss': 'linear', 'learning_rate': 0.01}",0.1000477275724505,0.2331304983009644,2.3913256379747,0.3163032209327792,41.85901517204967
437,BA11_70:30_MinMax_window1_KPCA_90,BaggingRegressor,"{'n_estimators': 60, 'max_samples': 1.0, 'max_features': 0.6}",0.1014110336418449,0.2211999457259711,2.526825536965501,0.318450990957549,39.62033595918712
438,BA11_70:30_MinMax_window1_KPCA_95,BaggingRegressor,"{'n_estimators': 30, 'max_samples': 0.9, 'max_features': 0.7000000000000001}",0.08236045251569847,0.2057062337647722,2.225956709840673,0.2869851085260322,38.61877277178428
439,BA11_70:30_MinMax_window1_KPCA_90,ExtraTreesRegressor,"{'n_estimators': 100, 'min_samples_split': 10, 'min_samples_leaf': 1, 'max_depth': 20}",0.0989783080354817,0.2199997834508401,2.504683103503493,0.3146081817681824,39.63192998071016
440,BA11_70:30_MinMax_window1_KPCA_95,ExtraTreesRegressor,"{'n_estimators': 100, 'min_samples_split': 10, 'min_samples_leaf': 1, 'max_depth': 20}",0.080506437264903,0.1985111899600932,2.253208777172169,0.283736563144236,37.57258509427935
441,BA11_70:30_MinMax_window1_KPCA_90,XGBoost Regressor,"{'subsample': 0.9, 'reg_lambda': 0.1, 'reg_alpha': 0.5, 'n_estimators': 600, 'min_child_weight': 5, 'max_depth': 10, 'learning_rate': 0.1, 'gamma': 0.1, 'colsample_bytree': 0.7}",0.07459253796934666,0.2012325355259515,2.170364437195931,0.2731163451156789,38.39955855623405
442,BA11_70:30_MinMax_window1_KPCA_95,XGBoost Regressor,"{'subsample': 0.9, 'reg_lambda': 0.1, 'reg_alpha': 0.5, 'n_estimators': 600, 'min_child_weight': 5, 'max_depth': 10, 'learning_rate': 0.1, 'gamma': 0.1, 'colsample_bytree': 0.7}",0.06928826784797093,0.1941345669757389,2.053979559994304,0.2632266472984278,37.78580334243667
443,BA11_70:30_MinMax_window1_KPCA_90,Multilayer Perceptron,"{'module__num_units': 20, 'module__activation_func': Tanh(), 'lr': 0.1}",0.1076496317982674,0.2401358336210251,2.536893129348755,0.3281000332189367,45.21726071834564
444,BA11_70:30_MinMax_window1_KPCA_95,Multilayer Perceptron,"{'module__num_units': 10, 'module__activation_func': Tanh(), 'lr': 0.02}",0.1939945966005325,0.3435488343238831,2.332577705383301,0.4404481769749224,73.10769557952881
445,BA11_70:30_MinMax_window1_KPCA_90,Long Short-Term Memory Network,"{'module__num_layers': 1, 'module__hidden_size': 25, 'max_epochs': 20, 'lr': 0.1, 'batch_size': 16}",0.1590270847082138,0.3113807141780853,1.564871191978455,0.3987820014847884,45.91736495494843
446,BA11_70:30_MinMax_window1_KPCA_95,Long Short-Term Memory Network,"{'module__num_layers': 1, 'module__hidden_size': 75, 'max_epochs': 30, 'lr': 0.1, 'batch_size': 16}",0.07657428830862045,0.1967882663011551,1.073009252548218,0.2767205961048445,34.93598401546478
447,BA11_70:30_MinMax_window1_KPCA_90,Convolutional neural network,{},4830.5029296875,52.37221145629883,187.3420257568359,69.50181961421946,197.0336318016052
448,BA11_70:30_MinMax_window1_KPCA_95,Convolutional neural network,{},0.1569411903619766,0.326059490442276,1.548567056655884,0.3961580371038516,65.25679230690002
449,BA11_60:40_MinMax_window1_KPCA_90,Linear Regressor,{},0.06717594464735673,0.2021563578971377,1.961348933574598,0.2591832260146415,39.26785737171992
450,BA11_60:40_MinMax_window1_KPCA_95,Linear Regressor,{},0.06743133069014497,0.2035779431588939,1.971283751612623,0.259675433358924,39.43004934087699
451,BA11_60:40_MinMax_window1_KPCA_90,Support Vector Regressor,"{'kernel': 'rbf', 'gamma': 0.0001, 'C': 1}",0.07151065610817336,0.2116217076009412,2.059456768990583,0.2674147641925804,40.3970521056298
452,BA11_60:40_MinMax_window1_KPCA_95,Support Vector Regressor,"{'kernel': 'rbf', 'gamma': 0.01, 'C': 1000}",0.06931290579933369,0.2090013843952478,2.006424140959257,0.2632734430194844,40.19425846519832
453,BA11_60:40_MinMax_window1_KPCA_90,Decision Tree Regressor,"{'splitter': 'best', 'min_samples_split': 5, 'min_samples_leaf': 4, 'min_impurity_decrease': 0.1, 'max_leaf_nodes': 90, 'max_features': None, 'max_depth': 26, 'criterion': 'mae', 'ccp_alpha': 0.0}",0.07170041364602651,0.2107091491690027,2.065944132594187,0.2677693291735006,40.1675103959074
454,BA11_60:40_MinMax_window1_KPCA_95,Decision Tree Regressor,"{'splitter': 'best', 'min_samples_split': 5, 'min_samples_leaf': 4, 'min_impurity_decrease': 0.1, 'max_leaf_nodes': 90, 'max_features': None, 'max_depth': 26, 'criterion': 'mae', 'ccp_alpha': 0.0}",0.07170041364602651,0.2107091491690027,2.065944132594187,0.2677693291735006,40.1675103959074
455,BA11_60:40_MinMax_window1_KPCA_90,K-Neighbors Regressor,"{'weights': 'distance', 'n_neighbors': 3}",0.09414559948549853,0.2460662265653289,2.327800914828909,0.3068315490387169,44.62931809031824
456,BA11_60:40_MinMax_window1_KPCA_95,K-Neighbors Regressor,"{'weights': 'uniform', 'n_neighbors': 2}",0.1005707652627293,0.2546034026436573,2.468855514906113,0.3171289410677134,46.13705014438246
457,BA11_60:40_MinMax_window1_KPCA_90,Stochastic Gradient Descent Regressor,"{'tol': 0.001, 'power_t': 0.25, 'penalty': 'none', 'max_iter': 1000, 'loss': 'huber', 'learning_rate': 'adaptive', 'l1_ratio': 0.7, 'fit_intercept': True, 'eta0': 0.001, 'alpha': 0.01}",0.295532519518154,0.4491435872374246,1.029788667677403,0.5436290274793594,104.6193402697233
458,BA11_60:40_MinMax_window1_KPCA_95,Stochastic Gradient Descent Regressor,"{'tol': 0.001, 'power_t': 0.25, 'penalty': 'none', 'max_iter': 1000, 'loss': 'huber', 'learning_rate': 'adaptive', 'l1_ratio': 0.7, 'fit_intercept': True, 'eta0': 0.001, 'alpha': 0.01}",0.814827748451203,0.3274625756345748,2.47767168060615,0.9026780979126517,44.6379885565304
459,BA11_60:40_MinMax_window1_KPCA_90,Voting Regressor,"{'rf__n_estimators': 50, 'gb__n_estimators': 10}",0.07634143097434205,0.2139347887987639,2.160660145437312,0.2762995312597219,40.32254738482865
460,BA11_60:40_MinMax_window1_KPCA_95,Voting Regressor,"{'rf__n_estimators': 10, 'gb__n_estimators': 10}",0.07413950795532617,0.215140274785876,2.103845714710497,0.2722857101563102,40.72580064890713
461,BA11_60:40_MinMax_window1_KPCA_90,Stacking Regressor,{'final_estimator': RandomForestRegressor(random_state=42)},0.06995461676491495,0.2131863741326089,1.580387815954285,0.264489350948039,42.52535622256002
462,BA11_60:40_MinMax_window1_KPCA_95,Stacking Regressor,{'final_estimator': RandomForestRegressor(random_state=42)},0.1131953429214891,0.2786903278678595,1.285367523319278,0.3364451558894689,58.44028041831636
463,BA11_60:40_MinMax_window1_KPCA_90,Gradient Boosting Regressor,"{'n_estimators': 10, 'min_samples_split': 10, 'min_samples_leaf': 10, 'min_impurity_decrease': 2, 'max_leaf_nodes': 10, 'max_features': 'sqrt', 'max_depth': None, 'learning_rate': 0.05}",0.07043425996046698,0.2088867162169205,2.036212146908684,0.2653945364178905,39.99898901902026
464,BA11_60:40_MinMax_window1_KPCA_95,Gradient Boosting Regressor,"{'n_estimators': 10, 'min_samples_split': 10, 'min_samples_leaf': 10, 'min_impurity_decrease': 2, 'max_leaf_nodes': 10, 'max_features': 'sqrt', 'max_depth': None, 'learning_rate': 0.05}",0.07043425996046698,0.2088867162169205,2.036212146908684,0.2653945364178905,39.99898901902026
465,BA11_60:40_MinMax_window1_KPCA_90,Random Forest Regressor,"{'n_estimators': 10, 'min_samples_split': 10, 'min_samples_leaf': 2, 'max_depth': 10}",0.08641197569057708,0.2251686468861509,2.289639425785813,0.2939591394914897,41.26822731748497
466,BA11_60:40_MinMax_window1_KPCA_95,Random Forest Regressor,"{'n_estimators': 10, 'min_samples_split': 2, 'min_samples_leaf': 4, 'max_depth': 30}",0.07992266078509855,0.219396654181075,2.108320682162743,0.2827059617077407,41.07200862387914
467,BA11_60:40_MinMax_window1_KPCA_90,AdaBoostRegressor,"{'n_estimators': 50, 'loss': 'linear', 'learning_rate': 0.01}",0.0817254222405274,0.2177175213326845,2.269134451493299,0.2858765856808273,40.36437894354529
468,BA11_60:40_MinMax_window1_KPCA_95,AdaBoostRegressor,"{'n_estimators': 50, 'loss': 'exponential', 'learning_rate': 0.01}",0.08581356531363318,0.2238145073867411,2.28274688114866,0.2929395250109367,41.17551658486865
469,BA11_60:40_MinMax_window1_KPCA_90,BaggingRegressor,"{'n_estimators': 150, 'max_samples': 0.1, 'max_features': 1.0}",0.07313052659389704,0.2118331777281288,2.101022418047985,0.2704265641424619,40.22960122138689
470,BA11_60:40_MinMax_window1_KPCA_95,BaggingRegressor,"{'n_estimators': 150, 'max_samples': 0.1, 'max_features': 1.0}",0.07387427158679791,0.2136117920712329,2.099472721062431,0.2717982185129216,40.47952611768914
471,BA11_60:40_MinMax_window1_KPCA_90,ExtraTreesRegressor,"{'n_estimators': 10, 'min_samples_split': 2, 'min_samples_leaf': 4, 'max_depth': 30}",0.07032519280842779,0.2087350764895638,2.03349286114562,0.2651889756540188,39.98569853067379
472,BA11_60:40_MinMax_window1_KPCA_95,ExtraTreesRegressor,"{'n_estimators': 50, 'min_samples_split': 2, 'min_samples_leaf': 4, 'max_depth': 20}",0.07194839365393528,0.2111355674497628,2.078478851582926,0.2682319773142928,40.2078940481042
473,BA11_60:40_MinMax_window1_KPCA_90,XGBoost Regressor,"{'subsample': 0.9, 'reg_lambda': 0.1, 'reg_alpha': 0.5, 'n_estimators': 600, 'min_child_weight': 5, 'max_depth': 10, 'learning_rate': 0.1, 'gamma': 0.1, 'colsample_bytree': 0.7}",0.07722534864192244,0.2143188320209041,2.161192300807425,0.2778944919244036,40.31086051537957
474,BA11_60:40_MinMax_window1_KPCA_95,XGBoost Regressor,"{'subsample': 1.0, 'reg_lambda': 0, 'reg_alpha': 1.0, 'n_estimators': 700, 'min_child_weight': 1, 'max_depth': 9, 'learning_rate': 0.01, 'gamma': 0.3, 'colsample_bytree': 0.8}",0.07043426303888987,0.2088867204712537,2.036212223199693,0.2653945422176008,39.99898939137557
475,BA11_60:40_MinMax_window1_KPCA_90,Multilayer Perceptron,"{'module__num_units': 20, 'module__activation_func': Tanh(), 'lr': 0.1}",0.0760115385055542,0.214724063873291,2.158795595169067,0.2757019015269104,40.44541716575623
476,BA11_60:40_MinMax_window1_KPCA_95,Multilayer Perceptron,"{'module__num_units': 20, 'module__activation_func': Tanh(), 'lr': 0.1}",0.08826152235269547,0.2305499017238617,2.27254056930542,0.2970884083108856,42.23491251468658
477,BA11_60:40_MinMax_window1_KPCA_90,Long Short-Term Memory Network,"{'module__num_layers': 1, 'module__hidden_size': 25, 'max_epochs': 20, 'lr': 0.1, 'batch_size': 16}",0.1264641135931015,0.2815527617931366,1.272051572799683,0.3556179320466018,44.40310597419739
478,BA11_60:40_MinMax_window1_KPCA_95,Long Short-Term Memory Network,"{'module__num_layers': 1, 'module__hidden_size': 25, 'max_epochs': 20, 'lr': 0.1, 'batch_size': 16}",0.1288137882947922,0.2908658087253571,1.296387195587158,0.3589063781751338,45.06403803825378
479,BA11_60:40_MinMax_window1_KPCA_90,Convolutional neural network,{},1.407680511474609,1.118415713310242,6.043534278869629,1.186457125847626,103.9883375167847
480,BA11_60:40_MinMax_window1_KPCA_95,Convolutional neural network,{},33.12080383300781,4.61561107635498,16.58890151977539,5.755067665371782,193.0761814117432
481,BA11_80:20_Log_window1_KPCA_90,Linear Regressor,{},0.6264992793819176,0.4045412171545907,0.5853643097759653,0.7915170745991003,20.60411308926322
482,BA11_80:20_Log_window1_KPCA_95,Linear Regressor,{},0.6565317710311874,0.3937141513635121,0.6020534974525554,0.8102664814930872,20.15536972263859
483,BA11_80:20_Log_window1_KPCA_90,Support Vector Regressor,"{'kernel': 'rbf', 'gamma': 0.0001, 'C': 100}",0.7266115167625639,0.3900903666100685,0.6356533730215534,0.852415108243961,19.77929890448891
484,BA11_80:20_Log_window1_KPCA_95,Support Vector Regressor,"{'kernel': 'rbf', 'gamma': 0.0001, 'C': 1}",0.7329628133959709,0.4062202014279719,0.6392116781765705,0.8561324742094362,20.40971318189973
485,BA11_80:20_Log_window1_KPCA_90,Decision Tree Regressor,"{'splitter': 'best', 'min_samples_split': 5, 'min_samples_leaf': 2, 'min_impurity_decrease': 1.0, 'max_leaf_nodes': 30, 'max_features': 'sqrt', 'max_depth': 11, 'criterion': 'friedman_mse', 'ccp_alpha': 0.0}",0.8225046646275814,0.4586117223473177,0.6702562180506753,0.9069204290496391,22.09490071810012
486,BA11_80:20_Log_window1_KPCA_95,Decision Tree Regressor,"{'splitter': 'best', 'min_samples_split': 5, 'min_samples_leaf': 4, 'min_impurity_decrease': 0.1, 'max_leaf_nodes': 90, 'max_features': None, 'max_depth': 26, 'criterion': 'mae', 'ccp_alpha': 0.0}",0.774834050773481,0.489673810659532,0.6588926423717774,0.8802465852097814,23.50777126099691
487,BA11_80:20_Log_window1_KPCA_90,K-Neighbors Regressor,"{'weights': 'uniform', 'n_neighbors': 1}",0.7199434556059906,0.3885829809418911,0.6371165278027282,0.8484948176659599,19.18097195188452
488,BA11_80:20_Log_window1_KPCA_95,K-Neighbors Regressor,"{'weights': 'distance', 'n_neighbors': 2}",0.7086187645787457,0.4016409319011145,0.649232791847555,0.8417949658787143,20.12205682503359
489,BA11_80:20_Log_window1_KPCA_90,Stochastic Gradient Descent Regressor,"{'tol': 1e-05, 'power_t': 0.5, 'penalty': 'l2', 'max_iter': 1000, 'loss': 'squared_loss', 'learning_rate': 'constant', 'l1_ratio': 0, 'fit_intercept': True, 'eta0': 0.001, 'alpha': 0.01}",0.6195085732710501,0.4113219403596037,0.5823654462610296,0.7870886692559169,20.93027481957617
490,BA11_80:20_Log_window1_KPCA_95,Stochastic Gradient Descent Regressor,"{'tol': 1e-05, 'power_t': 0.75, 'penalty': 'l1', 'max_iter': 1000, 'loss': 'huber', 'learning_rate': 'invscaling', 'l1_ratio': 0, 'fit_intercept': True, 'eta0': 0.01, 'alpha': 0.01}",9.340472955208856,2.862828497359032,1.226573069859986,3.056218734843574,171.598903736907
491,BA11_80:20_Log_window1_KPCA_90,Voting Regressor,"{'rf__n_estimators': 10, 'gb__n_estimators': 10}",0.6623843702288218,0.3906956676037835,0.603008042405523,0.8138699959015702,19.99741797200817
492,BA11_80:20_Log_window1_KPCA_95,Voting Regressor,"{'rf__n_estimators': 200, 'gb__n_estimators': 200}",0.6443917535924693,0.3814107009804614,0.5959123293708292,0.8027401532204984,19.4611078823345
493,BA11_80:20_Log_window1_KPCA_90,Stacking Regressor,{'final_estimator': LinearSVR(random_state=42)},0.6142914718091105,0.4552426274651957,0.587036179104248,0.7837674858075643,22.728390221047
494,BA11_80:20_Log_window1_KPCA_95,Stacking Regressor,{'final_estimator': RandomForestRegressor(random_state=42)},0.724042011466158,0.471546147832866,0.6333578339484077,0.8509065821029698,23.12695736201627
495,BA11_80:20_Log_window1_KPCA_90,Gradient Boosting Regressor,"{'n_estimators': 200, 'min_samples_split': 2, 'min_samples_leaf': 10, 'min_impurity_decrease': 0, 'max_leaf_nodes': 5, 'max_features': 'log2', 'max_depth': 30, 'learning_rate': 0.1}",0.63595040237567,0.4329166600706871,0.60800792177029,0.7974649850467856,21.94459175025931
496,BA11_80:20_Log_window1_KPCA_95,Gradient Boosting Regressor,"{'n_estimators': 100, 'min_samples_split': 5, 'min_samples_leaf': 10, 'min_impurity_decrease': 2, 'max_leaf_nodes': None, 'max_features': 'sqrt', 'max_depth': 20, 'learning_rate': 1}",0.7551301700693759,0.4836793257148434,0.6497653646142139,0.8689822610786574,23.35806702131448
497,BA11_80:20_Log_window1_KPCA_90,Random Forest Regressor,"{'n_estimators': 10, 'min_samples_split': 2, 'min_samples_leaf': 2, 'max_depth': None}",0.790215860992566,0.4208244747142063,0.654742431012794,0.8889408647331756,20.72627461459454
498,BA11_80:20_Log_window1_KPCA_95,Random Forest Regressor,"{'n_estimators': 10, 'min_samples_split': 2, 'min_samples_leaf': 4, 'max_depth': 30}",0.7984978140469327,0.4164907063159014,0.6594323367851157,0.8935870489476292,20.54164907216505
499,BA11_80:20_Log_window1_KPCA_90,AdaBoostRegressor,"{'n_estimators': 200, 'loss': 'square', 'learning_rate': 0.01}",0.7294670706397347,0.4211745069573905,0.6314808947258056,0.8540884442724505,21.03175718000843
500,BA11_80:20_Log_window1_KPCA_95,AdaBoostRegressor,"{'n_estimators': 200, 'loss': 'square', 'learning_rate': 0.01}",0.6638448023559909,0.3805710146768843,0.5975763880702648,0.8147667165244239,19.09663913912494
501,BA11_80:20_Log_window1_KPCA_90,BaggingRegressor,"{'n_estimators': 50, 'max_samples': 0.7000000000000001, 'max_features': 0.9}",0.6799085100101209,0.4090078156224362,0.6157152226837466,0.8245656493027834,20.66775332750338
502,BA11_80:20_Log_window1_KPCA_95,BaggingRegressor,"{'n_estimators': 30, 'max_samples': 0.9, 'max_features': 0.7000000000000001}",0.6817368634801166,0.4024918817706121,0.6206892206215062,0.8256735816774791,20.33574981346434
503,BA11_80:20_Log_window1_KPCA_90,ExtraTreesRegressor,"{'n_estimators': 10, 'min_samples_split': 2, 'min_samples_leaf': 4, 'max_depth': 30}",0.7020790007062001,0.39938706791591,0.6222409161198795,0.8379015459504775,20.2398338584692
504,BA11_80:20_Log_window1_KPCA_95,ExtraTreesRegressor,"{'n_estimators': 10, 'min_samples_split': 10, 'min_samples_leaf': 2, 'max_depth': 10}",0.6954920624822191,0.3841359997279907,0.6267654667796227,0.8339616672738736,19.61702485320621
505,BA11_80:20_Log_window1_KPCA_90,XGBoost Regressor,"{'subsample': 0.7, 'reg_lambda': 0.1, 'reg_alpha': 0.1, 'n_estimators': 100, 'min_child_weight': 1, 'max_depth': 9, 'learning_rate': 0.3, 'gamma': 0.3, 'colsample_bytree': 0.8}",0.7036655444971238,0.3897079077393877,0.6189005702111535,0.8388477481027912,19.71786653546238
506,BA11_80:20_Log_window1_KPCA_95,XGBoost Regressor,"{'subsample': 0.9, 'reg_lambda': 0.1, 'reg_alpha': 0.5, 'n_estimators': 200, 'min_child_weight': 1, 'max_depth': 10, 'learning_rate': 0.1, 'gamma': 0.3, 'colsample_bytree': 0.9}",0.7091811737057511,0.4074361402244974,0.6241243150378889,0.8421289531335157,20.43960986822784
507,BA11_80:20_Log_window1_KPCA_90,Multilayer Perceptron,"{'module__num_units': 10, 'module__activation_func': ReLU(), 'lr': 0.1}",0.7087807655334473,0.4858132600784302,0.6194252967834473,0.8418911839029123,23.61997812986374
508,BA11_80:20_Log_window1_KPCA_95,Multilayer Perceptron,"{'module__num_units': 10, 'module__activation_func': ReLU(), 'lr': 0.01}",0.9606409668922424,0.6864956021308899,0.6427043676376343,0.9801229345812914,33.0012321472168
509,BA11_80:20_Log_window1_KPCA_90,Long Short-Term Memory Network,"{'module__num_layers': 1, 'module__hidden_size': 25, 'max_epochs': 20, 'lr': 0.1, 'batch_size': 16}",0.3930652737617493,0.2985309064388275,0.5196505188941956,0.6269491795686069,14.78180885314941
510,BA11_80:20_Log_window1_KPCA_95,Long Short-Term Memory Network,"{'module__num_layers': 1, 'module__hidden_size': 25, 'max_epochs': 20, 'lr': 0.1, 'batch_size': 16}",0.4988103210926056,0.4937780201435089,0.5323484539985657,0.7062650501706889,22.64036536216736
511,BA11_80:20_Log_window1_KPCA_90,Convolutional neural network,{},1.317824840545654,0.8349729180335999,0.8579781651496887,1.147965522368008,37.21238076686859
512,BA11_80:20_Log_window1_KPCA_95,Convolutional neural network,{},1.761101603507996,0.9718844890594482,0.9671683311462402,1.32706503363927,41.17678105831146
513,BA11_70:30_Log_window1_KPCA_90,Linear Regressor,{},0.5994467069689204,0.3810138289765668,0.5951663634624212,0.7742394377509586,19.76439599489068
514,BA11_70:30_Log_window1_KPCA_95,Linear Regressor,{},0.5973125293566621,0.3674352182092439,0.5881225455384488,0.7728599674951874,19.22722356065988
515,BA11_70:30_Log_window1_KPCA_90,Support Vector Regressor,"{'kernel': 'rbf', 'gamma': 0.0001, 'C': 100}",0.686538195389734,0.3765189309982882,0.630280282649174,0.8285760045944693,19.57800417575215
516,BA11_70:30_Log_window1_KPCA_95,Support Vector Regressor,"{'kernel': 'rbf', 'gamma': 0.0001, 'C': 1}",0.7145044403345231,0.3612619893437493,0.6379884888582468,0.845283644899464,18.92264488545241
517,BA11_70:30_Log_window1_KPCA_90,Decision Tree Regressor,"{'splitter': 'best', 'min_samples_split': 5, 'min_samples_leaf': 2, 'min_impurity_decrease': 1.0, 'max_leaf_nodes': 50, 'max_features': 'auto', 'max_depth': 32, 'criterion': 'mae', 'ccp_alpha': 1.0}",0.8105062543808967,0.4986723995204913,0.6866979874750219,0.9002812085014863,24.00838771843201
518,BA11_70:30_Log_window1_KPCA_95,Decision Tree Regressor,"{'splitter': 'best', 'min_samples_split': 5, 'min_samples_leaf': 2, 'min_impurity_decrease': 1.0, 'max_leaf_nodes': 50, 'max_features': 'auto', 'max_depth': 32, 'criterion': 'mae', 'ccp_alpha': 1.0}",0.8105062543808967,0.4986723995204913,0.6866979874750219,0.9002812085014863,24.00838771843201
519,BA11_70:30_Log_window1_KPCA_90,K-Neighbors Regressor,"{'weights': 'distance', 'n_neighbors': 2}",0.7137767255753187,0.4071458033346327,0.6570858591823134,0.8448530792837999,20.838316367311
520,BA11_70:30_Log_window1_KPCA_95,K-Neighbors Regressor,"{'weights': 'uniform', 'n_neighbors': 1}",0.772581939519751,0.4346881265850774,0.6657001386701515,0.8789664040904811,23.62583186234857
521,BA11_70:30_Log_window1_KPCA_90,Stochastic Gradient Descent Regressor,"{'tol': 1e-05, 'power_t': 0.5, 'penalty': 'l2', 'max_iter': 1000, 'loss': 'squared_loss', 'learning_rate': 'constant', 'l1_ratio': 0, 'fit_intercept': True, 'eta0': 0.001, 'alpha': 0.01}",0.5914874014616793,0.3834545523784266,0.5883122745308804,0.7690821812145171,19.96599083832854
522,BA11_70:30_Log_window1_KPCA_95,Stochastic Gradient Descent Regressor,"{'tol': 1e-05, 'power_t': 0.75, 'penalty': 'l1', 'max_iter': 1000, 'loss': 'huber', 'learning_rate': 'invscaling', 'l1_ratio': 0, 'fit_intercept': True, 'eta0': 0.01, 'alpha': 0.01}",5.5191127889248,1.969809201262536,0.9529099718805701,2.349279206251313,99.42484034693199
523,BA11_70:30_Log_window1_KPCA_90,Voting Regressor,"{'rf__n_estimators': 10, 'gb__n_estimators': 10}",0.5199829564961943,0.3553396967908581,0.5234795423437058,0.7210984374523317,19.47184159418081
524,BA11_70:30_Log_window1_KPCA_95,Voting Regressor,"{'rf__n_estimators': 10, 'gb__n_estimators': 10}",0.515685847951719,0.3487325895839731,0.5137916704409113,0.7181126986425731,19.23509600640053
525,BA11_70:30_Log_window1_KPCA_90,Stacking Regressor,{'final_estimator': LinearSVR(random_state=42)},0.615273805123767,0.3800349338395541,0.5978325495735759,0.7843939094127178,20.09840198380451
526,BA11_70:30_Log_window1_KPCA_95,Stacking Regressor,{'final_estimator': RandomForestRegressor(random_state=42)},0.7437767869860594,0.5516084848548559,0.6321979164501226,0.8624249457118338,26.80785044898454
527,BA11_70:30_Log_window1_KPCA_90,Gradient Boosting Regressor,"{'n_estimators': 100, 'min_samples_split': 2, 'min_samples_leaf': 5, 'min_impurity_decrease': 2, 'max_leaf_nodes': 20, 'max_features': 'sqrt', 'max_depth': 20, 'learning_rate': 0.5}",0.6081703988766763,0.460584758893104,0.5704363510404585,0.7798528059042145,23.55050848209836
528,BA11_70:30_Log_window1_KPCA_95,Gradient Boosting Regressor,"{'n_estimators': 10, 'min_samples_split': 5, 'min_samples_leaf': 5, 'min_impurity_decrease': 1, 'max_leaf_nodes': 20, 'max_features': 'log2', 'max_depth': 10, 'learning_rate': 0.1}",0.6127358797280847,0.4417907242068257,0.5775137560961782,0.7827744756493308,22.73293363931115
529,BA11_70:30_Log_window1_KPCA_90,Random Forest Regressor,"{'n_estimators': 10, 'min_samples_split': 2, 'min_samples_leaf': 4, 'max_depth': 30}",0.5567846662630695,0.4024936218370125,0.5231373012024451,0.7461800494941349,21.73115679223569
530,BA11_70:30_Log_window1_KPCA_95,Random Forest Regressor,"{'n_estimators': 10, 'min_samples_split': 2, 'min_samples_leaf': 4, 'max_depth': 30}",0.5667059917362791,0.4001381488097895,0.5262012497560762,0.7527987724061983,21.63766284131616
531,BA11_70:30_Log_window1_KPCA_90,AdaBoostRegressor,"{'n_estimators': 400, 'loss': 'square', 'learning_rate': 1.0}",0.5658566291189436,0.3732170621786989,0.5426192312636325,0.7522344243112938,19.89678812737798
532,BA11_70:30_Log_window1_KPCA_95,AdaBoostRegressor,"{'n_estimators': 50, 'loss': 'linear', 'learning_rate': 0.01}",0.4949093585485281,0.3459302211763561,0.4504006198457438,0.7034979449497547,19.29847117961182
533,BA11_70:30_Log_window1_KPCA_90,BaggingRegressor,"{'n_estimators': 80, 'max_samples': 0.7000000000000001, 'max_features': 0.1}",0.7203907803157269,0.4497142477348408,0.6430797075961551,0.8487583756969511,22.45968687350963
534,BA11_70:30_Log_window1_KPCA_95,BaggingRegressor,"{'n_estimators': 80, 'max_samples': 0.7000000000000001, 'max_features': 0.1}",0.7178352761679369,0.4519968942888226,0.6371000236071945,0.8472516014549261,22.5548627138919
535,BA11_70:30_Log_window1_KPCA_90,ExtraTreesRegressor,"{'n_estimators': 200, 'min_samples_split': 5, 'min_samples_leaf': 2, 'max_depth': None}",0.5967216197148907,0.3745199007280908,0.5756466066655096,0.7724775852507895,19.88943932198149
536,BA11_70:30_Log_window1_KPCA_95,ExtraTreesRegressor,"{'n_estimators': 10, 'min_samples_split': 10, 'min_samples_leaf': 2, 'max_depth': 10}",0.6450944702903387,0.3929284262031573,0.5812007615850856,0.8031777326908028,20.57582003221674
537,BA11_70:30_Log_window1_KPCA_90,XGBoost Regressor,"{'subsample': 0.9, 'reg_lambda': 1.0, 'reg_alpha': 0, 'n_estimators': 100, 'min_child_weight': 5, 'max_depth': 3, 'learning_rate': 0.1, 'gamma': 0.2, 'colsample_bytree': 1.0}",0.5327141029899495,0.3947702528654066,0.5225800557042285,0.7298726621746765,21.36757744704979
538,BA11_70:30_Log_window1_KPCA_95,XGBoost Regressor,"{'subsample': 0.8, 'reg_lambda': 0.5, 'reg_alpha': 1.0, 'n_estimators': 600, 'min_child_weight': 5, 'max_depth': 8, 'learning_rate': 0.2, 'gamma': 0.1, 'colsample_bytree': 0.7}",0.5589077579542292,0.3964044282377961,0.555486748873374,0.7476013362442775,21.41462523734774
539,BA11_70:30_Log_window1_KPCA_90,Multilayer Perceptron,"{'module__num_units': 10, 'module__activation_func': ReLU(), 'lr': 0.1}",0.8529664278030396,0.4822406470775604,0.6704763770103455,0.9235618159078685,23.12556356191635
540,BA11_70:30_Log_window1_KPCA_95,Multilayer Perceptron,"{'module__num_units': 10, 'module__activation_func': ReLU(), 'lr': 0.01}",0.6432675719261169,0.4144921600818634,0.6325887441635132,0.8020396323911412,22.26582616567612
541,BA11_70:30_Log_window1_KPCA_90,Long Short-Term Memory Network,"{'module__num_layers': 1, 'module__hidden_size': 75, 'max_epochs': 30, 'lr': 0.1, 'batch_size': 16}",0.4300737679004669,0.3203623592853546,0.550284206867218,0.6558000975148348,15.54020047187805
542,BA11_70:30_Log_window1_KPCA_95,Long Short-Term Memory Network,"{'module__num_layers': 1, 'module__hidden_size': 75, 'max_epochs': 30, 'lr': 0.1, 'batch_size': 16}",0.5317980051040649,0.4590995311737061,0.6014015078544617,0.729244818359421,20.25393843650818
543,BA11_70:30_Log_window1_KPCA_90,Convolutional neural network,{},1.255659103393555,0.6413719654083252,0.8641112446784973,1.120561958748179,27.34107077121735
544,BA11_70:30_Log_window1_KPCA_95,Convolutional neural network,{},2.031905889511108,0.896287202835083,1.007410526275635,1.425449364064227,34.50264632701874
545,BA11_60:40_Log_window1_KPCA_90,Linear Regressor,{},0.6330179148535452,0.401348343864633,0.3405782660575119,0.7956242296797812,20.38175206685644
546,BA11_60:40_Log_window1_KPCA_95,Linear Regressor,{},0.6927410636102999,0.4254319095877765,0.366889964169078,0.8323106773376753,21.42062809460828
547,BA11_60:40_Log_window1_KPCA_90,Support Vector Regressor,"{'kernel': 'rbf', 'gamma': 0.0001, 'C': 1}",0.7545536689695652,0.3866598730625804,0.3737062008291595,0.8686504872326759,19.41309702584125
548,BA11_60:40_Log_window1_KPCA_95,Support Vector Regressor,"{'kernel': 'rbf', 'gamma': 0.0001, 'C': 1}",0.8017296985726652,0.4339562731562993,0.3976915845986232,0.8953935998055074,21.09291966267628
549,BA11_60:40_Log_window1_KPCA_90,Decision Tree Regressor,"{'splitter': 'best', 'min_samples_split': 5, 'min_samples_leaf': 2, 'min_impurity_decrease': 1.0, 'max_leaf_nodes': 50, 'max_features': 'auto', 'max_depth': 32, 'criterion': 'mae', 'ccp_alpha': 1.0}",0.808111189700239,0.4943536064078694,0.4153011710430879,0.8989500485011606,23.4394738819784
550,BA11_60:40_Log_window1_KPCA_95,Decision Tree Regressor,"{'splitter': 'best', 'min_samples_split': 5, 'min_samples_leaf': 2, 'min_impurity_decrease': 1.0, 'max_leaf_nodes': 50, 'max_features': 'auto', 'max_depth': 32, 'criterion': 'mae', 'ccp_alpha': 1.0}",0.808111189700239,0.4943536064078694,0.4153011710430879,0.8989500485011606,23.4394738819784
551,BA11_60:40_Log_window1_KPCA_90,K-Neighbors Regressor,"{'weights': 'uniform', 'n_neighbors': 5}",0.6871436909428933,0.3666587601546582,0.3472970749630682,0.8289413072967792,18.5520497919128
552,BA11_60:40_Log_window1_KPCA_95,K-Neighbors Regressor,"{'weights': 'uniform', 'n_neighbors': 5}",0.7075746667060971,0.3955963206654443,0.363618828781923,0.8411745756417612,19.86566360664377
553,BA11_60:40_Log_window1_KPCA_90,Stochastic Gradient Descent Regressor,"{'tol': 0.0001, 'power_t': 0.5, 'penalty': 'l1', 'max_iter': 1000, 'loss': 'squared_loss', 'learning_rate': 'adaptive', 'l1_ratio': 0.15, 'fit_intercept': True, 'eta0': 0.001, 'alpha': 0.001}",0.7202761909187949,0.6432342740726111,0.4055545200144645,0.8486908688791196,32.76914650250325
554,BA11_60:40_Log_window1_KPCA_95,Stochastic Gradient Descent Regressor,"{'tol': 0.0001, 'power_t': 0.5, 'penalty': 'l1', 'max_iter': 1000, 'loss': 'squared_loss', 'learning_rate': 'adaptive', 'l1_ratio': 0.15, 'fit_intercept': True, 'eta0': 0.001, 'alpha': 0.001}",0.6764735836640506,0.4567070392631716,0.3693947002023509,0.8224801418052904,22.99806716799528
555,BA11_60:40_Log_window1_KPCA_90,Voting Regressor,"{'rf__n_estimators': 10, 'gb__n_estimators': 10}",0.5643421241560475,0.3497149727479014,0.3097367454425244,0.7512270789555229,18.62598716423051
556,BA11_60:40_Log_window1_KPCA_95,Voting Regressor,"{'rf__n_estimators': 10, 'gb__n_estimators': 10}",0.631225350042227,0.3697491614035309,0.3309670495449685,0.7944969163201497,19.32856265786406
557,BA11_60:40_Log_window1_KPCA_90,Stacking Regressor,{'final_estimator': LinearSVR(random_state=42)},0.7075008395485363,0.3811222131197788,0.3617510667029255,0.8411306911226912,19.3147887084238
558,BA11_60:40_Log_window1_KPCA_95,Stacking Regressor,{'final_estimator': LinearSVR(random_state=42)},0.8169821383699789,0.4225167677522932,0.3952553890082091,0.9038706424981281,20.50589126830364
559,BA11_60:40_Log_window1_KPCA_90,Gradient Boosting Regressor,"{'n_estimators': 100, 'min_samples_split': 5, 'min_samples_leaf': 10, 'min_impurity_decrease': 2, 'max_leaf_nodes': None, 'max_features': 'sqrt', 'max_depth': 20, 'learning_rate': 1}",0.6651237723516568,0.4906082053249829,0.3638523343964614,0.815551207682054,25.04364644519689
560,BA11_60:40_Log_window1_KPCA_95,Gradient Boosting Regressor,"{'n_estimators': 200, 'min_samples_split': 2, 'min_samples_leaf': 10, 'min_impurity_decrease': 0, 'max_leaf_nodes': 5, 'max_features': 'log2', 'max_depth': 30, 'learning_rate': 0.1}",0.7775381767911175,0.4906458020399134,0.3791778148769429,0.8817812522338618,24.37178862781658
561,BA11_60:40_Log_window1_KPCA_90,Random Forest Regressor,"{'n_estimators': 10, 'min_samples_split': 2, 'min_samples_leaf': 4, 'max_depth': 30}",0.6193736282466644,0.3972727054480822,0.3295742286162862,0.7870029404307614,20.90580261676796
562,BA11_60:40_Log_window1_KPCA_95,Random Forest Regressor,"{'n_estimators': 50, 'min_samples_split': 2, 'min_samples_leaf': 4, 'max_depth': 20}",0.6809843312980576,0.403377321585294,0.3522406459082245,0.8252177478084542,20.59939915101201
563,BA11_60:40_Log_window1_KPCA_90,AdaBoostRegressor,"{'n_estimators': 250, 'loss': 'exponential', 'learning_rate': 0.01}",0.6356586815043886,0.3297215266373872,0.3137433544166203,0.7972820589379825,17.20523614475228
564,BA11_60:40_Log_window1_KPCA_95,AdaBoostRegressor,"{'n_estimators': 100, 'loss': 'square', 'learning_rate': 0.01}",0.6665786635654852,0.3685082504036544,0.3108947992207903,0.8164426884757345,19.67671442615315
565,BA11_60:40_Log_window1_KPCA_90,BaggingRegressor,"{'n_estimators': 150, 'max_samples': 0.1, 'max_features': 1.0}",0.672900869784408,0.396101725424774,0.3573728840424418,0.8203053515517303,19.97831871798616
566,BA11_60:40_Log_window1_KPCA_95,BaggingRegressor,"{'n_estimators': 150, 'max_samples': 0.1, 'max_features': 1.0}",0.7063804178727213,0.4046849487178263,0.3670129830635233,0.8404644060712633,20.23364446776857
567,BA11_60:40_Log_window1_KPCA_90,ExtraTreesRegressor,"{'n_estimators': 200, 'min_samples_split': 5, 'min_samples_leaf': 2, 'max_depth': None}",0.5695924206098963,0.3486329797080517,0.3138883322249495,0.7547134692119231,18.58110673310334
568,BA11_60:40_Log_window1_KPCA_95,ExtraTreesRegressor,"{'n_estimators': 10, 'min_samples_split': 10, 'min_samples_leaf': 2, 'max_depth': 10}",0.6319065381048807,0.4050066307546523,0.3466681299220339,0.7949254921719902,20.96567098381459
569,BA11_60:40_Log_window1_KPCA_90,XGBoost Regressor,"{'subsample': 0.9, 'reg_lambda': 1.0, 'reg_alpha': 0, 'n_estimators': 100, 'min_child_weight': 5, 'max_depth': 3, 'learning_rate': 0.1, 'gamma': 0.2, 'colsample_bytree': 1.0}",0.5181555975227713,0.3396353456383959,0.2932546803788203,0.719830256048446,18.64790904102474
570,BA11_60:40_Log_window1_KPCA_95,XGBoost Regressor,"{'subsample': 0.9, 'reg_lambda': 1.0, 'reg_alpha': 0, 'n_estimators': 100, 'min_child_weight': 5, 'max_depth': 3, 'learning_rate': 0.1, 'gamma': 0.2, 'colsample_bytree': 1.0}",0.6752001814624679,0.4137450661064323,0.347349920165334,0.8217056537851422,21.22796854926089
571,BA11_60:40_Log_window1_KPCA_90,Multilayer Perceptron,"{'module__num_units': 20, 'module__activation_func': Tanh(), 'lr': 0.1}",0.8989107012748718,0.4966552555561066,0.4317032098770142,0.9481090133918524,23.13433587551117
572,BA11_60:40_Log_window1_KPCA_95,Multilayer Perceptron,"{'module__num_units': 10, 'module__activation_func': ReLU(), 'lr': 0.1}",0.8240939378738403,0.5274444222450256,0.4189780056476593,0.9077961984244263,25.14192759990692
573,BA11_60:40_Log_window1_KPCA_90,Long Short-Term Memory Network,"{'module__num_layers': 1, 'module__hidden_size': 25, 'max_epochs': 20, 'lr': 0.1, 'batch_size': 16}",0.3499056100845337,0.3241120278835297,0.2416636943817139,0.5915281988921016,14.80691581964493
574,BA11_60:40_Log_window1_KPCA_95,Long Short-Term Memory Network,"{'module__num_layers': 1, 'module__hidden_size': 25, 'max_epochs': 20, 'lr': 0.1, 'batch_size': 16}",0.3709447979927063,0.3343988060951233,0.2511521577835083,0.6090523770520121,15.45175015926361
575,BA11_60:40_Log_window1_KPCA_90,Convolutional neural network,{},1.303487420082092,0.7309552431106567,0.5553681254386902,1.141703735687193,30.20941019058228
576,BA11_60:40_Log_window1_KPCA_95,Convolutional neural network,{},1.201332926750183,0.6005474328994751,0.5093246698379517,1.096053341197491,25.83018839359283
577,BA11_80:20_MinMax_window1_Isomap_90,Linear Regressor,{},0.1502275699454174,0.2943199755934419,0.4628597682625418,0.3875920148112153,42.36572963785169
578,BA11_80:20_MinMax_window1_Isomap_90,Support Vector Regressor,"{'kernel': 'rbf', 'gamma': 0.0001, 'C': 1}",0.0488745970630732,0.1746633479515749,0.3465954363324658,0.2210759983875979,27.18876791044629
579,BA11_80:20_MinMax_window1_Isomap_90,Decision Tree Regressor,"{'splitter': 'best', 'min_samples_split': 5, 'min_samples_leaf': 4, 'min_impurity_decrease': 0.1, 'max_leaf_nodes': 90, 'max_features': None, 'max_depth': 26, 'criterion': 'mae', 'ccp_alpha': 0.0}",0.04844702540556579,0.174112410629967,0.3489182037358353,0.2201068499742018,27.08656660991536
580,BA11_80:20_MinMax_window1_Isomap_90,K-Neighbors Regressor,"{'weights': 'uniform', 'n_neighbors': 9}",0.02685337003902386,0.1306956084212038,0.2590002710981685,0.1638699790657943,20.60904102692228
581,BA11_80:20_MinMax_window1_Isomap_90,Stochastic Gradient Descent Regressor,"{'tol': 1e-05, 'power_t': 0.5, 'penalty': 'l2', 'max_iter': 1000, 'loss': 'squared_loss', 'learning_rate': 'constant', 'l1_ratio': 0, 'fit_intercept': True, 'eta0': 0.001, 'alpha': 0.01}",0.02536946655075712,0.1289953459847047,0.2298524518943416,0.1592779537499058,20.41272209488118
582,BA11_80:20_MinMax_window1_Isomap_90,Voting Regressor,"{'rf__n_estimators': 10, 'gb__n_estimators': 100}",0.05585033387570495,0.1963673567643169,0.3017468198205178,0.2363267523487448,32.5764379464436
583,BA11_80:20_MinMax_window1_Isomap_90,Stacking Regressor,{'final_estimator': LinearSVR(random_state=42)},0.02602090667160988,0.1295965044576265,0.2538264755657613,0.1613099707755534,20.85541841608295
584,BA11_80:20_MinMax_window1_Isomap_90,Gradient Boosting Regressor,"{'n_estimators': 50, 'min_samples_split': 2, 'min_samples_leaf': 2, 'min_impurity_decrease': 0, 'max_leaf_nodes': 15, 'max_features': 'log2', 'max_depth': 20, 'learning_rate': 0.05}",0.04099572995453754,0.1664311730998728,0.291775457910137,0.2024740229129098,27.2770782836816
585,BA11_80:20_MinMax_window1_Isomap_90,Random Forest Regressor,"{'n_estimators': 50, 'min_samples_split': 10, 'min_samples_leaf': 1, 'max_depth': 30}",0.03288831965262336,0.1477970583999605,0.2522568608387141,0.1813513706940848,23.92799997247541
586,BA11_80:20_MinMax_window1_Isomap_90,AdaBoostRegressor,"{'n_estimators': 400, 'loss': 'square', 'learning_rate': 1.0}",0.01741796738289913,0.1108295090843251,0.1881856687764338,0.1319771471994267,19.50873048750733
587,BA11_80:20_MinMax_window1_Isomap_90,BaggingRegressor,"{'n_estimators': 130, 'max_samples': 0.8, 'max_features': 0.6}",0.02733352479161976,0.1248068204174151,0.2185408770847981,0.1653285359265597,19.60118332214478
588,BA11_80:20_MinMax_window1_Isomap_90,ExtraTreesRegressor,"{'n_estimators': 200, 'min_samples_split': 5, 'min_samples_leaf': 2, 'max_depth': None}",0.03367946906244448,0.1482374432700842,0.24882930019672,0.1835196694156909,24.34939997542216
589,BA11_80:20_MinMax_window1_Isomap_90,XGBoost Regressor,"{'subsample': 0.9, 'reg_lambda': 1.0, 'reg_alpha': 0, 'n_estimators': 100, 'min_child_weight': 5, 'max_depth': 3, 'learning_rate': 0.1, 'gamma': 0.2, 'colsample_bytree': 1.0}",0.02614704937423791,0.1273971246902029,0.2305546469491553,0.1617004928076532,20.61518835772389
590,BA11_80:20_MinMax_window1_Isomap_90,Multilayer Perceptron,"{'module__num_units': 50, 'module__activation_func': Tanh(), 'lr': 0.1}",0.04216494783759117,0.1630857735872269,0.3786173164844513,0.2053410524897327,25.235316157341
591,BA11_80:20_MinMax_window1_Isomap_90,Long Short-Term Memory Network,"{'module__num_layers': 1, 'module__hidden_size': 75, 'max_epochs': 30, 'lr': 0.1, 'batch_size': 16}",0.02234786376357079,0.13193079829216,0.1894159018993378,0.1494920190631285,17.82013922929764
592,BA11_80:20_MinMax_window1_Isomap_90,Convolutional neural network,{},0.04693148285150528,0.174935907125473,0.3336771726608276,0.2166367532333913,27.38921642303467
593,BA11_70:30_MinMax_window1_Isomap_90,Linear Regressor,{},0.06568417156976677,0.2025734650766995,0.480636906323379,0.2562892342057441,37.35781960272928
594,BA11_70:30_MinMax_window1_Isomap_90,Support Vector Regressor,"{'kernel': 'rbf', 'gamma': 0.0001, 'C': 1}",0.04607113729174538,0.167154417447005,0.4598500176342034,0.214641881495074,28.30221672165737
595,BA11_70:30_MinMax_window1_Isomap_90,Decision Tree Regressor,"{'splitter': 'best', 'min_samples_split': 5, 'min_samples_leaf': 4, 'min_impurity_decrease': 0.1, 'max_leaf_nodes': 90, 'max_features': None, 'max_depth': 26, 'criterion': 'mae', 'ccp_alpha': 0.0}",0.05333434849253286,0.1836392004221472,0.5090276832651499,0.2309423055495308,30.73537468940822
596,BA11_70:30_MinMax_window1_Isomap_90,K-Neighbors Regressor,"{'weights': 'uniform', 'n_neighbors': 9}",0.036945836000085,0.1420927692628401,0.4537266781986894,0.1922129964390676,24.2580102266269
597,BA11_70:30_MinMax_window1_Isomap_90,Stochastic Gradient Descent Regressor,"{'tol': 1e-05, 'power_t': 0.5, 'penalty': 'l2', 'max_iter': 1000, 'loss': 'squared_loss', 'learning_rate': 'constant', 'l1_ratio': 0, 'fit_intercept': True, 'eta0': 0.001, 'alpha': 0.01}",0.06057648195148523,0.1927405706860295,0.4663006971677146,0.2461229000956336,34.95884950860702
598,BA11_70:30_MinMax_window1_Isomap_90,Voting Regressor,"{'rf__n_estimators': 50, 'gb__n_estimators': 10}",0.04474526110488306,0.1640483354530301,0.4407038072839,0.2115307568768265,27.86467872600065
599,BA11_70:30_MinMax_window1_Isomap_90,Stacking Regressor,{'final_estimator': LinearSVR(random_state=42)},0.08876203820092388,0.2491170168498955,0.5608063440561529,0.2979295859778345,42.54672259027149
600,BA11_70:30_MinMax_window1_Isomap_90,Gradient Boosting Regressor,"{'n_estimators': 100, 'min_samples_split': 5, 'min_samples_leaf': 10, 'min_impurity_decrease': 2, 'max_leaf_nodes': None, 'max_features': 'sqrt', 'max_depth': 20, 'learning_rate': 1}",0.05708941448535501,0.1903011716057363,0.494304436956267,0.2389339123802961,31.93583952126601
601,BA11_70:30_MinMax_window1_Isomap_90,Random Forest Regressor,"{'n_estimators': 50, 'min_samples_split': 2, 'min_samples_leaf': 4, 'max_depth': 20}",0.04253733031882442,0.1582527755622467,0.4483511092997828,0.2062458007301589,27.00097083221471
602,BA11_70:30_MinMax_window1_Isomap_90,AdaBoostRegressor,"{'n_estimators': 400, 'loss': 'square', 'learning_rate': 1.0}",0.04632652540728617,0.1637518087844193,0.541516095167449,0.2152359760989927,27.33102156145037
603,BA11_70:30_MinMax_window1_Isomap_90,BaggingRegressor,"{'n_estimators': 150, 'max_samples': 0.1, 'max_features': 1.0}",0.05373255856089294,0.1824208939798083,0.4951817023628963,0.2318028441604911,30.60167784935305
604,BA11_70:30_MinMax_window1_Isomap_90,ExtraTreesRegressor,"{'n_estimators': 10, 'min_samples_split': 10, 'min_samples_leaf': 2, 'max_depth': 10}",0.04685997199032699,0.1730451449847472,0.4343479877889118,0.2164716424623026,29.38452849440097
605,BA11_70:30_MinMax_window1_Isomap_90,XGBoost Regressor,"{'subsample': 1.0, 'reg_lambda': 0, 'reg_alpha': 1.0, 'n_estimators': 700, 'min_child_weight': 1, 'max_depth': 9, 'learning_rate': 0.01, 'gamma': 0.3, 'colsample_bytree': 0.8}",0.05708941605315767,0.1903011759666142,0.49430443567581,0.2389339156611252,31.93584028500944
606,BA11_70:30_MinMax_window1_Isomap_90,Multilayer Perceptron,"{'module__num_units': 20, 'module__activation_func': Tanh(), 'lr': 0.1}",0.06069949269294739,0.1941778361797333,0.5794711112976074,0.2463726703450433,31.86148107051849
607,BA11_70:30_MinMax_window1_Isomap_90,Long Short-Term Memory Network,"{'module__num_layers': 1, 'module__hidden_size': 25, 'max_epochs': 20, 'lr': 0.1, 'batch_size': 16}",0.03224238380789757,0.1324258744716644,0.1916620135307312,0.1795616434762657,19.15133744478226
608,BA11_70:30_MinMax_window1_Isomap_90,Convolutional neural network,{},0.08247659355401993,0.2177990078926086,0.5545527935028076,0.2871873840439721,36.82335913181305
609,BA11_60:40_MinMax_window1_Isomap_90,Linear Regressor,{},0.1359834276181834,0.2885270318605755,0.8134563064502319,0.3687593085173355,51.36138318145682
610,BA11_60:40_MinMax_window1_Isomap_90,Support Vector Regressor,"{'kernel': 'rbf', 'gamma': 0.0001, 'C': 1}",0.06119575150860274,0.196313648593508,0.6345923815950976,0.2473777506337277,33.8270015432373
611,BA11_60:40_MinMax_window1_Isomap_90,Decision Tree Regressor,"{'splitter': 'best', 'min_samples_split': 5, 'min_samples_leaf': 4, 'min_impurity_decrease': 0.1, 'max_leaf_nodes': 90, 'max_features': None, 'max_depth': 26, 'criterion': 'mae', 'ccp_alpha': 0.0}",0.06088925984998305,0.1955811040767273,0.6386735704534275,0.2467574919834919,33.68024536253559
612,BA11_60:40_MinMax_window1_Isomap_90,K-Neighbors Regressor,"{'weights': 'distance', 'n_neighbors': 8}",0.06983800529445136,0.2114079939803256,0.6227697846423553,0.2642688125648794,36.63616065035944
613,BA11_60:40_MinMax_window1_Isomap_90,Stochastic Gradient Descent Regressor,"{'tol': 0.0001, 'power_t': 0.25, 'penalty': 'elasticnet', 'max_iter': 3000, 'loss': 'squared_loss', 'learning_rate': 'optimal', 'l1_ratio': 0, 'fit_intercept': True, 'eta0': 0.001, 'alpha': 1}",0.06561565677411951,0.2052646640839024,0.6072207710339054,0.2561555323902248,35.56972534234276
614,BA11_60:40_MinMax_window1_Isomap_90,Voting Regressor,"{'rf__n_estimators': 10, 'gb__n_estimators': 10}",0.089445687059867,0.2395704078995859,0.666842311903317,0.2990747181890622,41.97543080711509
615,BA11_60:40_MinMax_window1_Isomap_90,Stacking Regressor,{'final_estimator': LinearSVR(random_state=42)},0.07000791212826356,0.2055965801388561,0.6931945092932621,0.2645900832009083,35.30964133252468
616,BA11_60:40_MinMax_window1_Isomap_90,Gradient Boosting Regressor,"{'n_estimators': 10, 'min_samples_split': 10, 'min_samples_leaf': 10, 'min_impurity_decrease': 2, 'max_leaf_nodes': 10, 'max_features': 'sqrt', 'max_depth': None, 'learning_rate': 0.05}",0.06436263083206335,0.2024447270536349,0.6147466144747596,0.2536979125496766,34.98042100446048
617,BA11_60:40_MinMax_window1_Isomap_90,Random Forest Regressor,"{'n_estimators': 10, 'min_samples_split': 2, 'min_samples_leaf': 2, 'max_depth': None}",0.08767766618332377,0.241982001446662,0.6317848718227415,0.2961041475280679,42.66450826082787
618,BA11_60:40_MinMax_window1_Isomap_90,AdaBoostRegressor,"{'n_estimators': 400, 'loss': 'square', 'learning_rate': 1.0}",0.09206062939421712,0.2424228474506677,0.7211819583832686,0.303414945897886,41.42144388862773
619,BA11_60:40_MinMax_window1_Isomap_90,BaggingRegressor,"{'n_estimators': 130, 'max_samples': 0.8, 'max_features': 0.6}",0.07157039160738939,0.2167791609672638,0.622030993095364,0.2675264316051582,37.56831948784556
620,BA11_60:40_MinMax_window1_Isomap_90,ExtraTreesRegressor,"{'n_estimators': 10, 'min_samples_split': 10, 'min_samples_leaf': 2, 'max_depth': 10}",0.08361168657176198,0.234638962977784,0.6019967048805451,0.2891568546165938,41.72700507227272
621,BA11_60:40_MinMax_window1_Isomap_90,XGBoost Regressor,"{'subsample': 0.9, 'reg_lambda': 1.0, 'reg_alpha': 0, 'n_estimators': 100, 'min_child_weight': 5, 'max_depth': 3, 'learning_rate': 0.1, 'gamma': 0.2, 'colsample_bytree': 1.0}",0.0742818899485907,0.2228793048104842,0.6057930076902629,0.2725470417168213,39.02417634961298
622,BA11_60:40_MinMax_window1_Isomap_90,Multilayer Perceptron,"{'module__num_units': 10, 'module__activation_func': ReLU(), 'lr': 0.1}",0.0607600212097168,0.1927192658185959,0.6953315734863281,0.2464954790857569,32.84195065498352
623,BA11_60:40_MinMax_window1_Isomap_90,Long Short-Term Memory Network,"{'module__num_layers': 1, 'module__hidden_size': 25, 'max_epochs': 20, 'lr': 0.1, 'batch_size': 16}",0.05340759456157684,0.1834307312965393,0.3640976250171661,0.2311008320226841,27.59685218334198
624,BA11_60:40_MinMax_window1_Isomap_90,Convolutional neural network,{},0.07294800877571106,0.1971771419048309,0.6577497720718384,0.2700888905077568,33.28819274902344
625,BA11_80:20_Log_window1_Isomap_90,Linear Regressor,{},0.8763753345067269,0.7471345299622558,0.3029155307416733,0.9361492052588235,30.89955978885209
626,BA11_80:20_Log_window1_Isomap_90,Support Vector Regressor,"{'kernel': 'rbf', 'gamma': 0.0001, 'C': 100}",0.1119202507708151,0.2062866046406633,0.1012700556832876,0.3345448411959376,8.431414429272914
627,BA11_80:20_Log_window1_Isomap_90,Decision Tree Regressor,"{'splitter': 'best', 'min_samples_split': 5, 'min_samples_leaf': 2, 'min_impurity_decrease': 1.0, 'max_leaf_nodes': 50, 'max_features': 'auto', 'max_depth': 32, 'criterion': 'mae', 'ccp_alpha': 1.0}",0.1665199396186878,0.2819851710152386,0.130436080137935,0.4080685476959574,11.19906587001983
628,BA11_80:20_Log_window1_Isomap_90,K-Neighbors Regressor,"{'weights': 'uniform', 'n_neighbors': 9}",0.1453837102292929,0.258127793835551,0.1138331189795082,0.3812921586254993,11.15074135266131
629,BA11_80:20_Log_window1_Isomap_90,Stochastic Gradient Descent Regressor,"{'tol': 0.0001, 'power_t': 0.25, 'penalty': 'elasticnet', 'max_iter': 3000, 'loss': 'squared_loss', 'learning_rate': 'optimal', 'l1_ratio': 0, 'fit_intercept': True, 'eta0': 0.001, 'alpha': 1}",0.2430469984732183,0.4032224323366004,0.1643346364862022,0.4929979700497948,16.00940142304688
630,BA11_80:20_Log_window1_Isomap_90,Voting Regressor,"{'rf__n_estimators': 10, 'gb__n_estimators': 10}",0.9866992791368985,0.7933702974170666,0.3140172680388629,0.9933273776237613,41.8965790905962
631,BA11_80:20_Log_window1_Isomap_90,Stacking Regressor,{'final_estimator': LinearSVR(random_state=42)},0.1517020455226395,0.2701461291821238,0.1262948069856061,0.3894894677942389,10.6760298652303
632,BA11_80:20_Log_window1_Isomap_90,Gradient Boosting Regressor,"{'n_estimators': 10, 'min_samples_split': 10, 'min_samples_leaf': 10, 'min_impurity_decrease': 2, 'max_leaf_nodes': 10, 'max_features': 'sqrt', 'max_depth': None, 'learning_rate': 0.05}",0.2189462469363219,0.3724644478340365,0.1520561934910422,0.4679169231138385,14.79142500838071
633,BA11_80:20_Log_window1_Isomap_90,Random Forest Regressor,"{'n_estimators': 10, 'min_samples_split': 2, 'min_samples_leaf': 4, 'max_depth': 30}",0.2959855692661177,0.3989014015880135,0.1430005778962911,0.5440455580795763,16.53751069152335
634,BA11_80:20_Log_window1_Isomap_90,AdaBoostRegressor,"{'n_estimators': 400, 'loss': 'square', 'learning_rate': 1.0}",1.272447241985907,0.5778210014036071,0.2309610724882577,1.128028032446848,33.00132816086592
635,BA11_80:20_Log_window1_Isomap_90,BaggingRegressor,"{'n_estimators': 150, 'max_samples': 0.1, 'max_features': 1.0}",0.2573934541961541,0.4572959693811328,0.1813697521886517,0.5073395846926929,18.37918789522211
636,BA11_80:20_Log_window1_Isomap_90,ExtraTreesRegressor,"{'n_estimators': 10, 'min_samples_split': 10, 'min_samples_leaf': 2, 'max_depth': 10}",0.6824577473524431,0.6188714444523356,0.2369048896013644,0.8261100092314844,31.28245272943339
637,BA11_80:20_Log_window1_Isomap_90,XGBoost Regressor,"{'subsample': 0.9, 'reg_lambda': 0.5, 'reg_alpha': 0.5, 'n_estimators': 1000, 'min_child_weight': 1, 'max_depth': 8, 'learning_rate': 0.01, 'gamma': 0.3, 'colsample_bytree': 0.7}",0.4477006866062762,0.4701975856184271,0.1766949606806289,0.6691043914115915,22.21138085684571
638,BA11_80:20_Log_window1_Isomap_90,Multilayer Perceptron,"{'module__num_units': 50, 'module__activation_func': Tanh(), 'lr': 0.1}",0.1539885103702545,0.2529462575912476,0.1234442368149757,0.3924136979900861,10.12227237224579
639,BA11_80:20_Log_window1_Isomap_90,Long Short-Term Memory Network,"{'module__num_layers': 1, 'module__hidden_size': 75, 'max_epochs': 30, 'lr': 0.1, 'batch_size': 16}",0.05597066879272461,0.2091434895992279,0.07369233667850494,0.2365812097203085,7.417687773704529
640,BA11_80:20_Log_window1_Isomap_90,Convolutional neural network,{},0.2066615372896194,0.3014712631702423,0.1431436836719513,0.4546004149685958,11.92260906100273
641,BA11_70:30_Log_window1_Isomap_90,Linear Regressor,{},1.254934029011807,0.8577830568367998,0.3326557294302513,1.120238380440434,32.14040464405799
642,BA11_70:30_Log_window1_Isomap_90,Support Vector Regressor,"{'kernel': 'rbf', 'gamma': 0.0001, 'C': 100}",0.2490130544884447,0.2939967262573838,0.1977199291923293,0.4990120784995536,12.76970957181181
643,BA11_70:30_Log_window1_Isomap_90,Decision Tree Regressor,"{'splitter': 'best', 'min_samples_split': 5, 'min_samples_leaf': 2, 'min_impurity_decrease': 1.0, 'max_leaf_nodes': 50, 'max_features': 'auto', 'max_depth': 32, 'criterion': 'mae', 'ccp_alpha': 1.0}",0.2596840165691064,0.3292895567667161,0.2067857154789246,0.5095920099148988,14.11028569766919
644,BA11_70:30_Log_window1_Isomap_90,K-Neighbors Regressor,"{'weights': 'distance', 'n_neighbors': 8}",0.195188734050876,0.3160610561970831,0.1692483834608622,0.4418016908646639,13.88389438944798
645,BA11_70:30_Log_window1_Isomap_90,Stochastic Gradient Descent Regressor,"{'tol': 0.0001, 'power_t': 0.25, 'penalty': 'elasticnet', 'max_iter': 3000, 'loss': 'squared_loss', 'learning_rate': 'optimal', 'l1_ratio': 0, 'fit_intercept': True, 'eta0': 0.001, 'alpha': 1}",0.3087297696002327,0.4407114602067297,0.2248796170086048,0.5556345647997727,18.69662517577272
646,BA11_70:30_Log_window1_Isomap_90,Voting Regressor,"{'rf__n_estimators': 50, 'gb__n_estimators': 200}",0.6903712513455025,0.6513554154122719,0.2460048055107659,0.8308858232907229,28.99372247338612
647,BA11_70:30_Log_window1_Isomap_90,Stacking Regressor,{'final_estimator': LinearSVR(random_state=42)},0.207499356700652,0.2753549741832928,0.1810223324801555,0.4555209728438988,12.16896259101762
648,BA11_70:30_Log_window1_Isomap_90,Gradient Boosting Regressor,"{'n_estimators': 10, 'min_samples_split': 2, 'min_samples_leaf': 5, 'min_impurity_decrease': 2, 'max_leaf_nodes': None, 'max_features': 'sqrt', 'max_depth': 15, 'learning_rate': 0.1}",0.3759132465284691,0.5159619721567326,0.2400590703548713,0.613117644933229,22.11215907857711
649,BA11_70:30_Log_window1_Isomap_90,Random Forest Regressor,"{'n_estimators': 50, 'min_samples_split': 10, 'min_samples_leaf': 1, 'max_depth': 30}",0.9913928162556369,0.7411615667706666,0.2835815331814353,0.9956871076074235,37.22349545319965
650,BA11_70:30_Log_window1_Isomap_90,AdaBoostRegressor,"{'n_estimators': 50, 'loss': 'exponential', 'learning_rate': 0.01}",0.346140386066694,0.3803000356609914,0.1885312545059223,0.5883369664288434,20.01844149995171
651,BA11_70:30_Log_window1_Isomap_90,BaggingRegressor,"{'n_estimators': 130, 'max_samples': 0.8, 'max_features': 0.6}",0.6578740320642102,0.6687984109289989,0.2516254961373793,0.8110943422711135,29.55526036781445
652,BA11_70:30_Log_window1_Isomap_90,ExtraTreesRegressor,"{'n_estimators': 200, 'min_samples_split': 5, 'min_samples_leaf': 2, 'max_depth': None}",0.4687962422228466,0.5379241396428526,0.2037178474202945,0.6846869665933817,23.38590275651222
653,BA11_70:30_Log_window1_Isomap_90,XGBoost Regressor,"{'subsample': 0.9, 'reg_lambda': 0.1, 'reg_alpha': 0.5, 'n_estimators': 200, 'min_child_weight': 1, 'max_depth': 10, 'learning_rate': 0.1, 'gamma': 0.3, 'colsample_bytree': 0.9}",0.5096170074984577,0.5019804453258288,0.2018782126113309,0.7138746441066931,24.45093835175297
654,BA11_70:30_Log_window1_Isomap_90,Multilayer Perceptron,"{'module__num_units': 20, 'module__activation_func': Tanh(), 'lr': 0.1}",0.2782253324985504,0.3200927972793579,0.2114867717027664,0.5274706934973263,13.70377093553543
655,BA11_70:30_Log_window1_Isomap_90,Long Short-Term Memory Network,"{'module__num_layers': 1, 'module__hidden_size': 25, 'max_epochs': 20, 'lr': 0.1, 'batch_size': 16}",0.06021855771541595,0.2133274227380753,0.07917475700378418,0.2453946978143904,7.748030871152878
656,BA11_70:30_Log_window1_Isomap_90,Convolutional neural network,{},0.3017171919345856,0.3140833079814911,0.2149478942155838,0.5492878953104515,13.42750638723373
657,BA11_60:40_Log_window1_Isomap_90,Linear Regressor,{},11.46468190560617,2.692986870247274,1.196222279861066,3.385953618348334,105.2737273302539
658,BA11_60:40_Log_window1_Isomap_90,Support Vector Regressor,"{'kernel': 'rbf', 'gamma': 0.01, 'C': 10}",0.2726762267080625,0.288992630720084,0.2311650479537513,0.5221840927374775,13.60856535522892
659,BA11_60:40_Log_window1_Isomap_90,Decision Tree Regressor,"{'splitter': 'best', 'min_samples_split': 5, 'min_samples_leaf': 2, 'min_impurity_decrease': 1.0, 'max_leaf_nodes': 50, 'max_features': 'auto', 'max_depth': 32, 'criterion': 'mae', 'ccp_alpha': 1.0}",0.341187436246534,0.3682248017734828,0.2680821073384063,0.5841125201932706,16.48242223288885
660,BA11_60:40_Log_window1_Isomap_90,K-Neighbors Regressor,"{'weights': 'uniform', 'n_neighbors': 9}",0.3332137918661817,0.391279785451412,0.2467344847608487,0.5772467339588694,17.88746450567562
661,BA11_60:40_Log_window1_Isomap_90,Stochastic Gradient Descent Regressor,"{'tol': 0.0001, 'power_t': 0.25, 'penalty': 'elasticnet', 'max_iter': 3000, 'loss': 'squared_loss', 'learning_rate': 'optimal', 'l1_ratio': 0, 'fit_intercept': True, 'eta0': 0.001, 'alpha': 1}",0.3745902052376652,0.4747498682002403,0.2808915309624448,0.6120377482130209,20.91541012115851
662,BA11_60:40_Log_window1_Isomap_90,Voting Regressor,"{'rf__n_estimators': 100, 'gb__n_estimators': 200}",2.038895981651102,1.135323454224069,0.4456807970394208,1.427899149677981,59.82666687187569
663,BA11_60:40_Log_window1_Isomap_90,Stacking Regressor,{'final_estimator': LinearSVR(random_state=42)},0.3222916843528218,0.336036784114378,0.2547893596803958,0.5677073932518598,15.23028918190462
664,BA11_60:40_Log_window1_Isomap_90,Gradient Boosting Regressor,"{'n_estimators': 50, 'min_samples_split': 2, 'min_samples_leaf': 2, 'min_impurity_decrease': 0, 'max_leaf_nodes': 15, 'max_features': 'log2', 'max_depth': 20, 'learning_rate': 0.05}",0.708345582588122,0.717716393145399,0.3209690672490538,0.8416326886404317,33.31232193251545
665,BA11_60:40_Log_window1_Isomap_90,Random Forest Regressor,"{'n_estimators': 100, 'min_samples_split': 10, 'min_samples_leaf': 1, 'max_depth': 20}",0.9696053287680679,0.8096178940882848,0.3608198808632579,0.9846853958336479,39.25577010305065
666,BA11_60:40_Log_window1_Isomap_90,AdaBoostRegressor,"{'n_estimators': 50, 'loss': 'exponential', 'learning_rate': 0.01}",0.7056638105439796,0.4572872220482619,0.2738881799864384,0.8400379816079626,24.8049484726122
667,BA11_60:40_Log_window1_Isomap_90,BaggingRegressor,"{'n_estimators': 150, 'max_samples': 0.1, 'max_features': 1.0}",0.44739190900918,0.5806066031528297,0.306120169041345,0.6688736121339964,25.58523077360494
668,BA11_60:40_Log_window1_Isomap_90,ExtraTreesRegressor,"{'n_estimators': 10, 'min_samples_split': 10, 'min_samples_leaf': 2, 'max_depth': 10}",0.7060304025573612,0.6919556440821516,0.3521091681807859,0.8402561529422805,32.04053880771424
669,BA11_60:40_Log_window1_Isomap_90,XGBoost Regressor,"{'subsample': 0.9, 'reg_lambda': 0, 'reg_alpha': 0.1, 'n_estimators': 400, 'min_child_weight': 5, 'max_depth': 9, 'learning_rate': 0.01, 'gamma': 0.2, 'colsample_bytree': 0.9}",0.8449768924309784,0.7982986733160908,0.3499796021471778,0.9192262465960045,38.04608229294269
670,BA11_60:40_Log_window1_Isomap_90,Multilayer Perceptron,"{'module__num_units': 20, 'module__activation_func': ReLU(), 'lr': 0.1}",0.363486260175705,0.3683977723121643,0.2764080762863159,0.6028982170944819,16.40982031822205
671,BA11_60:40_Log_window1_Isomap_90,Long Short-Term Memory Network,"{'module__num_layers': 1, 'module__hidden_size': 75, 'max_epochs': 30, 'lr': 0.1, 'batch_size': 16}",0.1435593217611313,0.271833211183548,0.1186036765575409,0.3788922297449913,10.55642291903496
672,BA11_60:40_Log_window1_Isomap_90,Convolutional neural network,{},0.6440292596817017,0.5237748622894287,0.3661354780197144,0.8025143361222288,20.87216228246689
1,BA47_80:20_MinMax_window2_PCA_90,Linear Regressor,{},0.05258380768152056,0.1931164814476832,0.2705655001506638,0.229311595174602,33.75339946252968
2,BA47_80:20_MinMax_window2_PCA_95,Linear Regressor,{},0.06156891765534168,0.2124604480759507,0.2971104623202678,0.2481308478511724,36.74980970703312
3,BA47_80:20_MinMax_window2_PCA_90,Support Vector Regressor,"{'kernel': 'rbf', 'gamma': 0.001, 'C': 1}",0.03279605679142349,0.1414329674728505,0.1878104658023889,0.1810968160720212,20.1555239506896
4,BA47_80:20_MinMax_window2_PCA_95,Support Vector Regressor,"{'kernel': 'rbf', 'gamma': 0.001, 'C': 1}",0.0328189893893878,0.1414542542808921,0.1877986317097453,0.1811601208582833,20.15847385740484
5,BA47_80:20_MinMax_window2_PCA_90,Decision Tree Regressor,"{'splitter': 'best', 'min_samples_split': 5, 'min_samples_leaf': 4, 'min_impurity_decrease': 0.1, 'max_leaf_nodes': 90, 'max_features': None, 'max_depth': 26, 'criterion': 'mae', 'ccp_alpha': 0.0}",0.03482935701157479,0.1492761775508428,0.2009338563891563,0.1866262495244835,21.40085768363254
6,BA47_80:20_MinMax_window2_PCA_95,Decision Tree Regressor,"{'splitter': 'best', 'min_samples_split': 5, 'min_samples_leaf': 4, 'min_impurity_decrease': 0.1, 'max_leaf_nodes': 90, 'max_features': None, 'max_depth': 26, 'criterion': 'mae', 'ccp_alpha': 0.0}",0.03482935701157479,0.1492761775508428,0.2009338563891563,0.1866262495244835,21.40085768363254
7,BA47_80:20_MinMax_window2_PCA_90,K-Neighbors Regressor,"{'weights': 'distance', 'n_neighbors': 6}",0.03110049949517372,0.1453954143822649,0.1988775012131439,0.1763533370684369,22.05105051803301
8,BA47_80:20_MinMax_window2_PCA_95,K-Neighbors Regressor,"{'weights': 'uniform', 'n_neighbors': 5}",0.02754491567801665,0.1339147345385462,0.1808492557322128,0.1659666101299193,20.14803753946239
9,BA47_80:20_MinMax_window2_PCA_90,Stochastic Gradient Descent Regressor,"{'tol': 0.0001, 'power_t': 0.25, 'penalty': 'elasticnet', 'max_iter': 3000, 'loss': 'squared_loss', 'learning_rate': 'optimal', 'l1_ratio': 0, 'fit_intercept': True, 'eta0': 0.001, 'alpha': 1}",0.03763383958895779,0.1504992981222304,0.1945955457147209,0.1939944318503956,21.55982312399258
10,BA47_80:20_MinMax_window2_PCA_95,Stochastic Gradient Descent Regressor,"{'tol': 0.0001, 'power_t': 0.25, 'penalty': 'elasticnet', 'max_iter': 3000, 'loss': 'squared_loss', 'learning_rate': 'optimal', 'l1_ratio': 0, 'fit_intercept': True, 'eta0': 0.001, 'alpha': 1}",0.03763832135576382,0.1504784811858911,0.1945501714557011,0.1940059827834281,21.55630787268383
11,BA47_80:20_MinMax_window2_PCA_90,Voting Regressor,"{'rf__n_estimators': 10, 'gb__n_estimators': 10}",0.02147516252898832,0.1198674579547536,0.1649738507896212,0.1465440634382311,17.68328209439802
12,BA47_80:20_MinMax_window2_PCA_95,Voting Regressor,"{'rf__n_estimators': 10, 'gb__n_estimators': 10}",0.02155433154657455,0.1227888969189568,0.1682103073202604,0.1468139351239335,17.68117241275489
13,BA47_80:20_MinMax_window2_PCA_90,Stacking Regressor,{'final_estimator': LinearSVR(random_state=42)},0.07502443995748505,0.2377310905019999,0.3371058018206917,0.2739058961714498,35.15311784140675
14,BA47_80:20_MinMax_window2_PCA_95,Stacking Regressor,{'final_estimator': LinearSVR(random_state=42)},0.07535825087230495,0.2347167375093859,0.3223998729679617,0.2745145731510532,34.9132129767539
15,BA47_80:20_MinMax_window2_PCA_90,Gradient Boosting Regressor,"{'n_estimators': 10, 'min_samples_split': 10, 'min_samples_leaf': 10, 'min_impurity_decrease': 2, 'max_leaf_nodes': 10, 'max_features': 'sqrt', 'max_depth': None, 'learning_rate': 0.05}",0.04001435735692079,0.1565718134789168,0.2041223535982498,0.2000358901720408,22.54896658180764
16,BA47_80:20_MinMax_window2_PCA_95,Gradient Boosting Regressor,"{'n_estimators': 10, 'min_samples_split': 10, 'min_samples_leaf': 10, 'min_impurity_decrease': 2, 'max_leaf_nodes': 10, 'max_features': 'sqrt', 'max_depth': None, 'learning_rate': 0.05}",0.04001435735692079,0.1565718134789168,0.2041223535982498,0.2000358901720408,22.54896658180764
17,BA47_80:20_MinMax_window2_PCA_90,Random Forest Regressor,"{'n_estimators': 10, 'min_samples_split': 10, 'min_samples_leaf': 2, 'max_depth': 10}",0.01606619192968076,0.1047405663372694,0.1531286869821012,0.1267524829330012,15.01017994762302
18,BA47_80:20_MinMax_window2_PCA_95,Random Forest Regressor,"{'n_estimators': 10, 'min_samples_split': 10, 'min_samples_leaf': 2, 'max_depth': 10}",0.01611461249052757,0.09780134970343496,0.141919517136086,0.1269433436243412,13.70455903166915
19,BA47_80:20_MinMax_window2_PCA_90,AdaBoostRegressor,"{'n_estimators': 400, 'loss': 'square', 'learning_rate': 1.0}",0.02199328122824074,0.1265615972938118,0.1968157717838435,0.1483013190374271,18.68903570799567
20,BA47_80:20_MinMax_window2_PCA_95,AdaBoostRegressor,"{'n_estimators': 400, 'loss': 'square', 'learning_rate': 1.0}",0.02255039561647217,0.1291864993520503,0.2009048059098,0.1501678914297999,18.73298159481737
21,BA47_80:20_MinMax_window2_PCA_90,BaggingRegressor,"{'n_estimators': 150, 'max_samples': 0.1, 'max_features': 1.0}",0.02991336872837233,0.1304456172771925,0.1711525096926482,0.1729548170140755,18.35353846149868
22,BA47_80:20_MinMax_window2_PCA_95,BaggingRegressor,"{'n_estimators': 150, 'max_samples': 0.1, 'max_features': 1.0}",0.02829432042426274,0.1262178573800118,0.1660756003988026,0.1682091567788827,17.75678966454558
23,BA47_80:20_MinMax_window2_PCA_90,ExtraTreesRegressor,"{'n_estimators': 10, 'min_samples_split': 2, 'min_samples_leaf': 4, 'max_depth': 30}",0.02536378937742081,0.1309380651959128,0.1774300539502671,0.1592601311610059,19.34994819846787
24,BA47_80:20_MinMax_window2_PCA_95,ExtraTreesRegressor,"{'n_estimators': 50, 'min_samples_split': 5, 'min_samples_leaf': 4, 'max_depth': 10}",0.02187069779454143,0.1142900498719385,0.1488387091596866,0.1478874497533223,16.05275363901197
25,BA47_80:20_MinMax_window2_PCA_90,XGBoost Regressor,"{'subsample': 1.0, 'reg_lambda': 0, 'reg_alpha': 1.0, 'n_estimators': 700, 'min_child_weight': 1, 'max_depth': 9, 'learning_rate': 0.01, 'gamma': 0.3, 'colsample_bytree': 0.8}",0.03247084585778274,0.14500544422009,0.194482311678487,0.1801966865893564,20.83194218664812
26,BA47_80:20_MinMax_window2_PCA_95,XGBoost Regressor,"{'subsample': 1.0, 'reg_lambda': 0, 'reg_alpha': 1.0, 'n_estimators': 700, 'min_child_weight': 1, 'max_depth': 9, 'learning_rate': 0.01, 'gamma': 0.3, 'colsample_bytree': 0.8}",0.032444243680351,0.1459493802728665,0.1959501747702642,0.18012285718462,20.9885148885057
27,BA47_80:20_MinMax_window2_PCA_90,Multilayer Perceptron,"{'module__num_units': 50, 'module__activation_func': Tanh(), 'lr': 0.1}",0.02680328674614429,0.1367786675691605,0.2045823484659195,0.1637170936284428,19.53535974025726
28,BA47_80:20_MinMax_window2_PCA_95,Multilayer Perceptron,"{'module__num_units': 50, 'module__activation_func': Tanh(), 'lr': 0.1}",0.02618758752942085,0.1337496340274811,0.2021677643060684,0.1618257937704025,19.11370456218719
29,BA47_80:20_MinMax_window2_PCA_90,Long Short-Term Memory Network,"{'module__num_layers': 1, 'module__hidden_size': 75, 'max_epochs': 30, 'lr': 0.1, 'batch_size': 16}",0.01603514514863491,0.1136814206838608,0.1578518599271774,0.1266299535995923,15.25055021047592
30,BA47_80:20_MinMax_window2_PCA_95,Long Short-Term Memory Network,"{'module__num_layers': 1, 'module__hidden_size': 75, 'max_epochs': 30, 'lr': 0.1, 'batch_size': 16}",0.01963426172733307,0.1242678686976433,0.1703463047742844,0.1401223098843759,16.63400828838348
31,BA47_80:20_MinMax_window2_PCA_90,Convolutional neural network,{},0.03438081219792366,0.1511721909046173,0.2471420913934708,0.1854206358470482,21.32581472396851
32,BA47_80:20_MinMax_window2_PCA_95,Convolutional neural network,{},0.03300474211573601,0.1377307027578354,0.2024554312229156,0.1816720730209682,19.55548524856567
33,BA47_60:40_MinMax_window2_PCA_90,Linear Regressor,{},0.05065871097307249,0.1699996749685501,0.308640691155827,0.225074900806537,29.52979957701849
34,BA47_60:40_MinMax_window2_PCA_95,Linear Regressor,{},0.05223500173324198,0.1738676185275606,0.3043408578297899,0.2285497795519435,30.26993293348402
35,BA47_60:40_MinMax_window2_PCA_90,Support Vector Regressor,"{'kernel': 'rbf', 'gamma': 0.0001, 'C': 1}",0.05095493306554961,0.1753641168787097,0.4731729194204938,0.2257319938899881,29.61545453512056
36,BA47_60:40_MinMax_window2_PCA_95,Support Vector Regressor,"{'kernel': 'rbf', 'gamma': 0.0001, 'C': 1}",0.0509574341836634,0.1753534605353934,0.4730773555512411,0.2257375338388886,29.61398726794372
37,BA47_60:40_MinMax_window2_PCA_90,Decision Tree Regressor,"{'splitter': 'best', 'min_samples_split': 2, 'min_samples_leaf': 1, 'min_impurity_decrease': 0.1, 'max_leaf_nodes': 10, 'max_features': 'sqrt', 'max_depth': 7, 'criterion': 'friedman_mse', 'ccp_alpha': 0.0}",0.02689824965358115,0.1269589042499646,0.3224610133514452,0.1640068585565285,22.46163430177055
38,BA47_60:40_MinMax_window2_PCA_95,Decision Tree Regressor,"{'splitter': 'best', 'min_samples_split': 5, 'min_samples_leaf': 4, 'min_impurity_decrease': 0.1, 'max_leaf_nodes': 90, 'max_features': None, 'max_depth': 26, 'criterion': 'mae', 'ccp_alpha': 0.0}",0.05396811629456583,0.1842442790310237,0.5103780368010534,0.2323103878318097,30.89228775050308
39,BA47_60:40_MinMax_window2_PCA_90,K-Neighbors Regressor,"{'weights': 'distance', 'n_neighbors': 6}",0.01783864106633838,0.09332451110526462,0.251554732157675,0.1335613756530621,17.48882186819355
40,BA47_60:40_MinMax_window2_PCA_95,K-Neighbors Regressor,"{'weights': 'distance', 'n_neighbors': 6}",0.01805684550562795,0.09626525776887705,0.251698883922178,0.1343757623443601,17.83468107344689
41,BA47_60:40_MinMax_window2_PCA_90,Stochastic Gradient Descent Regressor,"{'tol': 1e-05, 'power_t': 0.5, 'penalty': 'l1', 'max_iter': 3000, 'loss': 'squared_epsilon_insensitive', 'learning_rate': 'adaptive', 'l1_ratio': 1, 'fit_intercept': True, 'eta0': 0.1, 'alpha': 0.01}",0.04368284005355472,0.1614177373331092,0.2982678972472317,0.2090044019956391,27.78409142910181
42,BA47_60:40_MinMax_window2_PCA_95,Stochastic Gradient Descent Regressor,"{'tol': 1e-05, 'power_t': 0.5, 'penalty': 'l1', 'max_iter': 3000, 'loss': 'squared_epsilon_insensitive', 'learning_rate': 'adaptive', 'l1_ratio': 1, 'fit_intercept': True, 'eta0': 0.1, 'alpha': 0.01}",0.04368432577610153,0.1614203752158277,0.2982881771612452,0.2090079562507168,27.78501467164678
43,BA47_60:40_MinMax_window2_PCA_90,Voting Regressor,"{'rf__n_estimators': 10, 'gb__n_estimators': 100}",0.02495501682436902,0.1193349966474827,0.2446118607006909,0.1579715696711564,21.02423356902619
44,BA47_60:40_MinMax_window2_PCA_95,Voting Regressor,"{'rf__n_estimators': 10, 'gb__n_estimators': 100}",0.02449135252663294,0.1229568937550961,0.2512954519126486,0.1564971326466812,21.75748002375132
45,BA47_60:40_MinMax_window2_PCA_90,Stacking Regressor,{'final_estimator': LinearSVR(random_state=42)},0.04260969408921291,0.1585670109577806,0.4033731782783033,0.2064211570774975,27.16095939782158
46,BA47_60:40_MinMax_window2_PCA_95,Stacking Regressor,{'final_estimator': LinearRegression()},0.09108870264768938,0.2536946640729225,0.6624668797252486,0.3018090499764535,41.78385984086669
47,BA47_60:40_MinMax_window2_PCA_90,Gradient Boosting Regressor,"{'n_estimators': 100, 'min_samples_split': 2, 'min_samples_leaf': 2, 'min_impurity_decrease': 0, 'max_leaf_nodes': 20, 'max_features': 'sqrt', 'max_depth': 30, 'learning_rate': 0.5}",0.02086631612590958,0.1194589960680796,0.3005569901243924,0.1444517778565206,22.15911210797928
48,BA47_60:40_MinMax_window2_PCA_95,Gradient Boosting Regressor,"{'n_estimators': 10, 'min_samples_split': 10, 'min_samples_leaf': 10, 'min_impurity_decrease': 2, 'max_leaf_nodes': 10, 'max_features': 'sqrt', 'max_depth': None, 'learning_rate': 0.05}",0.0574776731574184,0.1905682656129055,0.4941894232506477,0.2397450169605583,32.04034189336659
49,BA47_60:40_MinMax_window2_PCA_90,Random Forest Regressor,"{'n_estimators': 10, 'min_samples_split': 2, 'min_samples_leaf': 2, 'max_depth': None}",0.02047109806224867,0.11129477046014,0.259906047247738,0.1430772450889682,20.00253804073059
50,BA47_60:40_MinMax_window2_PCA_95,Random Forest Regressor,"{'n_estimators': 200, 'min_samples_split': 5, 'min_samples_leaf': 2, 'max_depth': None}",0.01834165436568293,0.1072098611417043,0.2336852955232266,0.1354313640398077,19.13757838100035
51,BA47_60:40_MinMax_window2_PCA_90,AdaBoostRegressor,"{'n_estimators': 200, 'loss': 'linear', 'learning_rate': 0.1}",0.01820785261500629,0.1055456138909399,0.2438000207681237,0.1349364762212438,18.61374670867032
52,BA47_60:40_MinMax_window2_PCA_95,AdaBoostRegressor,"{'n_estimators': 200, 'loss': 'linear', 'learning_rate': 0.1}",0.01959154471665247,0.1101485890159218,0.2657976323488034,0.1399697993020368,19.75963262014237
53,BA47_60:40_MinMax_window2_PCA_90,BaggingRegressor,"{'n_estimators': 150, 'max_samples': 0.1, 'max_features': 1.0}",0.04417282554695463,0.1616350963280867,0.4249777672398762,0.2101733226338553,27.61214658590769
54,BA47_60:40_MinMax_window2_PCA_95,BaggingRegressor,"{'n_estimators': 150, 'max_samples': 0.1, 'max_features': 1.0}",0.04685569495139846,0.1698006819282449,0.4395669412452349,0.2164617632548494,28.916108638643
55,BA47_60:40_MinMax_window2_PCA_90,ExtraTreesRegressor,"{'n_estimators': 10, 'min_samples_split': 2, 'min_samples_leaf': 4, 'max_depth': 30}",0.0246449978673168,0.1217269294189152,0.2896738118669139,0.1569872538371087,21.3921441269292
56,BA47_60:40_MinMax_window2_PCA_95,ExtraTreesRegressor,"{'n_estimators': 10, 'min_samples_split': 2, 'min_samples_leaf': 2, 'max_depth': None}",0.02857889333404955,0.1315102164198826,0.2841019974145512,0.1690529305692438,22.79158198815886
57,BA47_60:40_MinMax_window2_PCA_90,XGBoost Regressor,"{'subsample': 1.0, 'reg_lambda': 0, 'reg_alpha': 1.0, 'n_estimators': 700, 'min_child_weight': 1, 'max_depth': 9, 'learning_rate': 0.01, 'gamma': 0.3, 'colsample_bytree': 0.8}",0.03794521105237865,0.1495221756607202,0.3836669837846137,0.1947953055193545,25.85661410879682
58,BA47_60:40_MinMax_window2_PCA_95,XGBoost Regressor,"{'subsample': 1.0, 'reg_lambda': 0, 'reg_alpha': 1.0, 'n_estimators': 700, 'min_child_weight': 1, 'max_depth': 9, 'learning_rate': 0.01, 'gamma': 0.3, 'colsample_bytree': 0.8}",0.03784896384818334,0.1491583366869997,0.3798236162997524,0.1945481016308906,25.79848454064602
59,BA47_60:40_MinMax_window2_PCA_90,Multilayer Perceptron,"{'module__num_units': 20, 'module__activation_func': ReLU(), 'lr': 0.1}",0.04551436007022858,0.1677572280168533,0.5035268664360046,0.2133409479453688,28.40922474861145
60,BA47_60:40_MinMax_window2_PCA_95,Multilayer Perceptron,"{'module__num_units': 10, 'module__activation_func': ReLU(), 'lr': 0.1}",0.05557228997349739,0.1807119399309158,0.5681618452072144,0.2357377567838835,29.89848554134369
61,BA47_60:40_MinMax_window2_PCA_90,Long Short-Term Memory Network,"{'module__num_layers': 1, 'module__hidden_size': 25, 'max_epochs': 20, 'lr': 0.1, 'batch_size': 16}",0.0194854699075222,0.1062620133161545,0.1525258123874664,0.1395903646657684,14.8888498544693
62,BA47_60:40_MinMax_window2_PCA_95,Long Short-Term Memory Network,"{'module__num_layers': 1, 'module__hidden_size': 75, 'max_epochs': 30, 'lr': 0.1, 'batch_size': 16}",0.01841973513364792,0.0970342680811882,0.133920356631279,0.1357193248349251,13.74229937791824
63,BA47_60:40_MinMax_window2_PCA_90,Convolutional neural network,{},0.05086634680628777,0.1899711638689041,0.4848743379116058,0.2255356885423851,32.95240104198456
64,BA47_60:40_MinMax_window2_PCA_95,Convolutional neural network,{},0.06439254432916641,0.2102705091238022,0.4609827995300293,0.25375686065438,36.14160120487213
65,BA47_70:30_MinMax_window2_PCA_90,Linear Regressor,{},0.04341458589039742,0.1445428511513713,0.2142102421693711,0.2083616708763812,22.23480074343059
66,BA47_70:30_MinMax_window2_PCA_95,Linear Regressor,{},0.04961951110629016,0.1533051782731318,0.2240312432950077,0.2227543739330165,23.58102481995901
67,BA47_70:30_MinMax_window2_PCA_90,Support Vector Regressor,"{'kernel': 'rbf', 'gamma': 0.0001, 'C': 1}",0.04098365829874145,0.1573110441210336,0.3078267481270656,0.2024442103364318,25.18827252978448
68,BA47_70:30_MinMax_window2_PCA_95,Support Vector Regressor,"{'kernel': 'rbf', 'gamma': 0.0001, 'C': 1}",0.04098684247268293,0.1573035471642571,0.3077674689591846,0.2024520745082226,25.18720624323463
69,BA47_70:30_MinMax_window2_PCA_90,Decision Tree Regressor,"{'splitter': 'best', 'min_samples_split': 5, 'min_samples_leaf': 4, 'min_impurity_decrease': 0.1, 'max_leaf_nodes': 90, 'max_features': None, 'max_depth': 26, 'criterion': 'mae', 'ccp_alpha': 0.0}",0.04391648603357255,0.1679726000896552,0.3390046768527005,0.2095626064773307,26.8385981240602
70,BA47_70:30_MinMax_window2_PCA_95,Decision Tree Regressor,"{'splitter': 'best', 'min_samples_split': 5, 'min_samples_leaf': 4, 'min_impurity_decrease': 0.1, 'max_leaf_nodes': 90, 'max_features': None, 'max_depth': 26, 'criterion': 'mae', 'ccp_alpha': 0.0}",0.04391648603357255,0.1679726000896552,0.3390046768527005,0.2095626064773307,26.8385981240602
71,BA47_70:30_MinMax_window2_PCA_90,K-Neighbors Regressor,"{'weights': 'uniform', 'n_neighbors': 9}",0.02422612806970936,0.1013627589824376,0.1699578506953413,0.1556474480025591,15.97119048201349
72,BA47_70:30_MinMax_window2_PCA_95,K-Neighbors Regressor,"{'weights': 'uniform', 'n_neighbors': 9}",0.02603822911500655,0.1050477651609063,0.180748031897539,0.1613636548762036,16.71624091794871
73,BA47_70:30_MinMax_window2_PCA_90,Stochastic Gradient Descent Regressor,"{'tol': 0.0001, 'power_t': 0.25, 'penalty': 'elasticnet', 'max_iter': 3000, 'loss': 'squared_loss', 'learning_rate': 'optimal', 'l1_ratio': 0, 'fit_intercept': True, 'eta0': 0.001, 'alpha': 1}",0.02956122128680362,0.1208428424580751,0.2096288611747208,0.1719337700592982,19.05816616250095
74,BA47_70:30_MinMax_window2_PCA_95,Stochastic Gradient Descent Regressor,"{'tol': 0.0001, 'power_t': 0.25, 'penalty': 'elasticnet', 'max_iter': 3000, 'loss': 'squared_loss', 'learning_rate': 'optimal', 'l1_ratio': 0, 'fit_intercept': True, 'eta0': 0.001, 'alpha': 1}",0.02957115077465156,0.1209080136496354,0.2097097453164751,0.1719626435440313,19.06945434884061
75,BA47_70:30_MinMax_window2_PCA_90,Voting Regressor,"{'rf__n_estimators': 50, 'gb__n_estimators': 10}",0.01626412068555596,0.09428049652114713,0.1462873593968914,0.1275308616984766,14.46446569685087
76,BA47_70:30_MinMax_window2_PCA_95,Voting Regressor,"{'rf__n_estimators': 100, 'gb__n_estimators': 10}",0.01732408339053343,0.09561041021244271,0.1481749001183648,0.1316209838533865,14.65541838103665
77,BA47_70:30_MinMax_window2_PCA_90,Stacking Regressor,{'final_estimator': LinearSVR(random_state=42)},0.04636887577029054,0.1561424743814251,0.2982393673957,0.2153343348616066,24.94637399641815
78,BA47_70:30_MinMax_window2_PCA_95,Stacking Regressor,{'final_estimator': LinearRegression()},0.06348712228118186,0.2125157144966651,0.4625505109508123,0.2519665102373366,34.92749444347139
79,BA47_70:30_MinMax_window2_PCA_90,Gradient Boosting Regressor,"{'n_estimators': 10, 'min_samples_split': 5, 'min_samples_leaf': 5, 'min_impurity_decrease': 1, 'max_leaf_nodes': 20, 'max_features': 'log2', 'max_depth': 10, 'learning_rate': 0.1}",0.03498067233231802,0.1486286280595707,0.274229024696644,0.1870312068407784,23.95070447758738
80,BA47_70:30_MinMax_window2_PCA_95,Gradient Boosting Regressor,"{'n_estimators': 10, 'min_samples_split': 5, 'min_samples_leaf': 5, 'min_impurity_decrease': 1, 'max_leaf_nodes': 20, 'max_features': 'log2', 'max_depth': 10, 'learning_rate': 0.1}",0.03470034011323252,0.1489199066972939,0.2811754034678188,0.1862802730114827,24.018282088658
81,BA47_70:30_MinMax_window2_PCA_90,Random Forest Regressor,"{'n_estimators': 10, 'min_samples_split': 2, 'min_samples_leaf': 2, 'max_depth': None}",0.009400519372129225,0.07574554669434727,0.1065798716255892,0.09695627556857382,11.34094976762281
82,BA47_70:30_MinMax_window2_PCA_95,Random Forest Regressor,"{'n_estimators': 10, 'min_samples_split': 2, 'min_samples_leaf': 4, 'max_depth': 30}",0.008580749558462851,0.07173794252366389,0.1090135407614031,0.09263233538275309,11.30300297886624
83,BA47_70:30_MinMax_window2_PCA_90,AdaBoostRegressor,"{'n_estimators': 100, 'loss': 'linear', 'learning_rate': 0.1}",0.008791079758616253,0.07791842434841857,0.1207018328000847,0.09376075809535807,11.94526985470013
84,BA47_70:30_MinMax_window2_PCA_95,AdaBoostRegressor,"{'n_estimators': 400, 'loss': 'square', 'learning_rate': 1.0}",0.006332943092092041,0.0626415298279979,0.104872737796837,0.07957979072661628,9.930374671445247
85,BA47_70:30_MinMax_window2_PCA_90,BaggingRegressor,"{'n_estimators': 150, 'max_samples': 0.1, 'max_features': 1.0}",0.02446179718290701,0.1201929960747346,0.223417004099123,0.1564026763930433,19.5132999460644
86,BA47_70:30_MinMax_window2_PCA_95,BaggingRegressor,"{'n_estimators': 150, 'max_samples': 0.1, 'max_features': 1.0}",0.03154673723033676,0.1362439992761653,0.2549076639193445,0.1776140119200531,21.97511325162025
87,BA47_70:30_MinMax_window2_PCA_90,ExtraTreesRegressor,"{'n_estimators': 10, 'min_samples_split': 2, 'min_samples_leaf': 4, 'max_depth': 30}",0.01356508911943067,0.08189764389379842,0.1240498724857983,0.1164692625521028,12.62032010277762
88,BA47_70:30_MinMax_window2_PCA_95,ExtraTreesRegressor,"{'n_estimators': 200, 'min_samples_split': 5, 'min_samples_leaf': 2, 'max_depth': None}",0.009925041049432183,0.07721772358969611,0.1329906975511496,0.09962450024683779,12.32202074010793
89,BA47_70:30_MinMax_window2_PCA_90,XGBoost Regressor,"{'subsample': 1.0, 'reg_lambda': 0, 'reg_alpha': 1.0, 'n_estimators': 700, 'min_child_weight': 1, 'max_depth': 9, 'learning_rate': 0.01, 'gamma': 0.3, 'colsample_bytree': 0.8}",0.02240670554241686,0.118237010808484,0.2153444065580182,0.1496886954396252,19.24583031762322
90,BA47_70:30_MinMax_window2_PCA_95,XGBoost Regressor,"{'subsample': 1.0, 'reg_lambda': 0, 'reg_alpha': 1.0, 'n_estimators': 700, 'min_child_weight': 1, 'max_depth': 9, 'learning_rate': 0.01, 'gamma': 0.3, 'colsample_bytree': 0.8}",0.02247325104091318,0.1189721923157131,0.2164989232034805,0.1499108102870276,19.37967130175909
91,BA47_70:30_MinMax_window2_PCA_90,Multilayer Perceptron,"{'module__num_units': 50, 'module__activation_func': Tanh(), 'lr': 0.1}",0.0180210042744875,0.09722450375556946,0.2450298219919205,0.1342423341367674,16.58230423927307
92,BA47_70:30_MinMax_window2_PCA_95,Multilayer Perceptron,"{'module__num_units': 50, 'module__activation_func': Tanh(), 'lr': 0.1}",0.02116863429546356,0.109166145324707,0.2600255012512207,0.1454944476447935,18.16797852516174
93,BA47_70:30_MinMax_window2_PCA_90,Long Short-Term Memory Network,"{'module__num_layers': 1, 'module__hidden_size': 25, 'max_epochs': 20, 'lr': 0.1, 'batch_size': 16}",0.01056920923292637,0.08503955602645874,0.1206651479005814,0.1028066594775181,11.71364113688469
94,BA47_70:30_MinMax_window2_PCA_95,Long Short-Term Memory Network,"{'module__num_layers': 1, 'module__hidden_size': 75, 'max_epochs': 30, 'lr': 0.1, 'batch_size': 16}",0.01181071810424328,0.07822827994823456,0.1006086394190788,0.1086771277879724,10.15447452664375
95,BA47_70:30_MinMax_window2_PCA_90,Convolutional neural network,{},0.05273775011301041,0.1754988878965378,0.3680182695388794,0.229647011983632,28.23819220066071
96,BA47_70:30_MinMax_window2_PCA_95,Convolutional neural network,{},0.04690276086330414,0.1704476177692413,0.2851786911487579,0.2165704524243881,28.75521183013916
97,BA47_80:20_Log_window2_PCA_90,Linear Regressor,{},0.2071804868137175,0.3791868153695973,0.1328792079269506,0.4551708325603888,14.34147049008952
98,BA47_80:20_Log_window2_PCA_95,Linear Regressor,{},0.2294224032125147,0.3858782181613516,0.1364640008718344,0.4789805875111378,15.15065008730068
99,BA47_80:20_Log_window2_PCA_90,Support Vector Regressor,"{'kernel': 'rbf', 'gamma': 0.1, 'C': 1}",0.04194492693105543,0.1587348792862083,0.05572123314271759,0.204804606713461,5.718647811153824
100,BA47_80:20_Log_window2_PCA_95,Support Vector Regressor,"{'kernel': 'rbf', 'gamma': 0.01, 'C': 10}",0.04010286141242264,0.1514436158829493,0.05292863546036653,0.2002569884234321,5.44482264720808
101,BA47_80:20_Log_window2_PCA_90,Decision Tree Regressor,"{'splitter': 'best', 'min_samples_split': 5, 'min_samples_leaf': 2, 'min_impurity_decrease': 1.0, 'max_leaf_nodes': 50, 'max_features': 'auto', 'max_depth': 32, 'criterion': 'mae', 'ccp_alpha': 1.0}",0.0672608414458546,0.2155105058152709,0.0765684654293943,0.2593469518730741,7.834417109646166
102,BA47_80:20_Log_window2_PCA_95,Decision Tree Regressor,"{'splitter': 'best', 'min_samples_split': 5, 'min_samples_leaf': 2, 'min_impurity_decrease': 1.0, 'max_leaf_nodes': 50, 'max_features': 'auto', 'max_depth': 32, 'criterion': 'mae', 'ccp_alpha': 1.0}",0.0672608414458546,0.2155105058152709,0.0765684654293943,0.2593469518730741,7.834417109646166
103,BA47_80:20_Log_window2_PCA_90,K-Neighbors Regressor,"{'weights': 'uniform', 'n_neighbors': 9}",0.1051633464073205,0.2307398273944812,0.07983381146665701,0.3242889859482134,8.6127959009154
104,BA47_80:20_Log_window2_PCA_95,K-Neighbors Regressor,"{'weights': 'uniform', 'n_neighbors': 9}",0.1075032720344461,0.240420821174202,0.08328027306508834,0.3278769159828824,8.977752579751808
105,BA47_80:20_Log_window2_PCA_90,Stochastic Gradient Descent Regressor,"{'tol': 0.0001, 'power_t': 0.25, 'penalty': 'elasticnet', 'max_iter': 3000, 'loss': 'squared_loss', 'learning_rate': 'optimal', 'l1_ratio': 0, 'fit_intercept': True, 'eta0': 0.001, 'alpha': 1}",0.1628636131495593,0.3377979361388703,0.1161271166519597,0.4035636420065109,12.60852895859375
106,BA47_80:20_Log_window2_PCA_95,Stochastic Gradient Descent Regressor,"{'tol': 0.0001, 'power_t': 0.25, 'penalty': 'elasticnet', 'max_iter': 3000, 'loss': 'squared_loss', 'learning_rate': 'optimal', 'l1_ratio': 0, 'fit_intercept': True, 'eta0': 0.001, 'alpha': 1}",0.1629166628979162,0.3378819569819906,0.1161572804640655,0.4036293632751664,12.61196874190604
107,BA47_80:20_Log_window2_PCA_90,Voting Regressor,"{'rf__n_estimators': 50, 'gb__n_estimators': 10}",0.2054368015013832,0.3395351354029613,0.1200942177367685,0.4532513667948318,13.41021806206863
108,BA47_80:20_Log_window2_PCA_95,Voting Regressor,"{'rf__n_estimators': 10, 'gb__n_estimators': 10}",0.1065461393940732,0.2522991814235244,0.08813802663421985,0.3264140612689245,9.481211267009373
109,BA47_80:20_Log_window2_PCA_90,Stacking Regressor,{'final_estimator': LinearSVR(random_state=42)},0.02745153353907671,0.1225807324378112,0.04508230636037268,0.1656850431966528,4.476293752439913
110,BA47_80:20_Log_window2_PCA_95,Stacking Regressor,{'final_estimator': LinearSVR(random_state=42)},0.04268103637358021,0.1590394313479517,0.05514993616679341,0.2065938923917651,5.710347477858456
111,BA47_80:20_Log_window2_PCA_90,Gradient Boosting Regressor,"{'n_estimators': 10, 'min_samples_split': 10, 'min_samples_leaf': 10, 'min_impurity_decrease': 2, 'max_leaf_nodes': 10, 'max_features': 'sqrt', 'max_depth': None, 'learning_rate': 0.05}",0.1343115638867867,0.2922510633470459,0.09984569292824948,0.3664854211108359,10.79580866619531
112,BA47_80:20_Log_window2_PCA_95,Gradient Boosting Regressor,"{'n_estimators': 10, 'min_samples_split': 10, 'min_samples_leaf': 10, 'min_impurity_decrease': 2, 'max_leaf_nodes': 10, 'max_features': 'sqrt', 'max_depth': None, 'learning_rate': 0.05}",0.1439887663092494,0.3095782722739737,0.106020920666743,0.3794585172443088,11.48028961768188
113,BA47_80:20_Log_window2_PCA_90,Random Forest Regressor,"{'n_estimators': 10, 'min_samples_split': 2, 'min_samples_leaf': 4, 'max_depth': 30}",0.1710204430186608,0.2874586745139299,0.1007242345715944,0.4135461800315181,11.226266325024
114,BA47_80:20_Log_window2_PCA_95,Random Forest Regressor,"{'n_estimators': 10, 'min_samples_split': 2, 'min_samples_leaf': 4, 'max_depth': 30}",0.08701914099152908,0.2162681444141835,0.07692052391253115,0.2949900693100178,8.278824972789211
115,BA47_80:20_Log_window2_PCA_90,AdaBoostRegressor,"{'n_estimators': 400, 'loss': 'square', 'learning_rate': 1.0}",0.05085652777611963,0.1851307414558782,0.06665513732234872,0.2255139192513837,6.77680002150135
116,BA47_80:20_Log_window2_PCA_95,AdaBoostRegressor,"{'n_estimators': 400, 'loss': 'square', 'learning_rate': 1.0}",0.03440634102391763,0.1536864585802845,0.0544629902195975,0.1854894633770814,5.552273047528857
117,BA47_80:20_Log_window2_PCA_90,BaggingRegressor,"{'n_estimators': 150, 'max_samples': 0.1, 'max_features': 1.0}",0.08429785070702411,0.2304890959387573,0.08093002113231011,0.2903409215164547,8.615259291448488
118,BA47_80:20_Log_window2_PCA_95,BaggingRegressor,"{'n_estimators': 150, 'max_samples': 0.1, 'max_features': 1.0}",0.09038073836067276,0.2435555724666026,0.08479816028073707,0.3006338942312938,9.043743708816221
119,BA47_80:20_Log_window2_PCA_90,ExtraTreesRegressor,"{'n_estimators': 10, 'min_samples_split': 2, 'min_samples_leaf': 4, 'max_depth': 30}",0.1788937093072135,0.3034252699961786,0.1045017638373258,0.4229582831760285,11.58069780680603
120,BA47_80:20_Log_window2_PCA_95,ExtraTreesRegressor,"{'n_estimators': 50, 'min_samples_split': 5, 'min_samples_leaf': 4, 'max_depth': 10}",0.1806665722689237,0.3237220603658945,0.1121967321121589,0.4250489057378264,12.39970762564068
121,BA47_80:20_Log_window2_PCA_90,XGBoost Regressor,"{'subsample': 0.9, 'reg_lambda': 0.5, 'reg_alpha': 0.5, 'n_estimators': 1000, 'min_child_weight': 1, 'max_depth': 8, 'learning_rate': 0.01, 'gamma': 0.3, 'colsample_bytree': 0.7}",0.230697619217411,0.2855183432398787,0.09542761833634698,0.480309919965652,11.01373594577751
122,BA47_80:20_Log_window2_PCA_95,XGBoost Regressor,"{'subsample': 0.7, 'reg_lambda': 1.0, 'reg_alpha': 1.0, 'n_estimators': 300, 'min_child_weight': 1, 'max_depth': 6, 'learning_rate': 0.1, 'gamma': 0.1, 'colsample_bytree': 0.7}",0.1037189566533299,0.2689539436177436,0.09391019593048952,0.3220542759432483,10.02378404803493
123,BA47_80:20_Log_window2_PCA_90,Multilayer Perceptron,"{'module__num_units': 50, 'module__activation_func': Tanh(), 'lr': 0.1}",0.06830035895109177,0.2065399885177612,0.07851777970790863,0.261343373650628,7.490693032741547
124,BA47_80:20_Log_window2_PCA_95,Multilayer Perceptron,"{'module__num_units': 20, 'module__activation_func': ReLU(), 'lr': 0.05}",0.05834081023931503,0.2074309289455414,0.07471952587366104,0.2415384239397844,7.534819841384888
125,BA47_80:20_Log_window2_PCA_90,Long Short-Term Memory Network,"{'module__num_layers': 1, 'module__hidden_size': 75, 'max_epochs': 30, 'lr': 0.1, 'batch_size': 16}",0.04435235634446144,0.1851544827222824,0.06546683609485626,0.2105999913211334,6.544595956802368
126,BA47_80:20_Log_window2_PCA_95,Long Short-Term Memory Network,"{'module__num_layers': 1, 'module__hidden_size': 75, 'max_epochs': 30, 'lr': 0.1, 'batch_size': 16}",0.04221638664603233,0.1811918914318085,0.06400420516729355,0.2054662664430157,6.404886394739151
127,BA47_80:20_Log_window2_PCA_90,Convolutional neural network,{},0.2113572508096695,0.4102567434310913,0.1431717127561569,0.4597360664660425,15.63602685928345
128,BA47_80:20_Log_window2_PCA_95,Convolutional neural network,{},0.09789850562810898,0.266923189163208,0.09514795243740082,0.3128873689174892,9.842506796121597
129,BA47_60:40_Log_window2_PCA_90,Linear Regressor,{},0.262854712838441,0.3975265864081265,0.1777044543561136,0.5126935857200098,17.05390678053954
130,BA47_60:40_Log_window2_PCA_95,Linear Regressor,{},0.3189140741720599,0.4197658409398502,0.1755740805081219,0.5647247773668691,18.41220921545399
131,BA47_60:40_Log_window2_PCA_90,Support Vector Regressor,"{'kernel': 'rbf', 'gamma': 0.1, 'C': 1}",0.1923171482478041,0.2592172179683528,0.166032772508903,0.4385397909515214,11.55125496169988
132,BA47_60:40_Log_window2_PCA_95,Support Vector Regressor,"{'kernel': 'rbf', 'gamma': 0.01, 'C': 10}",0.1875033373799094,0.2536100875761994,0.1633602972786647,0.4330165555494493,11.34457500052592
133,BA47_60:40_Log_window2_PCA_90,Decision Tree Regressor,"{'splitter': 'best', 'min_samples_split': 5, 'min_samples_leaf': 2, 'min_impurity_decrease': 1.0, 'max_leaf_nodes': 50, 'max_features': 'auto', 'max_depth': 32, 'criterion': 'mae', 'ccp_alpha': 1.0}",0.2616953232759602,0.3308489167878408,0.2031787550172416,0.5115616514907663,14.2017972742216
134,BA47_60:40_Log_window2_PCA_95,Decision Tree Regressor,"{'splitter': 'best', 'min_samples_split': 5, 'min_samples_leaf': 2, 'min_impurity_decrease': 1.0, 'max_leaf_nodes': 50, 'max_features': 'auto', 'max_depth': 32, 'criterion': 'mae', 'ccp_alpha': 1.0}",0.2616953232759602,0.3308489167878408,0.2031787550172416,0.5115616514907663,14.2017972742216
135,BA47_60:40_Log_window2_PCA_90,K-Neighbors Regressor,"{'weights': 'uniform', 'n_neighbors': 9}",0.2169326274948342,0.2960867555671017,0.1649527615113171,0.4657602682655898,13.21213106948969
136,BA47_60:40_Log_window2_PCA_95,K-Neighbors Regressor,"{'weights': 'uniform', 'n_neighbors': 9}",0.2160466920448445,0.2917178240933868,0.163060949885539,0.4648082314727703,12.9799258028632
137,BA47_60:40_Log_window2_PCA_90,Stochastic Gradient Descent Regressor,"{'tol': 0.0001, 'power_t': 0.25, 'penalty': 'elasticnet', 'max_iter': 3000, 'loss': 'squared_loss', 'learning_rate': 'optimal', 'l1_ratio': 0, 'fit_intercept': True, 'eta0': 0.001, 'alpha': 1}",0.2959787871631911,0.4230976134393362,0.2192790157511738,0.5440393250153808,17.94760461580853
138,BA47_60:40_Log_window2_PCA_95,Stochastic Gradient Descent Regressor,"{'tol': 0.0001, 'power_t': 0.25, 'penalty': 'elasticnet', 'max_iter': 3000, 'loss': 'squared_loss', 'learning_rate': 'optimal', 'l1_ratio': 0, 'fit_intercept': True, 'eta0': 0.001, 'alpha': 1}",0.2959152541837547,0.4230847932628211,0.2192397017284543,0.5439809318199993,17.94733999142397
139,BA47_60:40_Log_window2_PCA_90,Voting Regressor,"{'rf__n_estimators': 50, 'gb__n_estimators': 10}",0.2055444377183423,0.3211502173966321,0.1513083570554986,0.4533700891306596,14.0971628643159
140,BA47_60:40_Log_window2_PCA_95,Voting Regressor,"{'rf__n_estimators': 200, 'gb__n_estimators': 200}",0.1471800877445313,0.2618851421408249,0.1434105381526175,0.3836405710356131,11.67545271388901
141,BA47_60:40_Log_window2_PCA_90,Stacking Regressor,{'final_estimator': LinearSVR(random_state=42)},0.2285147304615733,0.2582573156645616,0.1785870495765576,0.4780321437535067,11.47030596905669
142,BA47_60:40_Log_window2_PCA_95,Stacking Regressor,{'final_estimator': LinearSVR(random_state=42)},0.192091609318073,0.2475154880490118,0.1650410020640811,0.4382825678920769,11.14083460992313
143,BA47_60:40_Log_window2_PCA_90,Gradient Boosting Regressor,"{'n_estimators': 10, 'min_samples_split': 10, 'min_samples_leaf': 10, 'min_impurity_decrease': 2, 'max_leaf_nodes': 10, 'max_features': 'sqrt', 'max_depth': None, 'learning_rate': 0.05}",0.2520987339947774,0.3789824254004397,0.1959915323893178,0.5020943477024785,16.20949629322641
144,BA47_60:40_Log_window2_PCA_95,Gradient Boosting Regressor,"{'n_estimators': 10, 'min_samples_split': 10, 'min_samples_leaf': 10, 'min_impurity_decrease': 2, 'max_leaf_nodes': 10, 'max_features': 'sqrt', 'max_depth': None, 'learning_rate': 0.05}",0.2406687960789961,0.3714376819633638,0.1896855659305172,0.4905800608249342,15.95945514371748
145,BA47_60:40_Log_window2_PCA_90,Random Forest Regressor,"{'n_estimators': 50, 'min_samples_split': 2, 'min_samples_leaf': 4, 'max_depth': 20}",0.2007529150775151,0.3395824129484024,0.159942485084599,0.4480545893945458,14.81944512377242
146,BA47_60:40_Log_window2_PCA_95,Random Forest Regressor,"{'n_estimators': 100, 'min_samples_split': 5, 'min_samples_leaf': 4, 'max_depth': 10}",0.1906743927920699,0.2438115553763667,0.1515748568720197,0.4366627907116312,11.5596114996257
147,BA47_60:40_Log_window2_PCA_90,AdaBoostRegressor,"{'n_estimators': 50, 'loss': 'exponential', 'learning_rate': 0.01}",0.1357125521645723,0.2266360082271778,0.1406965063401547,0.3683918459528825,10.45858207399021
148,BA47_60:40_Log_window2_PCA_95,AdaBoostRegressor,"{'n_estimators': 100, 'loss': 'linear', 'learning_rate': 0.1}",0.1713619000821185,0.209585884340086,0.1527654655823316,0.4139588144756898,9.65376481932603
149,BA47_60:40_Log_window2_PCA_90,BaggingRegressor,"{'n_estimators': 150, 'max_samples': 0.1, 'max_features': 1.0}",0.2073370828805851,0.3245533802690341,0.1711023482978527,0.4553428190721636,14.1271183885606
150,BA47_60:40_Log_window2_PCA_95,BaggingRegressor,"{'n_estimators': 150, 'max_samples': 0.1, 'max_features': 1.0}",0.2063412098203876,0.3217260169719319,0.1729383899259155,0.4542479607223214,13.96791933788183
151,BA47_60:40_Log_window2_PCA_90,ExtraTreesRegressor,"{'n_estimators': 50, 'min_samples_split': 2, 'min_samples_leaf': 4, 'max_depth': 20}",0.2698929887447531,0.3605146176678572,0.1667509810953586,0.5195122604373771,15.93314614203494
152,BA47_60:40_Log_window2_PCA_95,ExtraTreesRegressor,"{'n_estimators': 10, 'min_samples_split': 2, 'min_samples_leaf': 2, 'max_depth': None}",0.1488671425979936,0.2251024954443486,0.142395382382642,0.3858330501628827,10.18808164199315
153,BA47_60:40_Log_window2_PCA_90,XGBoost Regressor,"{'subsample': 1.0, 'reg_lambda': 0, 'reg_alpha': 1.0, 'n_estimators': 700, 'min_child_weight': 1, 'max_depth': 9, 'learning_rate': 0.01, 'gamma': 0.3, 'colsample_bytree': 0.8}",0.3539665304649598,0.41953007530234,0.180733668339308,0.5949508639080708,18.53016633221354
154,BA47_60:40_Log_window2_PCA_95,XGBoost Regressor,"{'subsample': 1.0, 'reg_lambda': 0, 'reg_alpha': 1.0, 'n_estimators': 700, 'min_child_weight': 1, 'max_depth': 9, 'learning_rate': 0.01, 'gamma': 0.3, 'colsample_bytree': 0.8}",0.1855823837261693,0.3023885401146235,0.166411239417908,0.4307927387110527,13.33257896217994
155,BA47_60:40_Log_window2_PCA_90,Multilayer Perceptron,"{'module__num_units': 20, 'module__activation_func': ReLU(), 'lr': 0.1}",0.273369699716568,0.3189580142498016,0.204861119389534,0.5228476830938127,13.7140765786171
156,BA47_60:40_Log_window2_PCA_95,Multilayer Perceptron,"{'module__num_units': 10, 'module__activation_func': ReLU(), 'lr': 0.1}",0.2678402960300446,0.3258252739906311,0.2049504071474075,0.5175328936696145,13.99190723896027
157,BA47_60:40_Log_window2_PCA_90,Long Short-Term Memory Network,"{'module__num_layers': 1, 'module__hidden_size': 75, 'max_epochs': 30, 'lr': 0.1, 'batch_size': 16}",0.08840664476156235,0.2361767143011093,0.09258943051099777,0.2973325491122059,8.810117095708847
158,BA47_60:40_Log_window2_PCA_95,Long Short-Term Memory Network,"{'module__num_layers': 1, 'module__hidden_size': 25, 'max_epochs': 20, 'lr': 0.1, 'batch_size': 16}",0.08767621219158173,0.2316341251134872,0.09146047383546829,0.2961016923146197,8.645883947610855
159,BA47_60:40_Log_window2_PCA_90,Convolutional neural network,{},0.3324917852878571,0.3673993647098541,0.2326000928878784,0.5766210066307479,15.27055650949478
160,BA47_60:40_Log_window2_PCA_95,Convolutional neural network,{},0.2766679227352142,0.3290847539901733,0.2109503895044327,0.5259923219356099,14.07394111156464
161,BA47_70:30_Log_window2_PCA_90,Linear Regressor,{},0.2725582258735633,0.3907669164090621,0.146870645889729,0.5220710927388752,16.17481530244853
162,BA47_70:30_Log_window2_PCA_95,Linear Regressor,{},0.3750051203792896,0.4555701442865698,0.1676518601856147,0.6123766164537062,19.41860937348724
163,BA47_70:30_Log_window2_PCA_90,Support Vector Regressor,"{'kernel': 'rbf', 'gamma': 0.01, 'C': 10}",0.09586239151391605,0.1999637187353372,0.09097330275239324,0.3096165233218603,8.088147276011494
164,BA47_70:30_Log_window2_PCA_95,Support Vector Regressor,"{'kernel': 'rbf', 'gamma': 0.0001, 'C': 100}",0.1423966242971728,0.264292119088495,0.1192376268927051,0.3773547724584556,10.52428872528429
165,BA47_70:30_Log_window2_PCA_90,Decision Tree Regressor,"{'splitter': 'best', 'min_samples_split': 5, 'min_samples_leaf': 2, 'min_impurity_decrease': 1.0, 'max_leaf_nodes': 50, 'max_features': 'auto', 'max_depth': 32, 'criterion': 'mae', 'ccp_alpha': 1.0}",0.1529578787043435,0.2777347546232478,0.1255895264380591,0.3910982980074746,11.02166239305382
166,BA47_70:30_Log_window2_PCA_95,Decision Tree Regressor,"{'splitter': 'best', 'min_samples_split': 5, 'min_samples_leaf': 2, 'min_impurity_decrease': 1.0, 'max_leaf_nodes': 50, 'max_features': 'auto', 'max_depth': 32, 'criterion': 'mae', 'ccp_alpha': 1.0}",0.1529578787043435,0.2777347546232478,0.1255895264380591,0.3910982980074746,11.02166239305382
167,BA47_70:30_Log_window2_PCA_90,K-Neighbors Regressor,"{'weights': 'uniform', 'n_neighbors': 9}",0.1782033343114026,0.2747862433954695,0.107019698056098,0.4221413676855214,11.14955071462647
168,BA47_70:30_Log_window2_PCA_95,K-Neighbors Regressor,"{'weights': 'uniform', 'n_neighbors': 9}",0.1990026756717523,0.300413315386869,0.1172396689893505,0.4460971594526828,12.32398973442296
169,BA47_70:30_Log_window2_PCA_90,Stochastic Gradient Descent Regressor,"{'tol': 0.0001, 'power_t': 0.25, 'penalty': 'elasticnet', 'max_iter': 3000, 'loss': 'squared_loss', 'learning_rate': 'optimal', 'l1_ratio': 0, 'fit_intercept': True, 'eta0': 0.001, 'alpha': 1}",0.2172884665480757,0.3810737767610329,0.1533203234434002,0.4661421098206808,15.11311612044268
170,BA47_70:30_Log_window2_PCA_95,Stochastic Gradient Descent Regressor,"{'tol': 0.0001, 'power_t': 0.25, 'penalty': 'elasticnet', 'max_iter': 3000, 'loss': 'squared_loss', 'learning_rate': 'optimal', 'l1_ratio': 0, 'fit_intercept': True, 'eta0': 0.001, 'alpha': 1}",0.2172013511488236,0.3810080822918693,0.1532743777513721,0.4660486574906353,15.11054213237496
171,BA47_70:30_Log_window2_PCA_90,Voting Regressor,"{'rf__n_estimators': 10, 'gb__n_estimators': 10}",0.1436495652104431,0.2582882737002909,0.09974897874349385,0.3790112995814809,10.42115667605949
172,BA47_70:30_Log_window2_PCA_95,Voting Regressor,"{'rf__n_estimators': 50, 'gb__n_estimators': 10}",0.115925257417144,0.2582320477578952,0.09677087651310126,0.3404779837480598,10.15790145027591
173,BA47_70:30_Log_window2_PCA_90,Stacking Regressor,{'final_estimator': LinearSVR(random_state=42)},0.1000410792517736,0.1588779984885042,0.08299664317772554,0.3162927113478489,6.691527861965713
174,BA47_70:30_Log_window2_PCA_95,Stacking Regressor,{'final_estimator': LinearSVR(random_state=42)},0.1110619367800196,0.2096117715077645,0.09847409281170999,0.333259563673752,8.496202583880017
175,BA47_70:30_Log_window2_PCA_90,Gradient Boosting Regressor,"{'n_estimators': 10, 'min_samples_split': 10, 'min_samples_leaf': 10, 'min_impurity_decrease': 2, 'max_leaf_nodes': 10, 'max_features': 'sqrt', 'max_depth': None, 'learning_rate': 0.05}",0.1673844024057621,0.3198078026175152,0.1290583014245159,0.4091263892805769,12.6614228715667
176,BA47_70:30_Log_window2_PCA_95,Gradient Boosting Regressor,"{'n_estimators': 10, 'min_samples_split': 10, 'min_samples_leaf': 10, 'min_impurity_decrease': 2, 'max_leaf_nodes': 10, 'max_features': 'sqrt', 'max_depth': None, 'learning_rate': 0.05}",0.1569261060793982,0.3205880291703995,0.1278534595171563,0.396138998432871,12.69224473566183
177,BA47_70:30_Log_window2_PCA_90,Random Forest Regressor,"{'n_estimators': 50, 'min_samples_split': 2, 'min_samples_leaf': 4, 'max_depth': 20}",0.1313475025775187,0.2362944705412887,0.09318719529616126,0.3624189600138473,9.761291612156917
178,BA47_70:30_Log_window2_PCA_95,Random Forest Regressor,"{'n_estimators': 50, 'min_samples_split': 2, 'min_samples_leaf': 4, 'max_depth': 20}",0.06342764626782095,0.1723644826817494,0.071659035431249,0.2518484589347748,6.937399912503134
179,BA47_70:30_Log_window2_PCA_90,AdaBoostRegressor,"{'n_estimators': 400, 'loss': 'square', 'learning_rate': 1.0}",0.04624825039149273,0.1604299218189237,0.07060982527651517,0.2150540638804408,6.599717838660596
180,BA47_70:30_Log_window2_PCA_95,AdaBoostRegressor,"{'n_estimators': 400, 'loss': 'square', 'learning_rate': 1.0}",0.0641860637459501,0.1791410673120719,0.07870402293490492,0.2533496866900571,7.275130229506499
181,BA47_70:30_Log_window2_PCA_90,BaggingRegressor,"{'n_estimators': 150, 'max_samples': 0.1, 'max_features': 1.0}",0.1174996719339974,0.2423132124997861,0.1020854971065444,0.3427822514862714,9.729653185690028
182,BA47_70:30_Log_window2_PCA_95,BaggingRegressor,"{'n_estimators': 150, 'max_samples': 0.1, 'max_features': 1.0}",0.1237404575459457,0.265159092143679,0.1082136010816621,0.3517676186716818,10.54504311958775
183,BA47_70:30_Log_window2_PCA_90,ExtraTreesRegressor,"{'n_estimators': 10, 'min_samples_split': 2, 'min_samples_leaf': 4, 'max_depth': 30}",0.3148683116091296,0.3918548320423201,0.1486931576400755,0.561131278409188,16.56224347350491
184,BA47_70:30_Log_window2_PCA_95,ExtraTreesRegressor,"{'n_estimators': 50, 'min_samples_split': 2, 'min_samples_leaf': 4, 'max_depth': 20}",0.1167953452378084,0.2410171293621052,0.09256160462069313,0.341753339761016,9.567076704396575
185,BA47_70:30_Log_window2_PCA_90,XGBoost Regressor,"{'subsample': 0.9, 'reg_lambda': 0.5, 'reg_alpha': 0.5, 'n_estimators': 1000, 'min_child_weight': 1, 'max_depth': 8, 'learning_rate': 0.01, 'gamma': 0.3, 'colsample_bytree': 0.7}",0.160582120715858,0.2762904544740852,0.10623312210171,0.4007269902512907,11.13618774031245
186,BA47_70:30_Log_window2_PCA_95,XGBoost Regressor,"{'subsample': 0.7, 'reg_lambda': 1.0, 'reg_alpha': 0.1, 'n_estimators': 200, 'min_child_weight': 5, 'max_depth': 6, 'learning_rate': 0.2, 'gamma': 0.1, 'colsample_bytree': 0.7}",0.1329967440077382,0.2777356004320552,0.1042812585787491,0.3646871865143306,11.00004047901087
187,BA47_70:30_Log_window2_PCA_90,Multilayer Perceptron,"{'module__num_units': 20, 'module__activation_func': Tanh(), 'lr': 0.1}",0.1558547914028168,0.2581175267696381,0.1221994161605835,0.3947844872874525,10.28647720813751
188,BA47_70:30_Log_window2_PCA_95,Multilayer Perceptron,"{'module__num_units': 10, 'module__activation_func': ReLU(), 'lr': 0.1}",0.1553171724081039,0.2668508291244507,0.1249266713857651,0.3941029972077146,10.60515940189362
189,BA47_70:30_Log_window2_PCA_90,Long Short-Term Memory Network,"{'module__num_layers': 1, 'module__hidden_size': 25, 'max_epochs': 20, 'lr': 0.1, 'batch_size': 16}",0.05367803573608398,0.1988672763109207,0.07361089438199997,0.2316852082807273,7.21040740609169
190,BA47_70:30_Log_window2_PCA_95,Long Short-Term Memory Network,"{'module__num_layers': 1, 'module__hidden_size': 25, 'max_epochs': 20, 'lr': 0.1, 'batch_size': 16}",0.05764026194810867,0.2070377469062805,0.0763528048992157,0.2400838644059793,7.502324879169464
191,BA47_70:30_Log_window2_PCA_90,Convolutional neural network,{},0.1399093866348267,0.2707732319831848,0.1209690198302269,0.374044631875431,10.7589915394783
192,BA47_70:30_Log_window2_PCA_95,Convolutional neural network,{},0.1809796243906021,0.2745779454708099,0.1323144733905792,0.4254170005895417,10.83806306123734
193,BA47_80:20_MinMax_window2_ICA_90,Linear Regressor,{},0.000454163558507767,0.0177410220189235,0.02508164349120531,0.02131111349760418,2.541817570878555
194,BA47_80:20_MinMax_window2_ICA_95,Linear Regressor,{},0.0004379589035886209,0.01747269233834611,0.02464960645942961,0.02092746768217839,2.492702097003064
195,BA47_80:20_MinMax_window2_ICA_90,Support Vector Regressor,"{'kernel': 'rbf', 'gamma': 0.0001, 'C': 1}",0.03547454919486846,0.1501236572269644,0.2010228588940279,0.188346885280507,21.53139928605576
196,BA47_80:20_MinMax_window2_ICA_95,Support Vector Regressor,"{'kernel': 'rbf', 'gamma': 0.0001, 'C': 1}",0.03547425911202895,0.1501211719693089,0.2010169908212779,0.1883461152029129,21.53100153088203
197,BA47_80:20_MinMax_window2_ICA_90,Decision Tree Regressor,"{'splitter': 'best', 'min_samples_split': 5, 'min_samples_leaf': 4, 'min_impurity_decrease': 0.1, 'max_leaf_nodes': 90, 'max_features': None, 'max_depth': 26, 'criterion': 'mae', 'ccp_alpha': 0.0}",0.03482935701157479,0.1492761775508428,0.2009338563891563,0.1866262495244835,21.40085768363254
198,BA47_80:20_MinMax_window2_ICA_95,Decision Tree Regressor,"{'splitter': 'best', 'min_samples_split': 5, 'min_samples_leaf': 4, 'min_impurity_decrease': 0.1, 'max_leaf_nodes': 90, 'max_features': None, 'max_depth': 26, 'criterion': 'mae', 'ccp_alpha': 0.0}",0.03482935701157479,0.1492761775508428,0.2009338563891563,0.1866262495244835,21.40085768363254
199,BA47_80:20_MinMax_window2_ICA_90,K-Neighbors Regressor,"{'weights': 'distance', 'n_neighbors': 6}",0.01753450754319741,0.1138704162486252,0.17691422948118,0.1324179275747714,17.06124758065047
200,BA47_80:20_MinMax_window2_ICA_95,K-Neighbors Regressor,"{'weights': 'uniform', 'n_neighbors': 9}",0.01703939577128787,0.1146414546082754,0.1717479968480674,0.1305350365660035,16.72246040027586
201,BA47_80:20_MinMax_window2_ICA_90,Stochastic Gradient Descent Regressor,"{'tol': 0.0001, 'power_t': 0.25, 'penalty': 'elasticnet', 'max_iter': 3000, 'loss': 'squared_loss', 'learning_rate': 'optimal', 'l1_ratio': 0, 'fit_intercept': True, 'eta0': 0.001, 'alpha': 1}",0.03938121886633782,0.1552905533417446,0.2024067189077477,0.1984470177814165,22.34177862743551
202,BA47_80:20_MinMax_window2_ICA_95,Stochastic Gradient Descent Regressor,"{'tol': 0.0001, 'power_t': 0.25, 'penalty': 'elasticnet', 'max_iter': 3000, 'loss': 'squared_loss', 'learning_rate': 'optimal', 'l1_ratio': 0, 'fit_intercept': True, 'eta0': 0.001, 'alpha': 1}",0.0393789356070578,0.1552816944951753,0.2023994086926715,0.1984412648797064,22.34032243057923
203,BA47_80:20_MinMax_window2_ICA_90,Voting Regressor,"{'rf__n_estimators': 50, 'gb__n_estimators': 10}",0.0167963570940254,0.1070119000438008,0.1407593624401377,0.1296007603913858,14.96945924807099
204,BA47_80:20_MinMax_window2_ICA_95,Voting Regressor,"{'rf__n_estimators': 10, 'gb__n_estimators': 100}",0.01024837906955385,0.07639824962019055,0.1009940389349075,0.1012342781351941,10.35955615595404
205,BA47_80:20_MinMax_window2_ICA_90,Stacking Regressor,{'final_estimator': LinearSVR(random_state=42)},0.001131168592912222,0.02949458832891889,0.04148651128244669,0.03363284990767541,4.170639198895378
206,BA47_80:20_MinMax_window2_ICA_95,Stacking Regressor,{'final_estimator': LinearSVR(random_state=42)},0.006756307445370179,0.06663204242409754,0.09277706417042972,0.0821967605527747,9.342146779488358
207,BA47_80:20_MinMax_window2_ICA_90,Gradient Boosting Regressor,"{'n_estimators': 10, 'min_samples_split': 10, 'min_samples_leaf': 10, 'min_impurity_decrease': 2, 'max_leaf_nodes': 10, 'max_features': 'sqrt', 'max_depth': None, 'learning_rate': 0.05}",0.04001435735692079,0.1565718134789168,0.2041223535982498,0.2000358901720408,22.54896658180764
208,BA47_80:20_MinMax_window2_ICA_95,Gradient Boosting Regressor,"{'n_estimators': 10, 'min_samples_split': 10, 'min_samples_leaf': 10, 'min_impurity_decrease': 2, 'max_leaf_nodes': 10, 'max_features': 'sqrt', 'max_depth': None, 'learning_rate': 0.05}",0.04001435735692079,0.1565718134789168,0.2041223535982498,0.2000358901720408,22.54896658180764
209,BA47_80:20_MinMax_window2_ICA_90,Random Forest Regressor,"{'n_estimators': 10, 'min_samples_split': 2, 'min_samples_leaf': 4, 'max_depth': 30}",0.05869223681852566,0.1972636242690216,0.2566101491865728,0.2422648072224393,30.53440685457739
210,BA47_80:20_MinMax_window2_ICA_95,Random Forest Regressor,"{'n_estimators': 10, 'min_samples_split': 2, 'min_samples_leaf': 4, 'max_depth': 30}",0.04087435589072454,0.1669393378703928,0.2328266867719221,0.2021740732406719,24.89495497157898
211,BA47_80:20_MinMax_window2_ICA_90,AdaBoostRegressor,"{'n_estimators': 50, 'loss': 'exponential', 'learning_rate': 0.01}",0.03100136890244013,0.1299920212771966,0.1656080374044163,0.1760720559953797,18.28079529479578
212,BA47_80:20_MinMax_window2_ICA_95,AdaBoostRegressor,"{'n_estimators': 400, 'loss': 'square', 'learning_rate': 1.0}",0.02987859515783383,0.1478669016348298,0.2126708695184278,0.1728542598776028,21.16931467649577
213,BA47_80:20_MinMax_window2_ICA_90,BaggingRegressor,"{'n_estimators': 80, 'max_samples': 0.7000000000000001, 'max_features': 0.1}",0.03095186649503184,0.1423203756508195,0.1911212221545958,0.1759314255470916,20.32070739841324
214,BA47_80:20_MinMax_window2_ICA_95,BaggingRegressor,"{'n_estimators': 150, 'max_samples': 0.1, 'max_features': 1.0}",0.05220827260775346,0.1843958876836549,0.2349011733408653,0.228491296568936,27.27070808397674
215,BA47_80:20_MinMax_window2_ICA_90,ExtraTreesRegressor,"{'n_estimators': 100, 'min_samples_split': 10, 'min_samples_leaf': 1, 'max_depth': 20}",0.03020887160820469,0.1596747116391491,0.230181120401308,0.1738069952798353,23.29521596104681
216,BA47_80:20_MinMax_window2_ICA_95,ExtraTreesRegressor,"{'n_estimators': 100, 'min_samples_split': 10, 'min_samples_leaf': 1, 'max_depth': 20}",0.02710992741466443,0.1388461468351997,0.192315047860583,0.16465092594536,20.28262706515793
217,BA47_80:20_MinMax_window2_ICA_90,XGBoost Regressor,"{'subsample': 1.0, 'reg_lambda': 0, 'reg_alpha': 1.0, 'n_estimators': 700, 'min_child_weight': 1, 'max_depth': 9, 'learning_rate': 0.01, 'gamma': 0.3, 'colsample_bytree': 0.8}",0.03870024335957101,0.155308924132958,0.204021274399817,0.1967237742611986,22.3531539111753
218,BA47_80:20_MinMax_window2_ICA_95,XGBoost Regressor,"{'subsample': 0.9, 'reg_lambda': 0.1, 'reg_alpha': 0.5, 'n_estimators': 200, 'min_child_weight': 1, 'max_depth': 10, 'learning_rate': 0.1, 'gamma': 0.3, 'colsample_bytree': 0.9}",0.03891873670183514,0.1675713385860982,0.2346888227487481,0.1972783229395342,24.48542361552281
219,BA47_80:20_MinMax_window2_ICA_90,Multilayer Perceptron,"{'module__num_units': 20, 'module__activation_func': ReLU(), 'lr': 0.1}",0.02910695225000381,0.1423161029815674,0.210483193397522,0.1706075972810233,20.31921595335007
220,BA47_80:20_MinMax_window2_ICA_95,Multilayer Perceptron,"{'module__num_units': 50, 'module__activation_func': Tanh(), 'lr': 0.1}",0.02722532488405704,0.1378504037857056,0.2042035758495331,0.1650009844942055,19.68856602907181
221,BA47_80:20_MinMax_window2_ICA_90,Long Short-Term Memory Network,"{'module__num_layers': 1, 'module__hidden_size': 25, 'max_epochs': 20, 'lr': 0.1, 'batch_size': 16}",0.01948274485766888,0.1204136088490486,0.1715534180402756,0.1395806034435619,16.1746621131897
222,BA47_80:20_MinMax_window2_ICA_95,Long Short-Term Memory Network,"{'module__num_layers': 1, 'module__hidden_size': 75, 'max_epochs': 30, 'lr': 0.1, 'batch_size': 16}",0.02170533873140812,0.130597397685051,0.1892092823982239,0.1473273183473049,17.48022437095642
223,BA47_80:20_MinMax_window2_ICA_90,Convolutional neural network,{},0.02970136888325214,0.1504738181829453,0.2373290508985519,0.1723408508835098,21.40867859125137
224,BA47_80:20_MinMax_window2_ICA_95,Convolutional neural network,{},0.02693644911050797,0.1427768617868423,0.2119922637939453,0.1641232741280406,20.40010392665863
225,BA47_60:40_MinMax_window2_ICA_90,Linear Regressor,{},0.02758662928970269,0.1321066382779749,0.2535926720411364,0.1660922312743817,23.31617029553502
226,BA47_60:40_MinMax_window2_ICA_95,Linear Regressor,{},0.02469680091046635,0.1280144974433279,0.2623086816109574,0.1571521584658205,22.73841995691788
227,BA47_60:40_MinMax_window2_ICA_90,Support Vector Regressor,"{'kernel': 'rbf', 'gamma': 0.0001, 'C': 1}",0.05442371674734033,0.1850186816807018,0.5066058517109141,0.2332889126112519,31.04015264267214
228,BA47_60:40_MinMax_window2_ICA_95,Support Vector Regressor,"{'kernel': 'rbf', 'gamma': 0.0001, 'C': 1}",0.05442408470863263,0.1850210051428549,0.5066232529635828,0.2332897012485391,31.04043445697143
229,BA47_60:40_MinMax_window2_ICA_90,Decision Tree Regressor,"{'splitter': 'best', 'min_samples_split': 5, 'min_samples_leaf': 4, 'min_impurity_decrease': 0.1, 'max_leaf_nodes': 90, 'max_features': None, 'max_depth': 26, 'criterion': 'mae', 'ccp_alpha': 0.0}",0.05396811629456583,0.1842442790310237,0.5103780368010534,0.2323103878318097,30.89228775050308
230,BA47_60:40_MinMax_window2_ICA_95,Decision Tree Regressor,"{'splitter': 'best', 'min_samples_split': 5, 'min_samples_leaf': 4, 'min_impurity_decrease': 0.1, 'max_leaf_nodes': 90, 'max_features': None, 'max_depth': 26, 'criterion': 'mae', 'ccp_alpha': 0.0}",0.05396811629456583,0.1842442790310237,0.5103780368010534,0.2323103878318097,30.89228775050308
231,BA47_60:40_MinMax_window2_ICA_90,K-Neighbors Regressor,"{'weights': 'uniform', 'n_neighbors': 1}",0.08078475076477903,0.2179928431293757,0.6006954506853486,0.2842265834941887,36.85804940273948
232,BA47_60:40_MinMax_window2_ICA_95,K-Neighbors Regressor,"{'weights': 'distance', 'n_neighbors': 3}",0.06553980241297858,0.1954059315759351,0.5574039083437397,0.2560074264801289,32.43555942817324
233,BA47_60:40_MinMax_window2_ICA_90,Stochastic Gradient Descent Regressor,"{'tol': 0.0001, 'power_t': 0.25, 'penalty': 'elasticnet', 'max_iter': 3000, 'loss': 'squared_loss', 'learning_rate': 'optimal', 'l1_ratio': 0, 'fit_intercept': True, 'eta0': 0.001, 'alpha': 1}",0.05683083740970286,0.1893323596850643,0.4904682377202668,0.2383921924260584,31.85651376486168
234,BA47_60:40_MinMax_window2_ICA_95,Stochastic Gradient Descent Regressor,"{'tol': 0.0001, 'power_t': 0.25, 'penalty': 'elasticnet', 'max_iter': 3000, 'loss': 'squared_loss', 'learning_rate': 'optimal', 'l1_ratio': 0, 'fit_intercept': True, 'eta0': 0.001, 'alpha': 1}",0.05681376712594938,0.1892826425416491,0.490581827901119,0.2383563867949617,31.84717075012515
235,BA47_60:40_MinMax_window2_ICA_90,Voting Regressor,"{'rf__n_estimators': 50, 'gb__n_estimators': 10}",0.04016080243767152,0.1557396186726896,0.3915690107965282,0.2004016028819917,26.93781851405554
236,BA47_60:40_MinMax_window2_ICA_95,Voting Regressor,"{'rf__n_estimators': 10, 'gb__n_estimators': 10}",0.04295769822754651,0.1538035917341412,0.4099731077906327,0.2072623898046785,26.40942680057451
237,BA47_60:40_MinMax_window2_ICA_90,Stacking Regressor,{'final_estimator': LinearSVR(random_state=42)},0.0978588407299984,0.2653689116209608,0.6520531771375271,0.3128239772300045,44.37312622016761
238,BA47_60:40_MinMax_window2_ICA_95,Stacking Regressor,{'final_estimator': LinearSVR(random_state=42)},0.149815979783995,0.3194220329006894,0.8732171691233883,0.3870606926361743,51.47152946157541
239,BA47_60:40_MinMax_window2_ICA_90,Gradient Boosting Regressor,"{'n_estimators': 10, 'min_samples_split': 10, 'min_samples_leaf': 10, 'min_impurity_decrease': 2, 'max_leaf_nodes': 10, 'max_features': 'sqrt', 'max_depth': None, 'learning_rate': 0.05}",0.0574776731574184,0.1905682656129055,0.4941894232506477,0.2397450169605583,32.04034189336659
240,BA47_60:40_MinMax_window2_ICA_95,Gradient Boosting Regressor,"{'n_estimators': 10, 'min_samples_split': 10, 'min_samples_leaf': 10, 'min_impurity_decrease': 2, 'max_leaf_nodes': 10, 'max_features': 'sqrt', 'max_depth': None, 'learning_rate': 0.05}",0.0574776731574184,0.1905682656129055,0.4941894232506477,0.2397450169605583,32.04034189336659
241,BA47_60:40_MinMax_window2_ICA_90,Random Forest Regressor,"{'n_estimators': 50, 'min_samples_split': 10, 'min_samples_leaf': 1, 'max_depth': 30}",0.05384664135748321,0.1846055945643301,0.4774148056622031,0.2320487908985591,31.21830413877687
242,BA47_60:40_MinMax_window2_ICA_95,Random Forest Regressor,"{'n_estimators': 10, 'min_samples_split': 2, 'min_samples_leaf': 4, 'max_depth': 30}",0.06676771090261932,0.1954350382966303,0.525896044828088,0.2583944869818613,32.58190305224255
243,BA47_60:40_MinMax_window2_ICA_90,AdaBoostRegressor,"{'n_estimators': 50, 'loss': 'linear', 'learning_rate': 0.01}",0.04760922385134484,0.1758338696448411,0.4801242852530583,0.218195379995418,29.78643930409937
244,BA47_60:40_MinMax_window2_ICA_95,AdaBoostRegressor,"{'n_estimators': 50, 'loss': 'exponential', 'learning_rate': 0.01}",0.05516926693344432,0.1866141527332639,0.5216017327134855,0.2348813890742396,31.24387741102631
245,BA47_60:40_MinMax_window2_ICA_90,BaggingRegressor,"{'n_estimators': 80, 'max_samples': 0.7000000000000001, 'max_features': 0.1}",0.05159387753189542,0.1762912900878533,0.5120969572034718,0.2271428571007581,29.63386230266653
246,BA47_60:40_MinMax_window2_ICA_95,BaggingRegressor,"{'n_estimators': 50, 'max_samples': 0.7000000000000001, 'max_features': 0.9}",0.05494308724028636,0.185180150581148,0.4995232881526405,0.2343994181739502,31.09790214434306
247,BA47_60:40_MinMax_window2_ICA_90,ExtraTreesRegressor,"{'n_estimators': 100, 'min_samples_split': 10, 'min_samples_leaf': 1, 'max_depth': 20}",0.05383017631824182,0.1804624516673456,0.4773740591414291,0.2320133106488544,30.67265974123723
248,BA47_60:40_MinMax_window2_ICA_95,ExtraTreesRegressor,"{'n_estimators': 100, 'min_samples_split': 10, 'min_samples_leaf': 1, 'max_depth': 20}",0.06640186562447246,0.2070125949968059,0.4254525843447806,0.2576855945226129,36.19380596792993
249,BA47_60:40_MinMax_window2_ICA_90,XGBoost Regressor,"{'subsample': 0.9, 'reg_lambda': 0.1, 'reg_alpha': 0.5, 'n_estimators': 200, 'min_child_weight': 1, 'max_depth': 10, 'learning_rate': 0.1, 'gamma': 0.3, 'colsample_bytree': 0.9}",0.05336847545196241,0.18477614599861,0.5083244867554495,0.2310161800652985,31.05594485047248
250,BA47_60:40_MinMax_window2_ICA_95,XGBoost Regressor,"{'subsample': 1.0, 'reg_lambda': 0, 'reg_alpha': 1.0, 'n_estimators': 700, 'min_child_weight': 1, 'max_depth': 9, 'learning_rate': 0.01, 'gamma': 0.3, 'colsample_bytree': 0.8}",0.05747767375307843,0.1905682672574251,0.4941894224957669,0.2397450182028366,32.04034218100848
251,BA47_60:40_MinMax_window2_ICA_90,Multilayer Perceptron,"{'module__num_units': 20, 'module__activation_func': Tanh(), 'lr': 0.1}",0.05371403321623802,0.1805277317762375,0.5593516230583191,0.2317628814461842,29.96837198734283
252,BA47_60:40_MinMax_window2_ICA_95,Multilayer Perceptron,"{'module__num_units': 50, 'module__activation_func': Tanh(), 'lr': 0.1}",0.05177431553602219,0.1771481782197952,0.5444082021713257,0.2275397010106636,29.56662178039551
253,BA47_60:40_MinMax_window2_ICA_90,Long Short-Term Memory Network,"{'module__num_layers': 1, 'module__hidden_size': 25, 'max_epochs': 20, 'lr': 0.1, 'batch_size': 16}",0.03908538073301315,0.1670395731925964,0.295516312122345,0.1977002294713214,24.31046068668365
254,BA47_60:40_MinMax_window2_ICA_95,Long Short-Term Memory Network,"{'module__num_layers': 1, 'module__hidden_size': 25, 'max_epochs': 20, 'lr': 0.1, 'batch_size': 16}",0.04155771061778069,0.1715260446071625,0.3090696632862091,0.2038570838057404,24.83964562416077
255,BA47_60:40_MinMax_window2_ICA_90,Convolutional neural network,{},0.05638720095157623,0.1825238466262817,0.5878146290779114,0.237459893353754,30.00441193580627
256,BA47_60:40_MinMax_window2_ICA_95,Convolutional neural network,{},0.06264910101890564,0.1987478286027908,0.6367804408073425,0.2502980244007244,32.08735585212708
257,BA47_70:30_MinMax_window2_ICA_90,Linear Regressor,{},0.01870697751576589,0.0945711080406973,0.1348619671304635,0.1367734532567116,14.10740453360395
258,BA47_70:30_MinMax_window2_ICA_95,Linear Regressor,{},0.01811890467081841,0.09485367532387184,0.1325752997805906,0.1346064807905563,13.89687004746659
259,BA47_70:30_MinMax_window2_ICA_90,Support Vector Regressor,"{'kernel': 'rbf', 'gamma': 0.0001, 'C': 1}",0.04450812421919749,0.1688497409345895,0.3372045496197129,0.2109694864647433,26.98851823742613
260,BA47_70:30_MinMax_window2_ICA_95,Support Vector Regressor,"{'kernel': 'rbf', 'gamma': 0.0001, 'C': 1}",0.04450640723373891,0.1688473968581976,0.337199884502684,0.210965417151103,26.98817982184127
261,BA47_70:30_MinMax_window2_ICA_90,Decision Tree Regressor,"{'splitter': 'best', 'min_samples_split': 5, 'min_samples_leaf': 4, 'min_impurity_decrease': 0.1, 'max_leaf_nodes': 90, 'max_features': None, 'max_depth': 26, 'criterion': 'mae', 'ccp_alpha': 0.0}",0.04391648603357255,0.1679726000896552,0.3390046768527005,0.2095626064773307,26.8385981240602
262,BA47_70:30_MinMax_window2_ICA_95,Decision Tree Regressor,"{'splitter': 'best', 'min_samples_split': 5, 'min_samples_leaf': 4, 'min_impurity_decrease': 0.1, 'max_leaf_nodes': 90, 'max_features': None, 'max_depth': 26, 'criterion': 'mae', 'ccp_alpha': 0.0}",0.04391648603357255,0.1679726000896552,0.3390046768527005,0.2095626064773307,26.8385981240602
263,BA47_70:30_MinMax_window2_ICA_90,K-Neighbors Regressor,"{'weights': 'distance', 'n_neighbors': 7}",0.04473895955258214,0.1662147077828602,0.3163840150715673,0.2115158612316867,26.72563458152777
264,BA47_70:30_MinMax_window2_ICA_95,K-Neighbors Regressor,"{'weights': 'distance', 'n_neighbors': 6}",0.05073682864302968,0.1825142410957896,0.3631524318203693,0.2252483710108237,29.26671724264673
265,BA47_70:30_MinMax_window2_ICA_90,Stochastic Gradient Descent Regressor,"{'tol': 0.0001, 'power_t': 0.25, 'penalty': 'elasticnet', 'max_iter': 3000, 'loss': 'squared_loss', 'learning_rate': 'optimal', 'l1_ratio': 0, 'fit_intercept': True, 'eta0': 0.001, 'alpha': 1}",0.04733033673323182,0.1730580335739963,0.3304677903141557,0.2175553647539674,27.71491264553452
266,BA47_70:30_MinMax_window2_ICA_95,Stochastic Gradient Descent Regressor,"{'tol': 0.0001, 'power_t': 0.25, 'penalty': 'elasticnet', 'max_iter': 3000, 'loss': 'squared_loss', 'learning_rate': 'optimal', 'l1_ratio': 0, 'fit_intercept': True, 'eta0': 0.001, 'alpha': 1}",0.04730423024527435,0.1730006532368493,0.3303464207948387,0.2174953568361273,27.70598286907697
267,BA47_70:30_MinMax_window2_ICA_90,Voting Regressor,"{'rf__n_estimators': 10, 'gb__n_estimators': 10}",0.03853056572238314,0.1502966191687709,0.2425711046924398,0.1962920419232098,23.85763821199179
268,BA47_70:30_MinMax_window2_ICA_95,Voting Regressor,"{'rf__n_estimators': 100, 'gb__n_estimators': 10}",0.02872075437694769,0.1202368498376661,0.2279592147920032,0.1694719869976973,19.34196386458278
269,BA47_70:30_MinMax_window2_ICA_90,Stacking Regressor,{'final_estimator': RandomForestRegressor(random_state=42)},0.1045686530360048,0.2481008751257079,0.5645569703056685,0.3233707671327214,36.45034929866733
270,BA47_70:30_MinMax_window2_ICA_95,Stacking Regressor,{'final_estimator': GradientBoostingRegressor(random_state=42)},0.1117711301914926,0.2779691041684946,0.5651522577637781,0.3343218960694806,43.9597767319293
271,BA47_70:30_MinMax_window2_ICA_90,Gradient Boosting Regressor,"{'n_estimators': 10, 'min_samples_split': 10, 'min_samples_leaf': 10, 'min_impurity_decrease': 2, 'max_leaf_nodes': 10, 'max_features': 'sqrt', 'max_depth': None, 'learning_rate': 0.05}",0.04782404345183773,0.1742824847985343,0.3331198304931531,0.2186870902724661,27.90827459139453
272,BA47_70:30_MinMax_window2_ICA_95,Gradient Boosting Regressor,"{'n_estimators': 10, 'min_samples_split': 10, 'min_samples_leaf': 10, 'min_impurity_decrease': 2, 'max_leaf_nodes': 10, 'max_features': 'sqrt', 'max_depth': None, 'learning_rate': 0.05}",0.04782404345183773,0.1742824847985343,0.3331198304931531,0.2186870902724661,27.90827459139453
273,BA47_70:30_MinMax_window2_ICA_90,Random Forest Regressor,"{'n_estimators': 10, 'min_samples_split': 2, 'min_samples_leaf': 4, 'max_depth': 30}",0.07572906182436517,0.2322251200578008,0.3634002986909987,0.2751891382746877,39.55236462697871
274,BA47_70:30_MinMax_window2_ICA_95,Random Forest Regressor,"{'n_estimators': 10, 'min_samples_split': 2, 'min_samples_leaf': 4, 'max_depth': 30}",0.0490656362177565,0.1740880187196996,0.3195278569481009,0.22150764370052,28.1775810488842
275,BA47_70:30_MinMax_window2_ICA_90,AdaBoostRegressor,"{'n_estimators': 400, 'loss': 'square', 'learning_rate': 1.0}",0.0567613256580451,0.1977662709026375,0.3218763858060182,0.238246354973261,32.40772645616557
276,BA47_70:30_MinMax_window2_ICA_95,AdaBoostRegressor,"{'n_estimators': 50, 'loss': 'linear', 'learning_rate': 0.01}",0.03621216359657146,0.146193373927111,0.2874995203285234,0.1902949384418079,23.57335302592477
277,BA47_70:30_MinMax_window2_ICA_90,BaggingRegressor,"{'n_estimators': 50, 'max_samples': 0.7000000000000001, 'max_features': 0.9}",0.08180434792288721,0.2299867906279296,0.3406254520931116,0.2860145938984359,38.25232490438923
278,BA47_70:30_MinMax_window2_ICA_95,BaggingRegressor,"{'n_estimators': 160, 'max_samples': 0.7000000000000001, 'max_features': 0.8}",0.04712310601228632,0.1751933075452984,0.3233323935907733,0.2170785710573163,28.20009800463962
279,BA47_70:30_MinMax_window2_ICA_90,ExtraTreesRegressor,"{'n_estimators': 100, 'min_samples_split': 10, 'min_samples_leaf': 1, 'max_depth': 20}",0.1274204687464616,0.3003932483844813,0.4292515937351847,0.3569600380245127,53.72205039125993
280,BA47_70:30_MinMax_window2_ICA_95,ExtraTreesRegressor,"{'n_estimators': 50, 'min_samples_split': 10, 'min_samples_leaf': 1, 'max_depth': 30}",0.1333078702837293,0.3157693538096537,0.453364340320345,0.3651135032886751,58.14009041732293
281,BA47_70:30_MinMax_window2_ICA_90,XGBoost Regressor,"{'subsample': 1.0, 'reg_lambda': 0, 'reg_alpha': 1.0, 'n_estimators': 700, 'min_child_weight': 1, 'max_depth': 9, 'learning_rate': 0.01, 'gamma': 0.3, 'colsample_bytree': 0.8}",0.04782404615145833,0.1742824912945103,0.3331198320609985,0.2186870964448025,27.90827569288556
282,BA47_70:30_MinMax_window2_ICA_95,XGBoost Regressor,"{'subsample': 1.0, 'reg_lambda': 0, 'reg_alpha': 1.0, 'n_estimators': 700, 'min_child_weight': 1, 'max_depth': 9, 'learning_rate': 0.01, 'gamma': 0.3, 'colsample_bytree': 0.8}",0.04782404615145833,0.1742824912945103,0.3331198320609985,0.2186870964448025,27.90827569288556
283,BA47_70:30_MinMax_window2_ICA_90,Multilayer Perceptron,"{'module__num_units': 50, 'module__activation_func': Tanh(), 'lr': 0.1}",0.04455049335956573,0.1751235872507095,0.3789578080177307,0.2110698779067391,27.68155336380005
284,BA47_70:30_MinMax_window2_ICA_95,Multilayer Perceptron,"{'module__num_units': 20, 'module__activation_func': ReLU(), 'lr': 0.1}",0.04129387438297272,0.1598695069551468,0.3620153665542603,0.2032089426747079,25.43937861919403
285,BA47_70:30_MinMax_window2_ICA_90,Long Short-Term Memory Network,"{'module__num_layers': 1, 'module__hidden_size': 75, 'max_epochs': 30, 'lr': 0.1, 'batch_size': 16}",0.0294135045260191,0.147099494934082,0.237224817276001,0.1715036574712595,20.83816677331924
286,BA47_70:30_MinMax_window2_ICA_95,Long Short-Term Memory Network,"{'module__num_layers': 1, 'module__hidden_size': 75, 'max_epochs': 30, 'lr': 0.1, 'batch_size': 16}",0.02666922472417355,0.1379239559173584,0.2198104113340378,0.1633071484172495,19.60650086402893
287,BA47_70:30_MinMax_window2_ICA_90,Convolutional neural network,{},0.05617662891745567,0.1887515485286713,0.4589863419532776,0.237016094216101,28.82263660430908
288,BA47_70:30_MinMax_window2_ICA_95,Convolutional neural network,{},0.04249851405620575,0.1631501615047455,0.3824652433395386,0.2061516773063119,25.8190780878067
289,BA47_60:40_Log_window2_ICA_90,Linear Regressor,{},3.759881640371885e-07,0.0004837230906868916,0.0002028953491320183,0.0006131787374307662,0.02028847278845907
290,BA47_60:40_Log_window2_ICA_95,Linear Regressor,{},3.294069700143488e-07,0.0004572570712016229,0.0001892337475239075,0.0005739398662005879,0.01892278658555098
291,BA47_60:40_Log_window2_ICA_90,Support Vector Regressor,"{'kernel': 'rbf', 'gamma': 0.0001, 'C': 1}",0.2603101458838184,0.3349309347784437,0.202457888444998,0.5102059837789228,14.37082111966671
292,BA47_60:40_Log_window2_ICA_95,Support Vector Regressor,"{'kernel': 'rbf', 'gamma': 0.0001, 'C': 1}",0.2602878386530399,0.3349691803677234,0.2024699841441016,0.5101841223058984,14.37230212357236
293,BA47_60:40_Log_window2_ICA_90,Decision Tree Regressor,"{'splitter': 'best', 'min_samples_split': 5, 'min_samples_leaf': 2, 'min_impurity_decrease': 1.0, 'max_leaf_nodes': 50, 'max_features': 'auto', 'max_depth': 32, 'criterion': 'mae', 'ccp_alpha': 1.0}",0.2616953232759602,0.3308489167878408,0.2031787550172416,0.5115616514907663,14.2017972742216
294,BA47_60:40_Log_window2_ICA_95,Decision Tree Regressor,"{'splitter': 'best', 'min_samples_split': 5, 'min_samples_leaf': 2, 'min_impurity_decrease': 1.0, 'max_leaf_nodes': 50, 'max_features': 'auto', 'max_depth': 32, 'criterion': 'mae', 'ccp_alpha': 1.0}",0.2616953232759602,0.3308489167878408,0.2031787550172416,0.5115616514907663,14.2017972742216
295,BA47_60:40_Log_window2_ICA_90,K-Neighbors Regressor,"{'weights': 'distance', 'n_neighbors': 3}",0.3756283822516943,0.4764401242648901,0.2244726120985707,0.6128852928988379,20.39658243954243
296,BA47_60:40_Log_window2_ICA_95,K-Neighbors Regressor,"{'weights': 'uniform', 'n_neighbors': 1}",0.3899042928902772,0.4420065988357736,0.224778554529119,0.6244231681242114,21.21164805122675
297,BA47_60:40_Log_window2_ICA_90,Stochastic Gradient Descent Regressor,"{'tol': 1e-05, 'power_t': 0.5, 'penalty': 'l1', 'max_iter': 3000, 'loss': 'squared_epsilon_insensitive', 'learning_rate': 'adaptive', 'l1_ratio': 1, 'fit_intercept': True, 'eta0': 0.1, 'alpha': 0.01}",0.09335983032898311,0.2734156622904971,0.1184351786123934,0.3055484091416336,11.56681897433462
298,BA47_60:40_Log_window2_ICA_95,Stochastic Gradient Descent Regressor,"{'tol': 1e-05, 'power_t': 0.5, 'penalty': 'l1', 'max_iter': 3000, 'loss': 'squared_epsilon_insensitive', 'learning_rate': 'adaptive', 'l1_ratio': 1, 'fit_intercept': True, 'eta0': 0.1, 'alpha': 0.01}",0.2232536813992681,0.3744445784121971,0.1446306864402369,0.4724972818961694,14.84748623826422
299,BA47_60:40_Log_window2_ICA_90,Voting Regressor,"{'rf__n_estimators': 10, 'gb__n_estimators': 10}",0.2596628899678542,0.4049796753695942,0.1630620229012017,0.5095712805563656,17.11805576560783
300,BA47_60:40_Log_window2_ICA_95,Voting Regressor,"{'rf__n_estimators': 200, 'gb__n_estimators': 200}",0.827338516127292,0.7980331447949331,0.3041487025801022,0.9095815060385144,36.85439120620891
301,BA47_60:40_Log_window2_ICA_90,Stacking Regressor,{'final_estimator': RandomForestRegressor(random_state=42)},0.7249226152124523,0.71519385546332,0.3574076175017221,0.8514238751717339,29.64054851107942
302,BA47_60:40_Log_window2_ICA_95,Stacking Regressor,{'final_estimator': LinearSVR(random_state=42)},0.7980489768550829,0.5771903571881087,0.3482412958706558,0.8933358701267307,22.68901167944783
303,BA47_60:40_Log_window2_ICA_90,Gradient Boosting Regressor,"{'n_estimators': 10, 'min_samples_split': 10, 'min_samples_leaf': 10, 'min_impurity_decrease': 2, 'max_leaf_nodes': 10, 'max_features': 'sqrt', 'max_depth': None, 'learning_rate': 0.05}",0.3097544277218953,0.4402718386827276,0.2267549816569082,0.556555862175483,18.65743499127423
304,BA47_60:40_Log_window2_ICA_95,Gradient Boosting Regressor,"{'n_estimators': 10, 'min_samples_split': 10, 'min_samples_leaf': 10, 'min_impurity_decrease': 2, 'max_leaf_nodes': 10, 'max_features': 'sqrt', 'max_depth': None, 'learning_rate': 0.05}",0.4086555308111822,0.5287715711394461,0.2590721366653235,0.6392617076058773,22.39306348318023
305,BA47_60:40_Log_window2_ICA_90,Random Forest Regressor,"{'n_estimators': 50, 'min_samples_split': 10, 'min_samples_leaf': 1, 'max_depth': 30}",0.7288518946555443,0.6703902593575749,0.262099263658169,0.8537282323172547,30.62245653428285
306,BA47_60:40_Log_window2_ICA_95,Random Forest Regressor,"{'n_estimators': 50, 'min_samples_split': 2, 'min_samples_leaf': 4, 'max_depth': 20}",1.518423526004867,1.121641543232417,0.4517855055236309,1.232243290103406,54.14205711186051
307,BA47_60:40_Log_window2_ICA_90,AdaBoostRegressor,"{'n_estimators': 50, 'loss': 'linear', 'learning_rate': 0.01}",0.9257073326746399,0.5674436034630433,0.2562864953674876,0.9621368575595886,28.02191652963851
308,BA47_60:40_Log_window2_ICA_95,AdaBoostRegressor,"{'n_estimators': 50, 'loss': 'linear', 'learning_rate': 0.01}",0.8907182686752301,0.7395064228495981,0.3029612405151101,0.9437787180664915,34.75725661328728
309,BA47_60:40_Log_window2_ICA_90,BaggingRegressor,"{'n_estimators': 50, 'max_samples': 0.7000000000000001, 'max_features': 0.9}",0.6428414765421087,0.6838394538948356,0.2763474510559982,0.8017739560138559,30.2230504166501
310,BA47_60:40_Log_window2_ICA_95,BaggingRegressor,"{'n_estimators': 130, 'max_samples': 0.8, 'max_features': 0.6}",1.480011321232918,1.112612408596003,0.4140339267833038,1.216557159048812,53.04650003275542
311,BA47_60:40_Log_window2_ICA_90,ExtraTreesRegressor,"{'n_estimators': 100, 'min_samples_split': 10, 'min_samples_leaf': 1, 'max_depth': 20}",3.327592063755612,1.746493162927838,0.6639989297243675,1.824168869308873,103.3886646201779
312,BA47_60:40_Log_window2_ICA_95,ExtraTreesRegressor,"{'n_estimators': 50, 'min_samples_split': 10, 'min_samples_leaf': 1, 'max_depth': 30}",3.255664881100103,1.738596207800027,0.6786878754424019,1.80434610901016,101.8173462403319
313,BA47_60:40_Log_window2_ICA_90,XGBoost Regressor,"{'subsample': 0.9, 'reg_lambda': 0.1, 'reg_alpha': 0.5, 'n_estimators': 200, 'min_child_weight': 1, 'max_depth': 10, 'learning_rate': 0.1, 'gamma': 0.3, 'colsample_bytree': 0.9}",0.6014033269205097,0.7292374133129891,0.3183359447703891,0.7755019838275784,32.17444457366573
314,BA47_60:40_Log_window2_ICA_95,XGBoost Regressor,"{'subsample': 0.7, 'reg_lambda': 0.1, 'reg_alpha': 0.1, 'n_estimators': 100, 'min_child_weight': 1, 'max_depth': 9, 'learning_rate': 0.3, 'gamma': 0.3, 'colsample_bytree': 0.8}",2.203781807061709,1.275860654100685,0.4821651652836991,1.484513996923474,72.72598412877075
315,BA47_60:40_Log_window2_ICA_90,Multilayer Perceptron,"{'module__num_units': 20, 'module__activation_func': ReLU(), 'lr': 0.1}",0.2847001552581787,0.3223241567611694,0.2108353823423386,0.5335730083673449,13.77559900283813
316,BA47_60:40_Log_window2_ICA_95,Multilayer Perceptron,"{'module__num_units': 10, 'module__activation_func': ReLU(), 'lr': 0.1}",0.2813150882720947,0.3361196219921112,0.2092519998550415,0.5303914481513581,14.35142159461975
317,BA47_60:40_Log_window2_ICA_90,Long Short-Term Memory Network,"{'module__num_layers': 1, 'module__hidden_size': 25, 'max_epochs': 20, 'lr': 0.1, 'batch_size': 16}",0.1007676646113396,0.2603095173835754,0.101938009262085,0.3174392297926322,9.71074178814888
318,BA47_60:40_Log_window2_ICA_95,Long Short-Term Memory Network,"{'module__num_layers': 1, 'module__hidden_size': 25, 'max_epochs': 20, 'lr': 0.1, 'batch_size': 16}",0.1087400689721107,0.2742898464202881,0.101225808262825,0.3297575912274208,10.2421835064888
319,BA47_60:40_Log_window2_ICA_90,Convolutional neural network,{},0.2975050508975983,0.3308157622814178,0.2134412974119186,0.5454402358623704,14.09088224172592
320,BA47_60:40_Log_window2_ICA_95,Convolutional neural network,{},0.5472612380981445,0.4655849635601044,0.2956512868404388,0.7397710714120582,18.11265796422958
321,BA47_70:30_Log_window2_ICA_90,Linear Regressor,{},3.856452158952123e-07,0.0004403976713980851,0.0001535418746055191,0.0006210033944313126,0.0153561754154167
322,BA47_70:30_Log_window2_ICA_95,Linear Regressor,{},2.484125030710513e-07,0.0003540606289727398,0.0001270301224995518,0.0004984099748912047,0.01270433055984928
323,BA47_70:30_Log_window2_ICA_90,Support Vector Regressor,"{'kernel': 'rbf', 'gamma': 0.0001, 'C': 1}",0.154724448520028,0.2824793634816898,0.1259939723760867,0.3933502873013162,11.20511259172097
324,BA47_70:30_Log_window2_ICA_95,Support Vector Regressor,"{'kernel': 'rbf', 'gamma': 0.0001, 'C': 1}",0.1547307063226679,0.2824798614128754,0.1259922887196864,0.3933582417118878,11.20513349834685
325,BA47_70:30_Log_window2_ICA_90,Decision Tree Regressor,"{'splitter': 'best', 'min_samples_split': 5, 'min_samples_leaf': 2, 'min_impurity_decrease': 1.0, 'max_leaf_nodes': 50, 'max_features': 'auto', 'max_depth': 32, 'criterion': 'mae', 'ccp_alpha': 1.0}",0.1529578787043435,0.2777347546232478,0.1255895264380591,0.3910982980074746,11.02166239305382
326,BA47_70:30_Log_window2_ICA_95,Decision Tree Regressor,"{'splitter': 'best', 'min_samples_split': 5, 'min_samples_leaf': 4, 'min_impurity_decrease': 0.1, 'max_leaf_nodes': 90, 'max_features': None, 'max_depth': 26, 'criterion': 'mae', 'ccp_alpha': 0.0}",0.1529578787043435,0.2777347546232478,0.1255895264380591,0.3910982980074746,11.02166239305382
327,BA47_70:30_Log_window2_ICA_90,K-Neighbors Regressor,"{'weights': 'distance', 'n_neighbors': 2}",0.3926302123432279,0.4153872913522682,0.1770597477177767,0.6266021164528794,17.45319936596956
328,BA47_70:30_Log_window2_ICA_95,K-Neighbors Regressor,"{'weights': 'uniform', 'n_neighbors': 1}",0.2555588566957211,0.3954285022765409,0.1597131903569583,0.5055282946539403,15.48389635219755
329,BA47_70:30_Log_window2_ICA_90,Stochastic Gradient Descent Regressor,"{'tol': 1e-05, 'power_t': 0.5, 'penalty': 'l1', 'max_iter': 3000, 'loss': 'squared_epsilon_insensitive', 'learning_rate': 'adaptive', 'l1_ratio': 1, 'fit_intercept': True, 'eta0': 0.1, 'alpha': 0.01}",0.09643960375608361,0.2639106313830122,0.1081264351601445,0.3105472649309338,11.0513058029253
330,BA47_70:30_Log_window2_ICA_95,Stochastic Gradient Descent Regressor,"{'tol': 1e-05, 'power_t': 0.5, 'penalty': 'l1', 'max_iter': 3000, 'loss': 'squared_epsilon_insensitive', 'learning_rate': 'adaptive', 'l1_ratio': 1, 'fit_intercept': True, 'eta0': 0.1, 'alpha': 0.01}",0.3082943635388047,0.3997470928835576,0.1601350746143982,0.5552426168251179,17.18264508710619
331,BA47_70:30_Log_window2_ICA_90,Voting Regressor,"{'rf__n_estimators': 10, 'gb__n_estimators': 10}",0.2533378107848325,0.464098831028888,0.1695465982029594,0.5033267435621045,18.67577034564036
332,BA47_70:30_Log_window2_ICA_95,Voting Regressor,"{'rf__n_estimators': 50, 'gb__n_estimators': 10}",0.3355991133812923,0.5439873180436644,0.2034886844121135,0.5793091690809773,22.57497319025677
333,BA47_70:30_Log_window2_ICA_90,Stacking Regressor,{'final_estimator': LinearSVR(random_state=42)},0.7072464331806311,0.7114790210888073,0.2789750530340546,0.8409794487266803,29.53794448951276
334,BA47_70:30_Log_window2_ICA_95,Stacking Regressor,{'final_estimator': GradientBoostingRegressor(random_state=42)},0.6991913111697374,0.7509717154062591,0.30134136213872,0.8361766028595499,30.72941130608709
335,BA47_70:30_Log_window2_ICA_90,Gradient Boosting Regressor,"{'n_estimators': 10, 'min_samples_split': 10, 'min_samples_leaf': 10, 'min_impurity_decrease': 2, 'max_leaf_nodes': 10, 'max_features': 'sqrt', 'max_depth': None, 'learning_rate': 0.05}",0.1928406964657006,0.3575661060119198,0.1463301794718236,0.4391363073872401,14.15944684640465
336,BA47_70:30_Log_window2_ICA_95,Gradient Boosting Regressor,"{'n_estimators': 10, 'min_samples_split': 2, 'min_samples_leaf': 5, 'min_impurity_decrease': 2, 'max_leaf_nodes': None, 'max_features': 'sqrt', 'max_depth': 15, 'learning_rate': 0.1}",0.2198269465285955,0.3930273208898996,0.159026503682759,0.4688570640702724,15.75661398245064
337,BA47_70:30_Log_window2_ICA_90,Random Forest Regressor,"{'n_estimators': 50, 'min_samples_split': 10, 'min_samples_leaf': 1, 'max_depth': 30}",0.6407644280901402,0.7267320493760376,0.2632302327139834,0.8004776249778255,30.84491233256771
338,BA47_70:30_Log_window2_ICA_95,Random Forest Regressor,"{'n_estimators': 50, 'min_samples_split': 10, 'min_samples_leaf': 1, 'max_depth': 30}",0.8693217373815388,0.8798480391533173,0.3322059642178516,0.9323742474894611,39.51663012708345
339,BA47_70:30_Log_window2_ICA_90,AdaBoostRegressor,"{'n_estimators': 50, 'loss': 'linear', 'learning_rate': 0.01}",0.4691686506486384,0.4281463907149257,0.1694427562145234,0.6849588678516677,19.1256238578681
340,BA47_70:30_Log_window2_ICA_95,AdaBoostRegressor,"{'n_estimators': 50, 'loss': 'exponential', 'learning_rate': 0.01}",0.2523168784814739,0.4181794627438089,0.1711675762779433,0.5023115352860951,17.01785406751094
341,BA47_70:30_Log_window2_ICA_90,BaggingRegressor,"{'n_estimators': 50, 'max_samples': 0.7000000000000001, 'max_features': 0.9}",0.5128947747996544,0.6583320748937641,0.2411227143576247,0.716166722767579,27.56560825276511
342,BA47_70:30_Log_window2_ICA_95,BaggingRegressor,"{'n_estimators': 160, 'max_samples': 0.7000000000000001, 'max_features': 0.8}",0.6508260534541394,0.7546004822788616,0.2864715781643608,0.8067379087746772,32.86578181797035
343,BA47_70:30_Log_window2_ICA_90,ExtraTreesRegressor,"{'n_estimators': 50, 'min_samples_split': 10, 'min_samples_leaf': 1, 'max_depth': 30}",3.032504587226529,1.653801570448082,0.6113176918868839,1.741408793829447,91.03847206865342
344,BA47_70:30_Log_window2_ICA_95,ExtraTreesRegressor,"{'n_estimators': 100, 'min_samples_split': 10, 'min_samples_leaf': 1, 'max_depth': 20}",4.275577075467424,1.969851078165147,0.7196446280363094,2.067746859619771,118.6072995917504
345,BA47_70:30_Log_window2_ICA_90,XGBoost Regressor,"{'subsample': 0.7, 'reg_lambda': 0.1, 'reg_alpha': 0.1, 'n_estimators': 100, 'min_child_weight': 1, 'max_depth': 9, 'learning_rate': 0.3, 'gamma': 0.3, 'colsample_bytree': 0.8}",5.017716497279014,2.147651385482959,0.8028543783757761,2.240026003705987,139.7471241570068
346,BA47_70:30_Log_window2_ICA_95,XGBoost Regressor,"{'subsample': 0.7, 'reg_lambda': 1.0, 'reg_alpha': 0.1, 'n_estimators': 200, 'min_child_weight': 5, 'max_depth': 6, 'learning_rate': 0.2, 'gamma': 0.1, 'colsample_bytree': 0.7}",1.279615805339884,0.97628173205093,0.3683686742077462,1.131201045499819,49.19097794003034
347,BA47_70:30_Log_window2_ICA_90,Multilayer Perceptron,"{'module__num_units': 10, 'module__activation_func': ReLU(), 'lr': 0.1}",0.1476894468069077,0.2688986361026764,0.1225423142313957,0.3843038469842679,10.69656983017921
348,BA47_70:30_Log_window2_ICA_95,Multilayer Perceptron,"{'module__num_units': 20, 'module__activation_func': Tanh(), 'lr': 0.1}",0.1451642215251923,0.2664324939250946,0.1229967027902603,0.3810042276998934,10.60477867722511
349,BA47_70:30_Log_window2_ICA_90,Long Short-Term Memory Network,"{'module__num_layers': 1, 'module__hidden_size': 75, 'max_epochs': 30, 'lr': 0.1, 'batch_size': 16}",0.04382182285189629,0.1755076050758362,0.0640600323677063,0.2093366256819295,6.343772262334824
350,BA47_70:30_Log_window2_ICA_95,Long Short-Term Memory Network,"{'module__num_layers': 1, 'module__hidden_size': 75, 'max_epochs': 30, 'lr': 0.1, 'batch_size': 16}",0.07029517740011215,0.2093479484319687,0.07942407578229904,0.2651323771252997,7.620305567979813
351,BA47_70:30_Log_window2_ICA_90,Convolutional neural network,{},0.4683235585689545,0.5389207601547241,0.2440349757671356,0.6843416972309626,19.23303008079529
352,BA47_70:30_Log_window2_ICA_95,Convolutional neural network,{},2.60690450668335,1.55822765827179,0.6293613910675049,1.614591126782056,45.69180905818939
353,BA47_80:20_Log_window2_ICA_90,Linear Regressor,{},8.485432290240653e-08,0.000267600361752287,9.704253187272208e-05,0.0002912976534447309,0.009704731649280934
354,BA47_80:20_Log_window2_ICA_95,Linear Regressor,{},6.542126206161126e-08,0.0002366269785558016,8.58107261251532e-05,0.0002557758042927658,0.008581447729605961
355,BA47_80:20_Log_window2_ICA_90,Support Vector Regressor,"{'kernel': 'rbf', 'gamma': 0.0001, 'C': 1}",0.07166922339076984,0.2203354196705581,0.07778631791974967,0.2677110819349282,8.014832459161294
356,BA47_80:20_Log_window2_ICA_95,Support Vector Regressor,"{'kernel': 'rbf', 'gamma': 0.0001, 'C': 1}",0.07166689448928622,0.2203428986859142,0.07778967755924585,0.2677067322449815,8.015115217130486
357,BA47_80:20_Log_window2_ICA_90,Decision Tree Regressor,"{'splitter': 'best', 'min_samples_split': 5, 'min_samples_leaf': 2, 'min_impurity_decrease': 1.0, 'max_leaf_nodes': 50, 'max_features': 'auto', 'max_depth': 32, 'criterion': 'mae', 'ccp_alpha': 1.0}",0.0672608414458546,0.2155105058152709,0.0765684654293943,0.2593469518730741,7.834417109646166
358,BA47_80:20_Log_window2_ICA_95,Decision Tree Regressor,"{'splitter': 'best', 'min_samples_split': 5, 'min_samples_leaf': 2, 'min_impurity_decrease': 1.0, 'max_leaf_nodes': 50, 'max_features': 'auto', 'max_depth': 32, 'criterion': 'mae', 'ccp_alpha': 1.0}",0.0672608414458546,0.2155105058152709,0.0765684654293943,0.2593469518730741,7.834417109646166
359,BA47_80:20_Log_window2_ICA_90,K-Neighbors Regressor,"{'weights': 'distance', 'n_neighbors': 3}",0.3240484886874189,0.4029840876249131,0.1439558032766491,0.569252570207126,16.77452101009835
360,BA47_80:20_Log_window2_ICA_95,K-Neighbors Regressor,"{'weights': 'distance', 'n_neighbors': 8}",0.1260411312007588,0.3201620623954459,0.11343287155456,0.3550227192740752,11.98953562916823
361,BA47_80:20_Log_window2_ICA_90,Stochastic Gradient Descent Regressor,"{'tol': 1e-05, 'power_t': 0.5, 'penalty': 'l1', 'max_iter': 3000, 'loss': 'squared_epsilon_insensitive', 'learning_rate': 'adaptive', 'l1_ratio': 1, 'fit_intercept': True, 'eta0': 0.1, 'alpha': 0.01}",0.06639747858404663,0.2151285276866355,0.07714507823956784,0.2576770819922615,8.142411052282148
362,BA47_80:20_Log_window2_ICA_95,Stochastic Gradient Descent Regressor,"{'tol': 1e-05, 'power_t': 0.5, 'penalty': 'l1', 'max_iter': 3000, 'loss': 'squared_epsilon_insensitive', 'learning_rate': 'adaptive', 'l1_ratio': 1, 'fit_intercept': True, 'eta0': 0.1, 'alpha': 0.01}",0.3561955119100291,0.4765276134986741,0.1772843426664136,0.59682117247131,16.57446021350125
363,BA47_80:20_Log_window2_ICA_90,Voting Regressor,"{'rf__n_estimators': 10, 'gb__n_estimators': 10}",0.6108859111137961,0.6767755808091669,0.248030042018259,0.7815919082960084,30.09432505555479
364,BA47_80:20_Log_window2_ICA_95,Voting Regressor,"{'rf__n_estimators': 10, 'gb__n_estimators': 10}",0.5139097509189239,0.6458826024880606,0.2334094771895467,0.7168749897429285,27.39170159073047
365,BA47_80:20_Log_window2_ICA_90,Stacking Regressor,{'final_estimator': LinearSVR(random_state=42)},2.659997035443864e-06,0.00150183200803716,0.0005376130613534933,0.00163094973418676,0.05374447323452976
366,BA47_80:20_Log_window2_ICA_95,Stacking Regressor,{'final_estimator': LinearSVR(random_state=42)},0.420940007055131,0.5809762839780959,0.2037229429224209,0.6487988956950613,23.23782228915638
367,BA47_80:20_Log_window2_ICA_90,Gradient Boosting Regressor,"{'n_estimators': 10, 'min_samples_split': 5, 'min_samples_leaf': 5, 'min_impurity_decrease': 1, 'max_leaf_nodes': 20, 'max_features': 'log2', 'max_depth': 10, 'learning_rate': 0.1}",0.4261884503691171,0.6139711887259193,0.2194310693711315,0.6528311040147499,25.04937848658173
368,BA47_80:20_Log_window2_ICA_95,Gradient Boosting Regressor,"{'n_estimators': 10, 'min_samples_split': 10, 'min_samples_leaf': 10, 'min_impurity_decrease': 2, 'max_leaf_nodes': 10, 'max_features': 'sqrt', 'max_depth': None, 'learning_rate': 0.05}",0.1641452518388201,0.3448051837274844,0.1192850280604337,0.4051484318602505,12.94897889468272
369,BA47_80:20_Log_window2_ICA_90,Random Forest Regressor,"{'n_estimators': 50, 'min_samples_split': 10, 'min_samples_leaf': 1, 'max_depth': 30}",1.425234890652336,1.129211561857197,0.4128200073701404,1.193832019445088,54.49095353730943
370,BA47_80:20_Log_window2_ICA_95,Random Forest Regressor,"{'n_estimators': 50, 'min_samples_split': 10, 'min_samples_leaf': 1, 'max_depth': 30}",1.796330914534241,1.251141325635457,0.4499393220299189,1.340272701555262,60.99287562293715
371,BA47_80:20_Log_window2_ICA_90,AdaBoostRegressor,"{'n_estimators': 400, 'loss': 'square', 'learning_rate': 1.0}",1.535358271793092,1.163646949563582,0.4200722959169348,1.239095747629331,55.445870405956
372,BA47_80:20_Log_window2_ICA_95,AdaBoostRegressor,"{'n_estimators': 50, 'loss': 'exponential', 'learning_rate': 0.01}",0.6967287593072483,0.649624429043306,0.2338817754354375,0.8347027969925872,29.31145300062958
373,BA47_80:20_Log_window2_ICA_90,BaggingRegressor,"{'n_estimators': 50, 'max_samples': 0.7000000000000001, 'max_features': 0.9}",1.525003789940498,1.189935311256316,0.4330911475647549,1.234910438023948,57.04670645937636
374,BA47_80:20_Log_window2_ICA_95,BaggingRegressor,"{'n_estimators': 50, 'max_samples': 0.7000000000000001, 'max_features': 0.9}",1.33306786614437,1.102692277266764,0.3974794280780203,1.154585581992244,51.01776550279561
375,BA47_80:20_Log_window2_ICA_90,ExtraTreesRegressor,"{'n_estimators': 50, 'min_samples_split': 10, 'min_samples_leaf': 1, 'max_depth': 30}",2.531893251342007,1.534041812688596,0.5504453957631416,1.591192399222045,78.39772017515882
376,BA47_80:20_Log_window2_ICA_95,ExtraTreesRegressor,"{'n_estimators': 100, 'min_samples_split': 10, 'min_samples_leaf': 1, 'max_depth': 20}",2.746923088515057,1.571780213293951,0.5603242361790914,1.65738441181129,81.6686335763179
377,BA47_80:20_Log_window2_ICA_90,XGBoost Regressor,"{'subsample': 1.0, 'reg_lambda': 0, 'reg_alpha': 1.0, 'n_estimators': 700, 'min_child_weight': 1, 'max_depth': 9, 'learning_rate': 0.01, 'gamma': 0.3, 'colsample_bytree': 0.8}",1.144971783824377,0.9780075685174017,0.3474235202912341,1.070033543317394,43.86579806774413
378,BA47_80:20_Log_window2_ICA_95,XGBoost Regressor,"{'subsample': 1.0, 'reg_lambda': 0, 'reg_alpha': 1.0, 'n_estimators': 700, 'min_child_weight': 1, 'max_depth': 9, 'learning_rate': 0.01, 'gamma': 0.3, 'colsample_bytree': 0.8}",0.7028819507798472,0.6798555195809703,0.2448619062404099,0.8383805524818948,30.72969510121753
379,BA47_80:20_Log_window2_ICA_90,Multilayer Perceptron,"{'module__num_units': 20, 'module__activation_func': Tanh(), 'lr': 0.1}",0.06545154750347137,0.2181891649961472,0.07893206179141998,0.2558350005442402,7.925622910261154
380,BA47_80:20_Log_window2_ICA_95,Multilayer Perceptron,"{'module__num_units': 20, 'module__activation_func': ReLU(), 'lr': 0.1}",0.05788585171103477,0.1893690377473831,0.06874347478151321,0.2405947873729495,6.872854381799698
381,BA47_80:20_Log_window2_ICA_90,Long Short-Term Memory Network,"{'module__num_layers': 1, 'module__hidden_size': 25, 'max_epochs': 20, 'lr': 0.1, 'batch_size': 16}",0.03083438985049725,0.1425838321447372,0.0493103601038456,0.175597237593583,4.965008795261383
382,BA47_80:20_Log_window2_ICA_95,Long Short-Term Memory Network,"{'module__num_layers': 1, 'module__hidden_size': 25, 'max_epochs': 20, 'lr': 0.1, 'batch_size': 16}",0.0890580341219902,0.2324785590171814,0.08393572270870209,0.2984259273622019,8.124686032533646
383,BA47_80:20_Log_window2_ICA_90,Convolutional neural network,{},1.050435304641724,0.9868987202644348,0.3667373657226562,1.024907461501634,30.49578368663788
384,BA47_80:20_Log_window2_ICA_95,Convolutional neural network,{},1.109849452972412,1.019325971603394,0.3778202533721924,1.05349392640509,31.31612837314606
385,BA47_80:20_MinMax_window2_KPCA_90,Linear Regressor,{},0.07347085936513183,0.1873070084610048,1.731563211598511,0.2710550854810362,35.00851047484371
386,BA47_80:20_MinMax_window2_KPCA_95,Linear Regressor,{},0.07674859398668618,0.1994954768039615,1.720205948599696,0.2770353659493426,36.89046412383939
387,BA47_80:20_MinMax_window2_KPCA_90,Support Vector Regressor,"{'kernel': 'rbf', 'gamma': 0.1, 'C': 1}",0.07755435820102008,0.2148817585059803,1.699097792914195,0.2784858312392572,39.61943938890983
388,BA47_80:20_MinMax_window2_KPCA_95,Support Vector Regressor,"{'kernel': 'rbf', 'gamma': 0.0001, 'C': 1}",0.07529817343790175,0.2106264075853851,1.671535171137625,0.2744051264789012,39.1047682683542
389,BA47_80:20_MinMax_window2_KPCA_90,Decision Tree Regressor,"{'splitter': 'best', 'min_samples_split': 5, 'min_samples_leaf': 4, 'min_impurity_decrease': 0.1, 'max_leaf_nodes': 90, 'max_features': None, 'max_depth': 26, 'criterion': 'mae', 'ccp_alpha': 0.0}",0.06859894567387627,0.2055512775088583,1.556526981460877,0.2619140043485195,38.85695434189066
390,BA47_80:20_MinMax_window2_KPCA_95,Decision Tree Regressor,"{'splitter': 'best', 'min_samples_split': 5, 'min_samples_leaf': 4, 'min_impurity_decrease': 0.1, 'max_leaf_nodes': 90, 'max_features': None, 'max_depth': 26, 'criterion': 'mae', 'ccp_alpha': 0.0}",0.06859894567387627,0.2055512775088583,1.556526981460877,0.2619140043485195,38.85695434189066
391,BA47_80:20_MinMax_window2_KPCA_90,K-Neighbors Regressor,"{'weights': 'uniform', 'n_neighbors': 1}",0.1072862040258837,0.2243841009731802,1.984296539102957,0.3275457281447641,38.47630820531662
392,BA47_80:20_MinMax_window2_KPCA_95,K-Neighbors Regressor,"{'weights': 'uniform', 'n_neighbors': 5}",0.07394691979843737,0.1939197537435555,1.688778300630782,0.2719318293220516,36.32449150486663
393,BA47_80:20_MinMax_window2_KPCA_90,Stochastic Gradient Descent Regressor,"{'tol': 1e-05, 'power_t': 0.75, 'penalty': 'elasticnet', 'max_iter': 3000, 'loss': 'huber', 'learning_rate': 'optimal', 'l1_ratio': 1, 'fit_intercept': False, 'eta0': 0.001, 'alpha': 0.01}",0.4193856260152439,0.5973340539100465,1.0,0.647599896552836,200.0
394,BA47_80:20_MinMax_window2_KPCA_95,Stochastic Gradient Descent Regressor,"{'tol': 0.001, 'power_t': 0.25, 'penalty': 'none', 'max_iter': 1000, 'loss': 'huber', 'learning_rate': 'adaptive', 'l1_ratio': 0.7, 'fit_intercept': True, 'eta0': 0.001, 'alpha': 0.01}",0.4014295826425991,0.5821098939100463,0.9455999238114763,0.6335847083402496,182.5663168470839
395,BA47_80:20_MinMax_window2_KPCA_90,Voting Regressor,"{'rf__n_estimators': 10, 'gb__n_estimators': 100}",0.0639483445549386,0.1818629096954293,1.67818509173812,0.2528800991674485,34.71458783540925
396,BA47_80:20_MinMax_window2_KPCA_95,Voting Regressor,"{'rf__n_estimators': 50, 'gb__n_estimators': 100}",0.06582541698259572,0.1803504460545791,1.659883799607112,0.2565646448414039,34.28516299748406
397,BA47_80:20_MinMax_window2_KPCA_90,Stacking Regressor,{'final_estimator': LinearRegression()},0.08661827113299096,0.2314443740638806,1.652725893552004,0.2943098216726567,41.95710272731181
398,BA47_80:20_MinMax_window2_KPCA_95,Stacking Regressor,{'final_estimator': LinearSVR(random_state=42)},0.06903866638563413,0.1912663279926538,1.696864697340457,0.2627521006302978,36.1329232515127
399,BA47_80:20_MinMax_window2_KPCA_90,Gradient Boosting Regressor,"{'n_estimators': 50, 'min_samples_split': 2, 'min_samples_leaf': 2, 'min_impurity_decrease': 0, 'max_leaf_nodes': 15, 'max_features': 'log2', 'max_depth': 20, 'learning_rate': 0.05}",0.05797641788549469,0.1804272740547482,1.55977369335243,0.2407829268978486,35.14917000016246
400,BA47_80:20_MinMax_window2_KPCA_95,Gradient Boosting Regressor,"{'n_estimators': 200, 'min_samples_split': 2, 'min_samples_leaf': 10, 'min_impurity_decrease': 0, 'max_leaf_nodes': 5, 'max_features': 'log2', 'max_depth': 30, 'learning_rate': 0.1}",0.0610669912717938,0.1814967007860476,1.498058112949713,0.2471173633555396,34.63866459474914
401,BA47_80:20_MinMax_window2_KPCA_90,Random Forest Regressor,"{'n_estimators': 10, 'min_samples_split': 2, 'min_samples_leaf': 2, 'max_depth': None}",0.06394797222681163,0.1825583254669642,1.68226506619422,0.2528793629911536,34.70060072743772
402,BA47_80:20_MinMax_window2_KPCA_95,Random Forest Regressor,"{'n_estimators': 100, 'min_samples_split': 10, 'min_samples_leaf': 1, 'max_depth': 20}",0.06508571936978888,0.184003931571311,1.644261100367518,0.2551190298072429,35.27176521783301
403,BA47_80:20_MinMax_window2_KPCA_90,AdaBoostRegressor,"{'n_estimators': 50, 'loss': 'linear', 'learning_rate': 0.01}",0.0638572053643256,0.1884862865863103,1.658059730927802,0.2526998325371934,35.75240493942103
404,BA47_80:20_MinMax_window2_KPCA_95,AdaBoostRegressor,"{'n_estimators': 250, 'loss': 'linear', 'learning_rate': 0.1}",0.0651122685764818,0.1786490165947659,1.688268465538298,0.2551710574819993,33.38285363742666
405,BA47_80:20_MinMax_window2_KPCA_90,BaggingRegressor,"{'n_estimators': 160, 'max_samples': 0.7000000000000001, 'max_features': 0.8}",0.06334285405652619,0.1852014897764751,1.649102734042082,0.2516800628904208,35.49456084499937
406,BA47_80:20_MinMax_window2_KPCA_95,BaggingRegressor,"{'n_estimators': 60, 'max_samples': 0.6, 'max_features': 0.5}",0.06390768130861585,0.1838579131990641,1.627232540407302,0.2527996861323523,35.36275902724515
407,BA47_80:20_MinMax_window2_KPCA_90,ExtraTreesRegressor,"{'n_estimators': 10, 'min_samples_split': 2, 'min_samples_leaf': 2, 'max_depth': None}",0.06427655854327702,0.1844032047090937,1.610276337592177,0.2535282204080583,35.3059366250888
408,BA47_80:20_MinMax_window2_KPCA_95,ExtraTreesRegressor,"{'n_estimators': 10, 'min_samples_split': 2, 'min_samples_leaf': 2, 'max_depth': None}",0.08150716183389232,0.2077468585989598,1.81366294459931,0.2854945916018241,37.92404241618038
409,BA47_80:20_MinMax_window2_KPCA_90,XGBoost Regressor,"{'subsample': 1.0, 'reg_lambda': 0, 'reg_alpha': 1.0, 'n_estimators': 700, 'min_child_weight': 1, 'max_depth': 9, 'learning_rate': 0.01, 'gamma': 0.3, 'colsample_bytree': 0.8}",0.07484681951638376,0.2134170232314372,1.644640430905179,0.2735814677868071,39.618228844836
410,BA47_80:20_MinMax_window2_KPCA_95,XGBoost Regressor,"{'subsample': 1.0, 'reg_lambda': 0, 'reg_alpha': 1.0, 'n_estimators': 700, 'min_child_weight': 1, 'max_depth': 9, 'learning_rate': 0.01, 'gamma': 0.3, 'colsample_bytree': 0.8}",0.07484681951638376,0.2134170232314372,1.644640430905179,0.2735814677868071,39.618228844836
411,BA47_80:20_MinMax_window2_KPCA_90,Multilayer Perceptron,"{'module__num_units': 10, 'module__activation_func': ReLU(), 'lr': 0.1}",0.08353208005428314,0.2047354280948639,1.798954367637634,0.2890191690083603,37.46821284294128
412,BA47_80:20_MinMax_window2_KPCA_95,Multilayer Perceptron,"{'module__num_units': 10, 'module__activation_func': ReLU(), 'lr': 0.1}",0.07064189016819,0.20124252140522,1.530732870101929,0.2657854212860254,38.54950070381165
413,BA47_80:20_MinMax_window2_KPCA_90,Long Short-Term Memory Network,"{'module__num_layers': 1, 'module__hidden_size': 25, 'max_epochs': 20, 'lr': 0.1, 'batch_size': 16}",0.05946274846792221,0.1737502813339233,0.7749665975570679,0.2438498482015566,31.47228360176086
414,BA47_80:20_MinMax_window2_KPCA_95,Long Short-Term Memory Network,"{'module__num_layers': 1, 'module__hidden_size': 75, 'max_epochs': 30, 'lr': 0.1, 'batch_size': 16}",0.07934296131134033,0.2120840698480606,0.9096825122833252,0.2816788265229396,36.13471388816833
415,BA47_80:20_MinMax_window2_KPCA_90,Convolutional neural network,{},0.1326272934675217,0.3110083341598511,1.079946160316467,0.3641803035139622,67.67618656158447
416,BA47_80:20_MinMax_window2_KPCA_95,Convolutional neural network,{},0.1018027886748314,0.2644627094268799,1.433039784431458,0.3190654927672866,52.0896852016449
417,BA47_70:30_MinMax_window2_KPCA_90,Linear Regressor,{},0.06142416231533394,0.1474922018344862,1.811626204852467,0.2478389846560342,29.17564837127721
418,BA47_70:30_MinMax_window2_KPCA_95,Linear Regressor,{},0.05488106101601387,0.1341774375397881,1.757125901183277,0.2342670719841222,27.17247340470155
419,BA47_70:30_MinMax_window2_KPCA_90,Support Vector Regressor,"{'kernel': 'linear', 'gamma': 1, 'C': 100}",0.068034081996007,0.1510346352538135,1.911934340231288,0.2608334372660204,28.99310064400609
420,BA47_70:30_MinMax_window2_KPCA_95,Support Vector Regressor,"{'kernel': 'rbf', 'gamma': 0.0001, 'C': 1}",0.05844030624791088,0.1510344896520399,1.790933970661559,0.2417442993079896,29.97724279792962
421,BA47_70:30_MinMax_window2_KPCA_90,Decision Tree Regressor,"{'splitter': 'best', 'min_samples_split': 10, 'min_samples_leaf': 2, 'min_impurity_decrease': 0.01, 'max_leaf_nodes': 20, 'max_features': None, 'max_depth': 14, 'criterion': 'friedman_mse', 'ccp_alpha': 0.0}",0.05986187363128842,0.1511563789635068,1.702263679144231,0.2446668625525092,30.16683562275372
422,BA47_70:30_MinMax_window2_KPCA_95,Decision Tree Regressor,"{'splitter': 'best', 'min_samples_split': 10, 'min_samples_leaf': 2, 'min_impurity_decrease': 0.01, 'max_leaf_nodes': 20, 'max_features': None, 'max_depth': 14, 'criterion': 'friedman_mse', 'ccp_alpha': 0.0}",0.06230538375834057,0.1571840546752714,1.783102039701544,0.2496104640401531,31.52625265009917
423,BA47_70:30_MinMax_window2_KPCA_90,K-Neighbors Regressor,"{'weights': 'uniform', 'n_neighbors': 1}",0.08544994089546888,0.1815287781052049,2.055870459574878,0.2923182185486715,32.84966114609201
424,BA47_70:30_MinMax_window2_KPCA_95,K-Neighbors Regressor,"{'weights': 'distance', 'n_neighbors': 2}",0.07317622293123764,0.1570778823977455,2.004596222824576,0.2705110403130298,29.1397199226518
425,BA47_70:30_MinMax_window2_KPCA_90,Stochastic Gradient Descent Regressor,"{'tol': 0.001, 'power_t': 0.25, 'penalty': 'none', 'max_iter': 1000, 'loss': 'huber', 'learning_rate': 'adaptive', 'l1_ratio': 0.7, 'fit_intercept': True, 'eta0': 0.001, 'alpha': 0.01}",4811.977110532675,59.10480237912292,215.3769136619649,69.36841579950256,195.0635171818143
426,BA47_70:30_MinMax_window2_KPCA_95,Stochastic Gradient Descent Regressor,"{'tol': 0.0001, 'power_t': 0.5, 'penalty': 'l1', 'max_iter': 1000, 'loss': 'squared_loss', 'learning_rate': 'adaptive', 'l1_ratio': 0.15, 'fit_intercept': True, 'eta0': 0.001, 'alpha': 0.001}",0.04990420005153796,0.1690775027505986,1.485266414210569,0.2233924798455355,35.34918024308288
427,BA47_70:30_MinMax_window2_KPCA_90,Voting Regressor,"{'rf__n_estimators': 100, 'gb__n_estimators': 200}",0.05875893694658847,0.1439483066855573,1.744184994429826,0.2424024276829514,28.89721378801746
428,BA47_70:30_MinMax_window2_KPCA_95,Voting Regressor,"{'rf__n_estimators': 10, 'gb__n_estimators': 100}",0.05150559097037748,0.1328360156067146,1.696739226084389,0.2269484324034372,27.51801391306804
429,BA47_70:30_MinMax_window2_KPCA_90,Stacking Regressor,{'final_estimator': LinearSVR(random_state=42)},0.07141239674948648,0.2078962263218503,1.779868866485101,0.2672309801454286,38.79768545019154
430,BA47_70:30_MinMax_window2_KPCA_95,Stacking Regressor,{'final_estimator': LinearSVR(random_state=42)},0.0517193160318467,0.1475482695762911,1.619355328431665,0.2274188119568095,29.75672458724433
431,BA47_70:30_MinMax_window2_KPCA_90,Gradient Boosting Regressor,"{'n_estimators': 100, 'min_samples_split': 2, 'min_samples_leaf': 2, 'min_impurity_decrease': 0, 'max_leaf_nodes': 20, 'max_features': 'sqrt', 'max_depth': 30, 'learning_rate': 0.5}",0.06040546767981018,0.1498525184104369,1.738456602316669,0.2457752381339711,29.95028822268114
432,BA47_70:30_MinMax_window2_KPCA_95,Gradient Boosting Regressor,"{'n_estimators': 200, 'min_samples_split': 2, 'min_samples_leaf': 10, 'min_impurity_decrease': 0, 'max_leaf_nodes': 5, 'max_features': 'log2', 'max_depth': 30, 'learning_rate': 0.1}",0.0522919344642284,0.1409518231558241,1.621458674251756,0.2286742977779278,28.21854963778195
433,BA47_70:30_MinMax_window2_KPCA_90,Random Forest Regressor,"{'n_estimators': 100, 'min_samples_split': 5, 'min_samples_leaf': 2, 'max_depth': None}",0.06126612685079309,0.1516692536732945,1.743782951037936,0.2475199524296841,30.18733607170753
434,BA47_70:30_MinMax_window2_KPCA_95,Random Forest Regressor,"{'n_estimators': 10, 'min_samples_split': 2, 'min_samples_leaf': 2, 'max_depth': None}",0.05591471269370035,0.144934167687288,1.729100893909046,0.2364629203357269,29.49195107964502
435,BA47_70:30_MinMax_window2_KPCA_90,AdaBoostRegressor,"{'n_estimators': 50, 'loss': 'exponential', 'learning_rate': 0.01}",0.06168922774085418,0.1503224903418071,1.745984734927553,0.2483731622797725,29.74293646290957
436,BA47_70:30_MinMax_window2_KPCA_95,AdaBoostRegressor,"{'n_estimators': 50, 'loss': 'linear', 'learning_rate': 0.01}",0.05972781141353589,0.1425583741495486,1.782300664079466,0.2443927400998972,28.62267920634553
437,BA47_70:30_MinMax_window2_KPCA_90,BaggingRegressor,"{'n_estimators': 160, 'max_samples': 0.7000000000000001, 'max_features': 0.8}",0.06351862715107828,0.1554002650824181,1.835417040819106,0.2520290204541498,30.65368130076037
438,BA47_70:30_MinMax_window2_KPCA_95,BaggingRegressor,"{'n_estimators': 50, 'max_samples': 0.7000000000000001, 'max_features': 0.9}",0.05814379585714365,0.1487838799776682,1.75405815609651,0.2411302466658707,29.80411056442372
439,BA47_70:30_MinMax_window2_KPCA_90,ExtraTreesRegressor,"{'n_estimators': 100, 'min_samples_split': 5, 'min_samples_leaf': 2, 'max_depth': None}",0.0686866692292149,0.1607042935165695,1.931652424665708,0.2620814171764471,30.91637351951026
440,BA47_70:30_MinMax_window2_KPCA_95,ExtraTreesRegressor,"{'n_estimators': 200, 'min_samples_split': 5, 'min_samples_leaf': 2, 'max_depth': None}",0.06325813188272246,0.1506800163199105,1.871781032382183,0.251511693331985,29.48975870534996
441,BA47_70:30_MinMax_window2_KPCA_90,XGBoost Regressor,"{'subsample': 0.9, 'reg_lambda': 1.0, 'reg_alpha': 0, 'n_estimators': 100, 'min_child_weight': 5, 'max_depth': 3, 'learning_rate': 0.1, 'gamma': 0.2, 'colsample_bytree': 1.0}",0.05692547314024313,0.1591915327978086,1.647364282666746,0.2385905973424836,31.55766289590066
442,BA47_70:30_MinMax_window2_KPCA_95,XGBoost Regressor,"{'subsample': 0.7, 'reg_lambda': 1.0, 'reg_alpha': 0.1, 'n_estimators': 200, 'min_child_weight': 5, 'max_depth': 6, 'learning_rate': 0.2, 'gamma': 0.1, 'colsample_bytree': 0.7}",0.05083991687755052,0.1455042699550831,1.599666454997916,0.2254770872562233,29.79174019936112
443,BA47_70:30_MinMax_window2_KPCA_90,Multilayer Perceptron,"{'module__num_units': 20, 'module__activation_func': Tanh(), 'lr': 0.1}",0.07193229347467422,0.1800070405006409,1.920450687408447,0.2682019639649834,38.13603818416595
444,BA47_70:30_MinMax_window2_KPCA_95,Multilayer Perceptron,"{'module__num_units': 10, 'module__activation_func': ReLU(), 'lr': 0.1}",0.09061838686466217,0.2368216067552567,1.737109661102295,0.3010288804494715,42.42255389690399
445,BA47_70:30_MinMax_window2_KPCA_90,Long Short-Term Memory Network,"{'module__num_layers': 1, 'module__hidden_size': 25, 'max_epochs': 20, 'lr': 0.1, 'batch_size': 16}",0.042178925126791,0.1315242648124695,0.6070029735565186,0.2053750839970394,25.40335953235626
446,BA47_70:30_MinMax_window2_KPCA_95,Long Short-Term Memory Network,"{'module__num_layers': 1, 'module__hidden_size': 25, 'max_epochs': 20, 'lr': 0.1, 'batch_size': 16}",0.08612826466560364,0.2056093066930771,0.9229590892791748,0.2934761739317242,36.14147007465363
447,BA47_70:30_MinMax_window2_KPCA_90,Convolutional neural network,{},26142.267578125,117.3166656494141,449.9990844726562,161.6857061651555,196.5950727462769
448,BA47_70:30_MinMax_window2_KPCA_95,Convolutional neural network,{},0.1565725803375244,0.3360943794250488,1.752225518226624,0.3956925325774097,72.78333306312561
449,BA47_60:40_MinMax_window2_KPCA_90,Linear Regressor,{},0.0564146775842053,0.1537440184691979,1.722075760216315,0.2375177416198742,30.54932766549613
450,BA47_60:40_MinMax_window2_KPCA_95,Linear Regressor,{},0.05177125259518384,0.1437549772769163,1.648687224979777,0.2275329703475605,28.97545627888178
451,BA47_60:40_MinMax_window2_KPCA_90,Support Vector Regressor,"{'kernel': 'rbf', 'gamma': 0.0001, 'C': 100}",0.05862924273005395,0.1565483564764036,1.754941924576143,0.2421347615070045,29.8705352278341
452,BA47_60:40_MinMax_window2_KPCA_95,Support Vector Regressor,"{'kernel': 'linear', 'gamma': 1, 'C': 100}",0.05833623193038769,0.1552476342736622,1.695777486278822,0.2415289463612751,30.3137224845293
453,BA47_60:40_MinMax_window2_KPCA_90,Decision Tree Regressor,"{'splitter': 'best', 'min_samples_split': 10, 'min_samples_leaf': 2, 'min_impurity_decrease': 0.01, 'max_leaf_nodes': 20, 'max_features': None, 'max_depth': 14, 'criterion': 'friedman_mse', 'ccp_alpha': 0.0}",0.09523579057937015,0.1860972853777647,2.072632686313288,0.3086029659276951,31.71909051771148
454,BA47_60:40_MinMax_window2_KPCA_95,Decision Tree Regressor,"{'splitter': 'random', 'min_samples_split': 5, 'min_samples_leaf': 4, 'min_impurity_decrease': 0.01, 'max_leaf_nodes': 70, 'max_features': 'log2', 'max_depth': 16, 'criterion': 'friedman_mse', 'ccp_alpha': 0.0}",0.1103032197029432,0.2389141386875211,2.109518864994992,0.3321192853523313,39.73773633687732
455,BA47_60:40_MinMax_window2_KPCA_90,K-Neighbors Regressor,"{'weights': 'distance', 'n_neighbors': 3}",0.07476559611111913,0.162964737659828,1.967657150711945,0.2734329828515922,30.23779349008944
456,BA47_60:40_MinMax_window2_KPCA_95,K-Neighbors Regressor,"{'weights': 'distance', 'n_neighbors': 3}",0.07636883852457475,0.167872624231166,1.890448541797102,0.2763491243419721,30.81430956981481
457,BA47_60:40_MinMax_window2_KPCA_90,Stochastic Gradient Descent Regressor,"{'tol': 1e-05, 'power_t': 0.5, 'penalty': 'l2', 'max_iter': 3000, 'loss': 'squared_epsilon_insensitive', 'learning_rate': 'adaptive', 'l1_ratio': 1, 'fit_intercept': False, 'eta0': 0.1, 'alpha': 1}",0.3858900725342742,0.5907627481667352,1.176503833387134,0.6212005091226779,164.1752082151972
458,BA47_60:40_MinMax_window2_KPCA_95,Stochastic Gradient Descent Regressor,"{'tol': 0.001, 'power_t': 0.25, 'penalty': 'none', 'max_iter': 1000, 'loss': 'huber', 'learning_rate': 'adaptive', 'l1_ratio': 0.7, 'fit_intercept': True, 'eta0': 0.001, 'alpha': 0.01}",0.6842141170941715,0.6318760185563018,2.002592956433329,0.8271723623853564,118.1620012892488
459,BA47_60:40_MinMax_window2_KPCA_90,Voting Regressor,"{'rf__n_estimators': 10, 'gb__n_estimators': 100}",0.06793386078949569,0.1578727905449588,1.891045414757624,0.2606412492095134,29.66690080427335
460,BA47_60:40_MinMax_window2_KPCA_95,Voting Regressor,"{'rf__n_estimators': 200, 'gb__n_estimators': 200}",0.06086952849830088,0.1568575242792306,1.843602554716531,0.2467175074823448,29.59838353547681
461,BA47_60:40_MinMax_window2_KPCA_90,Stacking Regressor,{'final_estimator': LinearSVR(random_state=42)},0.1376362335506021,0.2923245148911115,2.295308908739947,0.3709935761581352,54.44531025587705
462,BA47_60:40_MinMax_window2_KPCA_95,Stacking Regressor,{'final_estimator': LinearSVR(random_state=42)},0.09343309687699247,0.2191591934498373,2.144911087464965,0.3056682791474975,37.83601128963102
463,BA47_60:40_MinMax_window2_KPCA_90,Gradient Boosting Regressor,"{'n_estimators': 50, 'min_samples_split': 2, 'min_samples_leaf': 2, 'min_impurity_decrease': 0, 'max_leaf_nodes': 15, 'max_features': 'log2', 'max_depth': 20, 'learning_rate': 0.05}",0.07751963863379478,0.1774720338094835,1.928008204018915,0.2784234879348271,32.34688094694344
464,BA47_60:40_MinMax_window2_KPCA_95,Gradient Boosting Regressor,"{'n_estimators': 200, 'min_samples_split': 2, 'min_samples_leaf': 10, 'min_impurity_decrease': 0, 'max_leaf_nodes': 5, 'max_features': 'log2', 'max_depth': 30, 'learning_rate': 0.1}",0.06702215896856227,0.1901115437033807,1.855386564203267,0.2588863823544264,34.45669340884078
465,BA47_60:40_MinMax_window2_KPCA_90,Random Forest Regressor,"{'n_estimators': 10, 'min_samples_split': 2, 'min_samples_leaf': 2, 'max_depth': None}",0.08040994066183411,0.1756572370840546,1.979075882828865,0.2835664660389767,31.52801548739206
466,BA47_60:40_MinMax_window2_KPCA_95,Random Forest Regressor,"{'n_estimators': 10, 'min_samples_split': 2, 'min_samples_leaf': 4, 'max_depth': 30}",0.06657961396670804,0.1636255492181425,1.934948792823118,0.2580302578511056,30.29314151464481
467,BA47_60:40_MinMax_window2_KPCA_90,AdaBoostRegressor,"{'n_estimators': 100, 'loss': 'square', 'learning_rate': 0.01}",0.08170894260612648,0.1716470662732936,2.027640872298527,0.2858477612403611,30.54424714787361
468,BA47_60:40_MinMax_window2_KPCA_95,AdaBoostRegressor,"{'n_estimators': 50, 'loss': 'linear', 'learning_rate': 0.01}",0.07550311967313839,0.1765205484154441,2.018920476856785,0.2747783100485524,31.22903195775805
469,BA47_60:40_MinMax_window2_KPCA_90,BaggingRegressor,"{'n_estimators': 160, 'max_samples': 0.7000000000000001, 'max_features': 0.8}",0.07240628579969882,0.1679230045993181,1.884180244630162,0.2690841611832603,31.28452638596005
470,BA47_60:40_MinMax_window2_KPCA_95,BaggingRegressor,"{'n_estimators': 50, 'max_samples': 0.7000000000000001, 'max_features': 0.9}",0.06463122267340551,0.1626923136047328,1.885550635539923,0.2542267151056425,30.44984418875198
471,BA47_60:40_MinMax_window2_KPCA_90,ExtraTreesRegressor,"{'n_estimators': 10, 'min_samples_split': 2, 'min_samples_leaf': 2, 'max_depth': None}",0.0644573101446961,0.1528431844995163,1.790644468532401,0.2538844425022851,29.2711368992816
472,BA47_60:40_MinMax_window2_KPCA_95,ExtraTreesRegressor,"{'n_estimators': 10, 'min_samples_split': 2, 'min_samples_leaf': 2, 'max_depth': None}",0.05955502712299934,0.1541742769183428,1.82462408120713,0.2440389868914378,29.5010208559041
473,BA47_60:40_MinMax_window2_KPCA_90,XGBoost Regressor,"{'subsample': 0.9, 'reg_lambda': 1.0, 'reg_alpha': 0, 'n_estimators': 100, 'min_child_weight': 5, 'max_depth': 3, 'learning_rate': 0.1, 'gamma': 0.2, 'colsample_bytree': 1.0}",0.06477210030757304,0.1713811898496335,1.757976072222,0.254503635155911,32.12915789503808
474,BA47_60:40_MinMax_window2_KPCA_95,XGBoost Regressor,"{'subsample': 0.9, 'reg_lambda': 1.0, 'reg_alpha': 0, 'n_estimators': 100, 'min_child_weight': 5, 'max_depth': 3, 'learning_rate': 0.1, 'gamma': 0.2, 'colsample_bytree': 1.0}",0.05827404846741133,0.163183969490677,1.756983062863264,0.2414001832381478,31.19546928112744
475,BA47_60:40_MinMax_window2_KPCA_90,Multilayer Perceptron,"{'module__num_units': 10, 'module__activation_func': Tanh(), 'lr': 0.02}",0.131727933883667,0.2765156328678131,1.781091213226318,0.3629434306936372,73.32971692085266
476,BA47_60:40_MinMax_window2_KPCA_95,Multilayer Perceptron,"{'module__num_units': 20, 'module__activation_func': Tanh(), 'lr': 0.1}",0.07558894902467728,0.190380796790123,1.882597327232361,0.2749344449585706,37.67248094081879
477,BA47_60:40_MinMax_window2_KPCA_90,Long Short-Term Memory Network,"{'module__num_layers': 1, 'module__hidden_size': 75, 'max_epochs': 10, 'lr': 0.1, 'batch_size': 32}",0.1010844185948372,0.2444630563259125,0.7188448905944824,0.3179377589951171,37.90042698383331
478,BA47_60:40_MinMax_window2_KPCA_95,Long Short-Term Memory Network,"{'module__num_layers': 1, 'module__hidden_size': 25, 'max_epochs': 20, 'lr': 0.1, 'batch_size': 16}",0.04947294667363167,0.166869729757309,0.5056617856025696,0.2224251484738892,27.57470905780792
479,BA47_60:40_MinMax_window2_KPCA_90,Convolutional neural network,{},0.3393316268920898,0.452280193567276,2.28300929069519,0.5825217823327209,64.43440318107605
480,BA47_60:40_MinMax_window2_KPCA_95,Convolutional neural network,{},2.865679025650024,1.115336418151855,3.933254957199097,1.69283165898149,95.26330232620239
481,BA47_80:20_Log_window2_KPCA_90,Linear Regressor,{},0.6683148393627507,0.3556318506139435,0.6231505753478798,0.8175052534159953,17.88305238096145
482,BA47_80:20_Log_window2_KPCA_95,Linear Regressor,{},0.6708740038473108,0.3549047157999201,0.623648199135455,0.8190689860123571,17.83789245572382
483,BA47_80:20_Log_window2_KPCA_90,Support Vector Regressor,"{'kernel': 'rbf', 'gamma': 0.01, 'C': 1000}",0.6822585239294887,0.4436650906492403,0.634366332226745,0.8259894211970809,21.28029637612223
484,BA47_80:20_Log_window2_KPCA_95,Support Vector Regressor,"{'kernel': 'rbf', 'gamma': 0.1, 'C': 1}",0.6807549652753244,0.46677419043016,0.6407810842866342,0.8250787630737592,22.18645962022702
485,BA47_80:20_Log_window2_KPCA_90,Decision Tree Regressor,"{'splitter': 'best', 'min_samples_split': 10, 'min_samples_leaf': 2, 'min_impurity_decrease': 0.01, 'max_leaf_nodes': 20, 'max_features': None, 'max_depth': 14, 'criterion': 'friedman_mse', 'ccp_alpha': 0.0}",0.7489022261507635,0.3833229294343239,0.6568337742657995,0.8653913716641526,18.57168043920147
486,BA47_80:20_Log_window2_KPCA_95,Decision Tree Regressor,"{'splitter': 'best', 'min_samples_split': 10, 'min_samples_leaf': 2, 'min_impurity_decrease': 0.01, 'max_leaf_nodes': 20, 'max_features': None, 'max_depth': 14, 'criterion': 'friedman_mse', 'ccp_alpha': 0.0}",0.7489022261507635,0.3833229294343239,0.6568337742657995,0.8653913716641526,18.57168043920147
487,BA47_80:20_Log_window2_KPCA_90,K-Neighbors Regressor,"{'weights': 'uniform', 'n_neighbors': 5}",0.6842199558470137,0.4450260202012598,0.633821930388011,0.8271758917225608,21.35180322821466
488,BA47_80:20_Log_window2_KPCA_95,K-Neighbors Regressor,"{'weights': 'uniform', 'n_neighbors': 5}",0.6833247539532057,0.4444767618181548,0.6334911958441352,0.8266345951829053,21.33371087452977
489,BA47_80:20_Log_window2_KPCA_90,Stochastic Gradient Descent Regressor,"{'tol': 1e-05, 'power_t': 0.75, 'penalty': 'elasticnet', 'max_iter': 3000, 'loss': 'huber', 'learning_rate': 'optimal', 'l1_ratio': 1, 'fit_intercept': False, 'eta0': 0.001, 'alpha': 0.01}",6.58905079044966,2.485701849945823,1.0,2.566914644169077,200.0
490,BA47_80:20_Log_window2_KPCA_95,Stochastic Gradient Descent Regressor,"{'tol': 0.0001, 'power_t': 0.25, 'penalty': 'elasticnet', 'max_iter': 2000, 'loss': 'huber', 'learning_rate': 'optimal', 'l1_ratio': 0.15, 'fit_intercept': False, 'eta0': 0.01, 'alpha': 0.01}",125.1503507125685,9.510532986507542,4.852911560285423,11.18706175510659,131.081905681019
491,BA47_80:20_Log_window2_KPCA_90,Voting Regressor,"{'rf__n_estimators': 10, 'gb__n_estimators': 100}",0.6921214701859825,0.3500154299142766,0.6329342017229926,0.8319383812434563,17.58252245065339
492,BA47_80:20_Log_window2_KPCA_95,Voting Regressor,"{'rf__n_estimators': 200, 'gb__n_estimators': 200}",0.6922554618278408,0.3454808743209007,0.6305210767944724,0.8320189071336305,17.39294546484261
493,BA47_80:20_Log_window2_KPCA_90,Stacking Regressor,{'final_estimator': LinearSVR(random_state=42)},0.6906441201791294,0.3609369121176673,0.6336571896751175,0.8310500106366219,17.99960982662148
494,BA47_80:20_Log_window2_KPCA_95,Stacking Regressor,{'final_estimator': RandomForestRegressor(random_state=42)},0.698255079162602,0.3970122151335735,0.6424135825832566,0.8356165862179867,19.45388007140282
495,BA47_80:20_Log_window2_KPCA_90,Gradient Boosting Regressor,"{'n_estimators': 50, 'min_samples_split': 2, 'min_samples_leaf': 2, 'min_impurity_decrease': 0, 'max_leaf_nodes': 15, 'max_features': 'log2', 'max_depth': 20, 'learning_rate': 0.05}",0.6859390876560771,0.3949175410194076,0.6227762815721178,0.828214397155759,19.39940361201235
496,BA47_80:20_Log_window2_KPCA_95,Gradient Boosting Regressor,"{'n_estimators': 50, 'min_samples_split': 2, 'min_samples_leaf': 2, 'min_impurity_decrease': 0, 'max_leaf_nodes': 15, 'max_features': 'log2', 'max_depth': 20, 'learning_rate': 0.05}",0.683554553023049,0.3834877520575912,0.6220029317389588,0.8267735802643,18.94783663152832
497,BA47_80:20_Log_window2_KPCA_90,Random Forest Regressor,"{'n_estimators': 10, 'min_samples_split': 2, 'min_samples_leaf': 2, 'max_depth': None}",0.7051321815036924,0.3586244712360528,0.6401290500119273,0.8397214904381645,17.89304733189339
498,BA47_80:20_Log_window2_KPCA_95,Random Forest Regressor,"{'n_estimators': 200, 'min_samples_split': 5, 'min_samples_leaf': 2, 'max_depth': None}",0.7022911417240845,0.3492693154576142,0.636329412348012,0.8380281270483017,17.51787010502389
499,BA47_80:20_Log_window2_KPCA_90,AdaBoostRegressor,"{'n_estimators': 50, 'loss': 'linear', 'learning_rate': 0.01}",0.7123389315650708,0.3564793118050723,0.6452162609817526,0.8440017367073783,17.70095166835321
500,BA47_80:20_Log_window2_KPCA_95,AdaBoostRegressor,"{'n_estimators': 50, 'loss': 'linear', 'learning_rate': 0.01}",0.7157594293339762,0.3583103371721685,0.6463998773074849,0.846025667065708,17.75367990925735
501,BA47_80:20_Log_window2_KPCA_90,BaggingRegressor,"{'n_estimators': 30, 'max_samples': 0.9, 'max_features': 0.7000000000000001}",0.6987828070786379,0.3895827514733176,0.6358299219125045,0.8359322981430003,19.13992680787521
502,BA47_80:20_Log_window2_KPCA_95,BaggingRegressor,"{'n_estimators': 130, 'max_samples': 0.8, 'max_features': 0.6}",0.6875521683263592,0.3869652387854607,0.6317989340928857,0.8291876556765418,19.08887844107318
503,BA47_80:20_Log_window2_KPCA_90,ExtraTreesRegressor,"{'n_estimators': 10, 'min_samples_split': 2, 'min_samples_leaf': 2, 'max_depth': None}",0.7082615591762638,0.3663592748359637,0.6349316211662377,0.8415827702467914,18.13767217824562
504,BA47_80:20_Log_window2_KPCA_95,ExtraTreesRegressor,"{'n_estimators': 100, 'min_samples_split': 5, 'min_samples_leaf': 2, 'max_depth': None}",0.7035099314574366,0.3500769474450102,0.6363292668589097,0.8387549889314737,17.54722499781937
505,BA47_80:20_Log_window2_KPCA_90,XGBoost Regressor,"{'subsample': 0.7, 'reg_lambda': 1.0, 'reg_alpha': 0.1, 'n_estimators': 200, 'min_child_weight': 5, 'max_depth': 6, 'learning_rate': 0.2, 'gamma': 0.1, 'colsample_bytree': 0.7}",0.6701166026516419,0.3700900042554964,0.6280550073787261,0.8186065004943718,18.45698402398672
506,BA47_80:20_Log_window2_KPCA_95,XGBoost Regressor,"{'subsample': 0.7, 'reg_lambda': 1.0, 'reg_alpha': 0.1, 'n_estimators': 200, 'min_child_weight': 5, 'max_depth': 6, 'learning_rate': 0.2, 'gamma': 0.1, 'colsample_bytree': 0.7}",0.6762162164075802,0.363929605783777,0.6283808218570994,0.8223236688844486,18.19305588740395
507,BA47_80:20_Log_window2_KPCA_90,Multilayer Perceptron,"{'module__num_units': 20, 'module__activation_func': Tanh(), 'lr': 0.1}",0.7649423480033875,0.4823459386825562,0.6662381291389465,0.8746098261530038,22.43851274251938
508,BA47_80:20_Log_window2_KPCA_95,Multilayer Perceptron,"{'module__num_units': 20, 'module__activation_func': Tanh(), 'lr': 0.1}",0.6970497965812683,0.4641848802566528,0.6303953528404236,0.8348950811816227,22.04635441303253
509,BA47_80:20_Log_window2_KPCA_90,Long Short-Term Memory Network,"{'module__num_layers': 1, 'module__hidden_size': 25, 'max_epochs': 20, 'lr': 0.1, 'batch_size': 16}",0.4640387296676636,0.4619880020618439,0.5452018976211548,0.6812038825987882,20.22195607423782
510,BA47_80:20_Log_window2_KPCA_95,Long Short-Term Memory Network,"{'module__num_layers': 1, 'module__hidden_size': 75, 'max_epochs': 10, 'lr': 0.1, 'batch_size': 32}",0.4473089277744293,0.4490706920623779,0.5514656901359558,0.6688115786785015,19.9310764670372
511,BA47_80:20_Log_window2_KPCA_90,Convolutional neural network,{},1.893791317939758,0.9563990831375122,1.000044226646423,1.376150906674031,34.89705324172974
512,BA47_80:20_Log_window2_KPCA_95,Convolutional neural network,{},2.106740236282349,1.050598740577698,1.0596843957901,1.451461413983282,37.8174901008606
513,BA47_70:30_Log_window2_KPCA_90,Linear Regressor,{},0.6477380571432917,0.3470818255292122,0.6406556666378996,0.8048217548894238,17.69326257051894
514,BA47_70:30_Log_window2_KPCA_95,Linear Regressor,{},0.5815080938382747,0.3623570503815428,0.6111783801815242,0.7625667799204702,18.31416938655146
515,BA47_70:30_Log_window2_KPCA_90,Support Vector Regressor,"{'kernel': 'rbf', 'gamma': 0.1, 'C': 1}",0.65901814184275,0.4597817613054005,0.6443094342085299,0.811799323627921,22.18583397862454
516,BA47_70:30_Log_window2_KPCA_95,Support Vector Regressor,"{'kernel': 'rbf', 'gamma': 0.0001, 'C': 1}",0.6818568273515293,0.3616489177360169,0.6550112599146343,0.8257462245457313,18.16944612722897
517,BA47_70:30_Log_window2_KPCA_90,Decision Tree Regressor,"{'splitter': 'best', 'min_samples_split': 5, 'min_samples_leaf': 2, 'min_impurity_decrease': 1.0, 'max_leaf_nodes': 30, 'max_features': 'sqrt', 'max_depth': 11, 'criterion': 'friedman_mse', 'ccp_alpha': 0.0}",0.7071717854332346,0.4318818738126662,0.6634360082505488,0.8409350661217753,20.92225005405011
518,BA47_70:30_Log_window2_KPCA_95,Decision Tree Regressor,"{'splitter': 'best', 'min_samples_split': 5, 'min_samples_leaf': 4, 'min_impurity_decrease': 0.1, 'max_leaf_nodes': 90, 'max_features': None, 'max_depth': 26, 'criterion': 'mae', 'ccp_alpha': 0.0}",0.6915869264325225,0.468374383415217,0.6607284450859555,0.8316170551597186,22.3845536474005
519,BA47_70:30_Log_window2_KPCA_90,K-Neighbors Regressor,"{'weights': 'uniform', 'n_neighbors': 1}",0.8098330933840664,0.4175346462224989,0.7008366506748531,0.899907269325049,19.82133423624342
520,BA47_70:30_Log_window2_KPCA_95,K-Neighbors Regressor,"{'weights': 'uniform', 'n_neighbors': 1}",0.7543074159862841,0.3718595017949473,0.6747821460832237,0.86850873109387,17.99476415469385
521,BA47_70:30_Log_window2_KPCA_90,Stochastic Gradient Descent Regressor,"{'tol': 0.001, 'power_t': 0.25, 'penalty': 'none', 'max_iter': 1000, 'loss': 'huber', 'learning_rate': 'adaptive', 'l1_ratio': 0.7, 'fit_intercept': True, 'eta0': 0.001, 'alpha': 0.01}",285.2743243458844,15.09827344545834,9.198632504130543,16.8900658478848,149.9069714961325
522,BA47_70:30_Log_window2_KPCA_95,Stochastic Gradient Descent Regressor,"{'tol': 1e-05, 'power_t': 0.75, 'penalty': 'l1', 'max_iter': 1000, 'loss': 'huber', 'learning_rate': 'invscaling', 'l1_ratio': 0, 'fit_intercept': True, 'eta0': 0.01, 'alpha': 0.01}",5.905237250956609,2.266072639036602,0.9503591857139283,2.43006939221015,147.3400253498036
523,BA47_70:30_Log_window2_KPCA_90,Voting Regressor,"{'rf__n_estimators': 10, 'gb__n_estimators': 10}",0.6699012006541463,0.3571117172356469,0.6511533016197684,0.8184749236562756,17.96032836392635
524,BA47_70:30_Log_window2_KPCA_95,Voting Regressor,"{'rf__n_estimators': 10, 'gb__n_estimators': 10}",0.6268471698397332,0.3481288662425613,0.630035238653741,0.7917368059145243,17.69293607901828
525,BA47_70:30_Log_window2_KPCA_90,Stacking Regressor,{'final_estimator': RandomForestRegressor(random_state=42)},0.6993781969682086,0.5242022547897677,0.6072726338880475,0.8362883455891327,24.7458023549504
526,BA47_70:30_Log_window2_KPCA_95,Stacking Regressor,{'final_estimator': LinearSVR(random_state=42)},0.6007602351578282,0.3501890659811482,0.6142921115618863,0.7750872435783137,17.86106487348958
527,BA47_70:30_Log_window2_KPCA_90,Gradient Boosting Regressor,"{'n_estimators': 100, 'min_samples_split': 2, 'min_samples_leaf': 2, 'min_impurity_decrease': 0, 'max_leaf_nodes': 20, 'max_features': 'sqrt', 'max_depth': 30, 'learning_rate': 0.5}",0.739471726693064,0.3911204149458508,0.6634178902018025,0.85992541926208,19.04554760472379
528,BA47_70:30_Log_window2_KPCA_95,Gradient Boosting Regressor,"{'n_estimators': 200, 'min_samples_split': 2, 'min_samples_leaf': 10, 'min_impurity_decrease': 0, 'max_leaf_nodes': 5, 'max_features': 'log2', 'max_depth': 30, 'learning_rate': 0.1}",0.6199953714388909,0.4221453493304176,0.6272996033269728,0.7873978482564522,20.45455393477031
529,BA47_70:30_Log_window2_KPCA_90,Random Forest Regressor,"{'n_estimators': 10, 'min_samples_split': 2, 'min_samples_leaf': 4, 'max_depth': 30}",0.733097054537809,0.3903826349362477,0.6779728485111112,0.8562108703688648,19.17730267275896
530,BA47_70:30_Log_window2_KPCA_95,Random Forest Regressor,"{'n_estimators': 10, 'min_samples_split': 2, 'min_samples_leaf': 4, 'max_depth': 30}",0.7272575789852945,0.3934299102878405,0.6799957867913471,0.8527939839054298,19.30289286262321
531,BA47_70:30_Log_window2_KPCA_90,AdaBoostRegressor,"{'n_estimators': 100, 'loss': 'square', 'learning_rate': 0.01}",0.7873865037311183,0.3949168824181838,0.6869615194012845,0.8873480172576701,18.78385878306826
532,BA47_70:30_Log_window2_KPCA_95,AdaBoostRegressor,"{'n_estimators': 50, 'loss': 'linear', 'learning_rate': 0.01}",0.7033893293893335,0.3667262351977098,0.6674526429482052,0.8386830923473618,18.14137830402275
533,BA47_70:30_Log_window2_KPCA_90,BaggingRegressor,"{'n_estimators': 30, 'max_samples': 0.9, 'max_features': 0.7000000000000001}",0.6977909033590469,0.3869357852713541,0.6686720705386975,0.8353387955548617,19.12085610893133
534,BA47_70:30_Log_window2_KPCA_95,BaggingRegressor,"{'n_estimators': 50, 'max_samples': 0.7000000000000001, 'max_features': 0.9}",0.6316790253779836,0.3536984850539094,0.638176237856821,0.7947823761118408,17.90955274219353
535,BA47_70:30_Log_window2_KPCA_90,ExtraTreesRegressor,"{'n_estimators': 100, 'min_samples_split': 5, 'min_samples_leaf': 4, 'max_depth': 10}",0.6632726427888498,0.3718591752171679,0.6475153983933872,0.8144155221929711,18.59923781711459
536,BA47_70:30_Log_window2_KPCA_95,ExtraTreesRegressor,"{'n_estimators': 10, 'min_samples_split': 2, 'min_samples_leaf': 2, 'max_depth': None}",0.6318616922079842,0.3705626769966642,0.6321464490108649,0.7948972840612705,18.57656323817852
537,BA47_70:30_Log_window2_KPCA_90,XGBoost Regressor,"{'subsample': 0.7, 'reg_lambda': 1.0, 'reg_alpha': 0.1, 'n_estimators': 200, 'min_child_weight': 5, 'max_depth': 6, 'learning_rate': 0.2, 'gamma': 0.1, 'colsample_bytree': 0.7}",0.6821118226234973,0.4076763987794984,0.6705056708900476,0.8259006130422094,20.16848093984773
538,BA47_70:30_Log_window2_KPCA_95,XGBoost Regressor,"{'subsample': 0.7, 'reg_lambda': 0.1, 'reg_alpha': 0.1, 'n_estimators': 100, 'min_child_weight': 1, 'max_depth': 9, 'learning_rate': 0.3, 'gamma': 0.3, 'colsample_bytree': 0.8}",0.6234993670634158,0.3676063867349738,0.6084047968119913,0.7896197610644099,18.54238445159354
539,BA47_70:30_Log_window2_KPCA_90,Multilayer Perceptron,"{'module__num_units': 20, 'module__activation_func': Tanh(), 'lr': 0.1}",0.609783947467804,0.4123633801937103,0.6063576340675354,0.780886641880756,20.56915313005447
540,BA47_70:30_Log_window2_KPCA_95,Multilayer Perceptron,"{'module__num_units': 20, 'module__activation_func': Tanh(), 'lr': 0.1}",0.762499213218689,0.4103415906429291,0.6775133609771729,0.8732120093188647,19.77030038833618
541,BA47_70:30_Log_window2_KPCA_90,Long Short-Term Memory Network,"{'module__num_layers': 1, 'module__hidden_size': 75, 'max_epochs': 10, 'lr': 0.1, 'batch_size': 32}",24.25880813598633,4.069395542144775,2.073346138000488,4.925323150412197,172.1836566925049
542,BA47_70:30_Log_window2_KPCA_95,Long Short-Term Memory Network,"{'module__num_layers': 1, 'module__hidden_size': 25, 'max_epochs': 20, 'lr': 0.1, 'batch_size': 16}",0.2863776385784149,0.3374359905719757,0.5345883369445801,0.5351426338635475,15.24129062891006
543,BA47_70:30_Log_window2_KPCA_90,Convolutional neural network,{},2856.712890625,39.01899719238281,24.1259880065918,53.4482262626647,175.5948543548584
544,BA47_70:30_Log_window2_KPCA_95,Convolutional neural network,{},1.360065698623657,0.8005831837654114,0.9088812470436096,1.166218546681392,33.64904522895813
545,BA47_60:40_Log_window2_KPCA_90,Linear Regressor,{},0.5551309620154475,0.3264350403149848,0.3144413285326214,0.7450711120527004,16.61751594870133
546,BA47_60:40_Log_window2_KPCA_95,Linear Regressor,{},0.5568457268261758,0.328881965107142,0.3155677821876571,0.7462209638077557,16.71707216891193
547,BA47_60:40_Log_window2_KPCA_90,Support Vector Regressor,"{'kernel': 'rbf', 'gamma': 0.001, 'C': 1}",0.687458207097029,0.358621450907958,0.3534234486735126,0.8291309951370948,17.50143676450135
548,BA47_60:40_Log_window2_KPCA_95,Support Vector Regressor,"{'kernel': 'rbf', 'gamma': 0.1, 'C': 1}",0.6256864080923702,0.4517477280149643,0.3657905992800184,0.7910034185086499,21.44684304418154
549,BA47_60:40_Log_window2_KPCA_90,Decision Tree Regressor,"{'splitter': 'best', 'min_samples_split': 5, 'min_samples_leaf': 2, 'min_impurity_decrease': 1.0, 'max_leaf_nodes': 50, 'max_features': 'auto', 'max_depth': 32, 'criterion': 'mae', 'ccp_alpha': 1.0}",0.672366185836622,0.4596657211954301,0.3795317704553525,0.8199793813484715,21.56715269209275
550,BA47_60:40_Log_window2_KPCA_95,Decision Tree Regressor,"{'splitter': 'best', 'min_samples_split': 10, 'min_samples_leaf': 2, 'min_impurity_decrease': 0.01, 'max_leaf_nodes': 20, 'max_features': None, 'max_depth': 14, 'criterion': 'friedman_mse', 'ccp_alpha': 0.0}",0.7563544333389681,0.42892628093809,0.3811458218663171,0.8696863994216353,20.57665236034062
551,BA47_60:40_Log_window2_KPCA_90,K-Neighbors Regressor,"{'weights': 'uniform', 'n_neighbors': 1}",0.7678646634392826,0.4028232974534225,0.3591003888077958,0.8762788730987885,20.20603950220145
552,BA47_60:40_Log_window2_KPCA_95,K-Neighbors Regressor,"{'weights': 'uniform', 'n_neighbors': 1}",0.775601540831597,0.4093623897157142,0.362374247714863,0.8806824290467007,20.4554177702568
553,BA47_60:40_Log_window2_KPCA_90,Stochastic Gradient Descent Regressor,"{'tol': 0.0001, 'power_t': 0.5, 'penalty': 'l1', 'max_iter': 1000, 'loss': 'squared_loss', 'learning_rate': 'adaptive', 'l1_ratio': 0.15, 'fit_intercept': True, 'eta0': 0.001, 'alpha': 0.001}",0.5421385820083997,0.3246346341398593,0.3105415409511844,0.7363006057368143,16.66805514719914
554,BA47_60:40_Log_window2_KPCA_95,Stochastic Gradient Descent Regressor,"{'tol': 0.001, 'power_t': 0.25, 'penalty': 'none', 'max_iter': 1000, 'loss': 'huber', 'learning_rate': 'adaptive', 'l1_ratio': 0.7, 'fit_intercept': True, 'eta0': 0.001, 'alpha': 0.01}",6.61763668584692,2.501593190320899,1.039003823492317,2.572476760992588,174.0271719393158
555,BA47_60:40_Log_window2_KPCA_90,Voting Regressor,"{'rf__n_estimators': 10, 'gb__n_estimators': 10}",0.5882066707478121,0.3351738264201359,0.324719676621314,0.7669463284662181,16.89739963759272
556,BA47_60:40_Log_window2_KPCA_95,Voting Regressor,"{'rf__n_estimators': 10, 'gb__n_estimators': 100}",0.6247785667398443,0.352338123651531,0.3372554750779753,0.7904293559451372,17.46563700354348
557,BA47_60:40_Log_window2_KPCA_90,Stacking Regressor,{'final_estimator': LinearSVR(random_state=42)},0.7291358213637777,0.4018701770888107,0.3755601371093215,0.8538945024789525,19.09456463838751
558,BA47_60:40_Log_window2_KPCA_95,Stacking Regressor,{'final_estimator': LinearSVR(random_state=42)},0.6160150425628462,0.3732179301862148,0.3397568244415539,0.7848662577553237,18.20075376541345
559,BA47_60:40_Log_window2_KPCA_90,Gradient Boosting Regressor,"{'n_estimators': 100, 'min_samples_split': 2, 'min_samples_leaf': 10, 'min_impurity_decrease': 2, 'max_leaf_nodes': 20, 'max_features': None, 'max_depth': 20, 'learning_rate': 0.05}",0.5899536832759943,0.3774453340989748,0.3386429065332288,0.7680844245758368,18.56947430905941
560,BA47_60:40_Log_window2_KPCA_95,Gradient Boosting Regressor,"{'n_estimators': 50, 'min_samples_split': 2, 'min_samples_leaf': 2, 'min_impurity_decrease': 0, 'max_leaf_nodes': 15, 'max_features': 'log2', 'max_depth': 20, 'learning_rate': 0.05}",0.6141223645743086,0.3463651393974319,0.3296245127574355,0.7836595973854391,16.96941479810495
561,BA47_60:40_Log_window2_KPCA_90,Random Forest Regressor,"{'n_estimators': 50, 'min_samples_split': 2, 'min_samples_leaf': 4, 'max_depth': 20}",0.6269960914052202,0.3676379985622286,0.3444073308187375,0.7918308477226813,18.07742057944806
562,BA47_60:40_Log_window2_KPCA_95,Random Forest Regressor,"{'n_estimators': 50, 'min_samples_split': 2, 'min_samples_leaf': 4, 'max_depth': 20}",0.6696028530134888,0.3804276174775834,0.3547420605748021,0.8182926450931163,18.46881527329708
563,BA47_60:40_Log_window2_KPCA_90,AdaBoostRegressor,"{'n_estimators': 50, 'loss': 'exponential', 'learning_rate': 0.01}",0.6973616946207359,0.3828209205812745,0.3620323815925856,0.8350818490547713,18.32989848899502
564,BA47_60:40_Log_window2_KPCA_95,AdaBoostRegressor,"{'n_estimators': 400, 'loss': 'square', 'learning_rate': 1.0}",0.7088604031212032,0.4145517139150757,0.3665732041866465,0.8419384794159269,19.05247352467925
565,BA47_60:40_Log_window2_KPCA_90,BaggingRegressor,"{'n_estimators': 30, 'max_samples': 0.9, 'max_features': 0.7000000000000001}",0.5880475844307583,0.3463584166033274,0.3300097277778344,0.7668426073391843,17.23512218058434
566,BA47_60:40_Log_window2_KPCA_95,BaggingRegressor,"{'n_estimators': 30, 'max_samples': 0.9, 'max_features': 0.7000000000000001}",0.6037274747277542,0.348617683194374,0.3302367711886445,0.7769990184857084,17.22300470154517
567,BA47_60:40_Log_window2_KPCA_90,ExtraTreesRegressor,"{'n_estimators': 10, 'min_samples_split': 2, 'min_samples_leaf': 2, 'max_depth': None}",0.593643825928314,0.3183189468706643,0.3182293412469119,0.7704828524557272,15.87073246404535
568,BA47_60:40_Log_window2_KPCA_95,ExtraTreesRegressor,"{'n_estimators': 10, 'min_samples_split': 2, 'min_samples_leaf': 2, 'max_depth': None}",0.5873692557987009,0.3217176318318488,0.3195880971366611,0.7664001929792952,16.14428765737543
569,BA47_60:40_Log_window2_KPCA_90,XGBoost Regressor,"{'subsample': 0.9, 'reg_lambda': 0.1, 'reg_alpha': 0.5, 'n_estimators': 600, 'min_child_weight': 5, 'max_depth': 10, 'learning_rate': 0.1, 'gamma': 0.1, 'colsample_bytree': 0.7}",0.5758379768200454,0.3742812446145128,0.3359811207155414,0.7588398887908078,18.58659158997278
570,BA47_60:40_Log_window2_KPCA_95,XGBoost Regressor,"{'subsample': 0.9, 'reg_lambda': 1.0, 'reg_alpha': 0, 'n_estimators': 100, 'min_child_weight': 5, 'max_depth': 3, 'learning_rate': 0.1, 'gamma': 0.2, 'colsample_bytree': 1.0}",0.659813018827836,0.4134751354274766,0.360841132675365,0.8122887533555023,20.24196947614101
571,BA47_60:40_Log_window2_KPCA_90,Multilayer Perceptron,"{'module__num_units': 10, 'module__activation_func': ReLU(), 'lr': 0.1}",0.6944154500961304,0.4672613739967346,0.3863738477230072,0.8333159365427559,21.77891284227371
572,BA47_60:40_Log_window2_KPCA_95,Multilayer Perceptron,"{'module__num_units': 20, 'module__activation_func': Tanh(), 'lr': 0.1}",0.7377089858055115,0.419388085603714,0.3783107399940491,0.8588998694874226,19.5929691195488
573,BA47_60:40_Log_window2_KPCA_90,Long Short-Term Memory Network,"{'module__num_layers': 1, 'module__hidden_size': 75, 'max_epochs': 30, 'lr': 0.1, 'batch_size': 16}",0.239051878452301,0.2367361187934875,0.1669884771108627,0.4889293184625985,10.78145131468773
574,BA47_60:40_Log_window2_KPCA_95,Long Short-Term Memory Network,"{'module__num_layers': 1, 'module__hidden_size': 25, 'max_epochs': 20, 'lr': 0.1, 'batch_size': 16}",0.3162937164306641,0.4008381962776184,0.2191076725721359,0.5623999612648138,16.74092710018158
575,BA47_60:40_Log_window2_KPCA_90,Convolutional neural network,{},0.9248729348182678,0.5073974132537842,0.4346371293067932,0.9617031427723775,22.28770554065704
576,BA47_60:40_Log_window2_KPCA_95,Convolutional neural network,{},109.0424346923828,8.300724029541016,4.232779502868652,10.44233856434385,146.9706892967224
577,BA47_80:20_MinMax_window2_Isomap_90,Linear Regressor,{},0.06565159060436795,0.2020808048600082,0.2777155968398854,0.2562256634382433,32.19187518884223
578,BA47_80:20_MinMax_window2_Isomap_90,Support Vector Regressor,"{'kernel': 'rbf', 'gamma': 0.001, 'C': 1}",0.02864069505868423,0.1329350362988909,0.1801718323778417,0.1692356199465238,18.88387974619471
579,BA47_80:20_MinMax_window2_Isomap_90,Decision Tree Regressor,"{'splitter': 'best', 'min_samples_split': 5, 'min_samples_leaf': 4, 'min_impurity_decrease': 0.1, 'max_leaf_nodes': 90, 'max_features': None, 'max_depth': 26, 'criterion': 'mae', 'ccp_alpha': 0.0}",0.03482935701157479,0.1492761775508428,0.2009338563891563,0.1866262495244835,21.40085768363254
580,BA47_80:20_MinMax_window2_Isomap_90,K-Neighbors Regressor,"{'weights': 'uniform', 'n_neighbors': 5}",0.02715215799948446,0.1202282980792855,0.1596102573114269,0.1647791188211797,17.2362912316322
581,BA47_80:20_MinMax_window2_Isomap_90,Stochastic Gradient Descent Regressor,"{'tol': 0.0001, 'power_t': 0.25, 'penalty': 'elasticnet', 'max_iter': 3000, 'loss': 'squared_loss', 'learning_rate': 'optimal', 'l1_ratio': 0, 'fit_intercept': True, 'eta0': 0.001, 'alpha': 1}",0.03569713729591532,0.1445734732232896,0.1859402920328705,0.1889368606066993,20.58810486503038
582,BA47_80:20_MinMax_window2_Isomap_90,Voting Regressor,"{'rf__n_estimators': 50, 'gb__n_estimators': 10}",0.03553893475866756,0.147923152133937,0.198625684795465,0.1885177306214658,21.62385214750138
583,BA47_80:20_MinMax_window2_Isomap_90,Stacking Regressor,{'final_estimator': LinearSVR(random_state=42)},0.03952318295317824,0.149355676498314,0.2026088204052559,0.1988043836367253,21.91054638821628
584,BA47_80:20_MinMax_window2_Isomap_90,Gradient Boosting Regressor,"{'n_estimators': 10, 'min_samples_split': 10, 'min_samples_leaf': 10, 'min_impurity_decrease': 2, 'max_leaf_nodes': 10, 'max_features': 'sqrt', 'max_depth': None, 'learning_rate': 0.05}",0.04001435735692079,0.1565718134789168,0.2041223535982498,0.2000358901720408,22.54896658180764
585,BA47_80:20_MinMax_window2_Isomap_90,Random Forest Regressor,"{'n_estimators': 10, 'min_samples_split': 2, 'min_samples_leaf': 4, 'max_depth': 30}",0.02729512047976642,0.1333695453005001,0.1923161436108864,0.1652123496587541,19.25768244315277
586,BA47_80:20_MinMax_window2_Isomap_90,AdaBoostRegressor,"{'n_estimators': 400, 'loss': 'square', 'learning_rate': 1.0}",0.02264068516769906,0.1204207808568027,0.179140463733888,0.1504682197930814,18.29686391195279
587,BA47_80:20_MinMax_window2_Isomap_90,BaggingRegressor,"{'n_estimators': 130, 'max_samples': 0.8, 'max_features': 0.6}",0.02182693575454386,0.1159424693145651,0.1623290346885611,0.1477394184181861,16.64407882699846
588,BA47_80:20_MinMax_window2_Isomap_90,ExtraTreesRegressor,"{'n_estimators': 100, 'min_samples_split': 5, 'min_samples_leaf': 4, 'max_depth': 10}",0.0246010071936596,0.1233519765874289,0.1694468568041523,0.1568470821968314,17.71377615959139
589,BA47_80:20_MinMax_window2_Isomap_90,XGBoost Regressor,"{'subsample': 0.7, 'reg_lambda': 1.0, 'reg_alpha': 0.1, 'n_estimators': 200, 'min_child_weight': 5, 'max_depth': 6, 'learning_rate': 0.2, 'gamma': 0.1, 'colsample_bytree': 0.7}",0.02778150037787732,0.1319729535441178,0.1807014114008922,0.1666778340928311,19.1316643248931
590,BA47_80:20_MinMax_window2_Isomap_90,Multilayer Perceptron,"{'module__num_units': 10, 'module__activation_func': ReLU(), 'lr': 0.1}",0.03010467998683453,0.1468127518892288,0.2172612845897675,0.1735070027025841,20.95135897397995
591,BA47_80:20_MinMax_window2_Isomap_90,Long Short-Term Memory Network,"{'module__num_layers': 1, 'module__hidden_size': 75, 'max_epochs': 30, 'lr': 0.1, 'batch_size': 16}",0.01711390726268291,0.1092982962727547,0.13975490629673,0.1308201332466945,14.48028683662415
592,BA47_80:20_MinMax_window2_Isomap_90,Convolutional neural network,{},0.05642420798540115,0.1966959834098816,0.3251505196094513,0.2375378032764494,26.60899758338928
593,BA47_70:30_MinMax_window2_Isomap_90,Linear Regressor,{},0.4512416794016419,0.5657053493225597,0.9463458404808465,0.6717452488865417,83.55960900371842
594,BA47_70:30_MinMax_window2_Isomap_90,Support Vector Regressor,"{'kernel': 'rbf', 'gamma': 0.0001, 'C': 1}",0.03225559908514496,0.1354983242371197,0.2719779129115447,0.1795984384262429,21.84056843962225
595,BA47_70:30_MinMax_window2_Isomap_90,Decision Tree Regressor,"{'splitter': 'best', 'min_samples_split': 5, 'min_samples_leaf': 4, 'min_impurity_decrease': 0.1, 'max_leaf_nodes': 90, 'max_features': None, 'max_depth': 26, 'criterion': 'mae', 'ccp_alpha': 0.0}",0.04391648603357255,0.1679726000896552,0.3390046768527005,0.2095626064773307,26.8385981240602
596,BA47_70:30_MinMax_window2_Isomap_90,K-Neighbors Regressor,"{'weights': 'uniform', 'n_neighbors': 9}",0.02857299383690694,0.1160728487177479,0.221540940842077,0.1690354810000165,18.9823594189173
597,BA47_70:30_MinMax_window2_Isomap_90,Stochastic Gradient Descent Regressor,"{'tol': 1e-05, 'power_t': 0.5, 'penalty': 'l2', 'max_iter': 1000, 'loss': 'squared_loss', 'learning_rate': 'constant', 'l1_ratio': 0, 'fit_intercept': True, 'eta0': 0.001, 'alpha': 0.01}",0.08153130775767115,0.2490129266374416,0.422765260631271,0.2855368763534251,37.27629010825425
598,BA47_70:30_MinMax_window2_Isomap_90,Voting Regressor,"{'rf__n_estimators': 50, 'gb__n_estimators': 10}",0.07064415729493491,0.2293603232290146,0.3838564073481803,0.2657896862087295,36.99781682083525
599,BA47_70:30_MinMax_window2_Isomap_90,Stacking Regressor,{'final_estimator': LinearRegression()},0.05500769323540611,0.1854211726666431,0.3098992313733371,0.2345371894506415,30.54210329970106
600,BA47_70:30_MinMax_window2_Isomap_90,Gradient Boosting Regressor,"{'n_estimators': 10, 'min_samples_split': 10, 'min_samples_leaf': 10, 'min_impurity_decrease': 2, 'max_leaf_nodes': 10, 'max_features': 'sqrt', 'max_depth': None, 'learning_rate': 0.05}",0.04782404345183773,0.1742824847985343,0.3331198304931531,0.2186870902724661,27.90827459139453
601,BA47_70:30_MinMax_window2_Isomap_90,Random Forest Regressor,"{'n_estimators': 50, 'min_samples_split': 10, 'min_samples_leaf': 1, 'max_depth': 30}",0.01515716977843024,0.08948226824600165,0.1247954050175035,0.123114458039786,13.02189193037335
602,BA47_70:30_MinMax_window2_Isomap_90,AdaBoostRegressor,"{'n_estimators': 400, 'loss': 'square', 'learning_rate': 1.0}",0.009195905843895156,0.07890564358108645,0.1302462657279947,0.09589528582727702,13.04823629230164
603,BA47_70:30_MinMax_window2_Isomap_90,BaggingRegressor,"{'n_estimators': 150, 'max_samples': 0.1, 'max_features': 1.0}",0.03217851323010378,0.1374813291109701,0.2391142898100874,0.1793837039145524,21.96692296909818
604,BA47_70:30_MinMax_window2_Isomap_90,ExtraTreesRegressor,"{'n_estimators': 10, 'min_samples_split': 2, 'min_samples_leaf': 2, 'max_depth': None}",0.0257489020766277,0.1162775241244105,0.2011676318033183,0.1604646443196373,18.6315169656628
605,BA47_70:30_MinMax_window2_Isomap_90,XGBoost Regressor,"{'subsample': 1.0, 'reg_lambda': 0, 'reg_alpha': 1.0, 'n_estimators': 700, 'min_child_weight': 1, 'max_depth': 9, 'learning_rate': 0.01, 'gamma': 0.3, 'colsample_bytree': 0.8}",0.02748870088239512,0.1319707991169879,0.2335832605989801,0.1657971678961831,21.2569252864428
606,BA47_70:30_MinMax_window2_Isomap_90,Multilayer Perceptron,"{'module__num_units': 20, 'module__activation_func': Tanh(), 'lr': 0.1}",0.03203865885734558,0.1293572336435318,0.330920934677124,0.1789934603759187,21.40702158212662
607,BA47_70:30_MinMax_window2_Isomap_90,Long Short-Term Memory Network,"{'module__num_layers': 1, 'module__hidden_size': 75, 'max_epochs': 10, 'lr': 0.1, 'batch_size': 32}",0.01404757797718048,0.09495721012353897,0.1234016418457031,0.1185224787843238,13.06931972503662
608,BA47_70:30_MinMax_window2_Isomap_90,Convolutional neural network,{},0.04020470008254051,0.1578002572059631,0.361353874206543,0.2005110971555951,24.35674071311951
609,BA47_60:40_MinMax_window2_Isomap_90,Linear Regressor,{},0.3204727804949942,0.4616101992012521,0.9219148781468827,0.566103153581566,70.7974192917042
610,BA47_60:40_MinMax_window2_Isomap_90,Support Vector Regressor,"{'kernel': 'rbf', 'gamma': 0.0001, 'C': 1}",0.03855317493815813,0.1470235748116233,0.4251599333137909,0.1963496242373744,25.33758258985693
611,BA47_60:40_MinMax_window2_Isomap_90,Decision Tree Regressor,"{'splitter': 'best', 'min_samples_split': 5, 'min_samples_leaf': 4, 'min_impurity_decrease': 0.1, 'max_leaf_nodes': 90, 'max_features': None, 'max_depth': 26, 'criterion': 'mae', 'ccp_alpha': 0.0}",0.05396811629456583,0.1842442790310237,0.5103780368010534,0.2323103878318097,30.89228775050308
612,BA47_60:40_MinMax_window2_Isomap_90,K-Neighbors Regressor,"{'weights': 'distance', 'n_neighbors': 6}",0.02374822171467909,0.1133987353734776,0.3424781131805948,0.1541045804467833,20.39001468262689
613,BA47_60:40_MinMax_window2_Isomap_90,Stochastic Gradient Descent Regressor,"{'tol': 1e-05, 'power_t': 0.5, 'penalty': 'l2', 'max_iter': 1000, 'loss': 'squared_loss', 'learning_rate': 'constant', 'l1_ratio': 0, 'fit_intercept': True, 'eta0': 0.001, 'alpha': 0.01}",0.06118280541077157,0.2014698754860512,0.3414874813718003,0.2473515825920092,32.68423181210689
614,BA47_60:40_MinMax_window2_Isomap_90,Voting Regressor,"{'rf__n_estimators': 100, 'gb__n_estimators': 200}",0.05440701644416694,0.1945981828662295,0.4281556369823108,0.2332531166869308,37.90071039289858
615,BA47_60:40_MinMax_window2_Isomap_90,Stacking Regressor,{'final_estimator': GradientBoostingRegressor(random_state=42)},0.07978676141702425,0.2116744498273832,0.5794690156748851,0.2824655048267385,35.30876628710656
616,BA47_60:40_MinMax_window2_Isomap_90,Gradient Boosting Regressor,"{'n_estimators': 10, 'min_samples_split': 10, 'min_samples_leaf': 10, 'min_impurity_decrease': 2, 'max_leaf_nodes': 10, 'max_features': 'sqrt', 'max_depth': None, 'learning_rate': 0.05}",0.0574776731574184,0.1905682656129055,0.4941894232506477,0.2397450169605583,32.04034189336659
617,BA47_60:40_MinMax_window2_Isomap_90,Random Forest Regressor,"{'n_estimators': 10, 'min_samples_split': 2, 'min_samples_leaf': 2, 'max_depth': None}",0.02483844089503947,0.1198093616246592,0.2677785224955371,0.1576021601851937,20.53694099605139
618,BA47_60:40_MinMax_window2_Isomap_90,AdaBoostRegressor,"{'n_estimators': 400, 'loss': 'square', 'learning_rate': 1.0}",0.01567380358270498,0.09954744631727244,0.2609466989436864,0.1251950621338756,17.91057351381076
619,BA47_60:40_MinMax_window2_Isomap_90,BaggingRegressor,"{'n_estimators': 150, 'max_samples': 0.1, 'max_features': 1.0}",0.04581851539770264,0.1687746454466064,0.4302551433441217,0.2140525996051032,28.74327415613377
620,BA47_60:40_MinMax_window2_Isomap_90,ExtraTreesRegressor,"{'n_estimators': 10, 'min_samples_split': 10, 'min_samples_leaf': 2, 'max_depth': 10}",0.0253414049748217,0.123524111981657,0.3184288380306307,0.1591898394208051,21.82800955541974
621,BA47_60:40_MinMax_window2_Isomap_90,XGBoost Regressor,"{'subsample': 1.0, 'reg_lambda': 0, 'reg_alpha': 1.0, 'n_estimators': 700, 'min_child_weight': 1, 'max_depth': 9, 'learning_rate': 0.01, 'gamma': 0.3, 'colsample_bytree': 0.8}",0.03810302324026226,0.1508066288156122,0.4082291598764175,0.1951999570703392,25.98398751101334
622,BA47_60:40_MinMax_window2_Isomap_90,Multilayer Perceptron,"{'module__num_units': 50, 'module__activation_func': Tanh(), 'lr': 0.1}",0.04850852116942406,0.1675459742546082,0.4867244362831116,0.2202465009243599,28.14585566520691
623,BA47_60:40_MinMax_window2_Isomap_90,Long Short-Term Memory Network,"{'module__num_layers': 1, 'module__hidden_size': 25, 'max_epochs': 20, 'lr': 0.1, 'batch_size': 16}",0.0523516908288002,0.1856107711791992,0.2489637136459351,0.2288049187163602,30.20176589488983
624,BA47_60:40_MinMax_window2_Isomap_90,Convolutional neural network,{},0.2703464329242706,0.4586922824382782,0.7086647748947144,0.5199484906452471,103.8904309272766
625,BA47_80:20_Log_window2_Isomap_90,Linear Regressor,{},2.484098524186745,1.352197168205247,0.498886622576008,1.576102320341781,67.07940140568964
626,BA47_80:20_Log_window2_Isomap_90,Support Vector Regressor,"{'kernel': 'rbf', 'gamma': 0.0001, 'C': 1}",0.07143881397671945,0.2200857740589794,0.07772548084682082,0.2672804032785034,8.00546055087388
627,BA47_80:20_Log_window2_Isomap_90,Decision Tree Regressor,"{'splitter': 'best', 'min_samples_split': 5, 'min_samples_leaf': 2, 'min_impurity_decrease': 1.0, 'max_leaf_nodes': 50, 'max_features': 'auto', 'max_depth': 32, 'criterion': 'mae', 'ccp_alpha': 1.0}",0.0672608414458546,0.2155105058152709,0.0765684654293943,0.2593469518730741,7.834417109646166
628,BA47_80:20_Log_window2_Isomap_90,K-Neighbors Regressor,"{'weights': 'uniform', 'n_neighbors': 9}",0.1022310321306968,0.2413415731832243,0.08439803464298085,0.3197358787041217,9.05192331366888
629,BA47_80:20_Log_window2_Isomap_90,Stochastic Gradient Descent Regressor,"{'tol': 0.0001, 'power_t': 0.25, 'penalty': 'elasticnet', 'max_iter': 3000, 'loss': 'squared_loss', 'learning_rate': 'optimal', 'l1_ratio': 0, 'fit_intercept': True, 'eta0': 0.001, 'alpha': 1}",0.1724842860666826,0.3460490700451048,0.1189552117056649,0.4153122753623863,12.96461974067126
630,BA47_80:20_Log_window2_Isomap_90,Voting Regressor,"{'rf__n_estimators': 10, 'gb__n_estimators': 10}",1.568495226938146,0.9076223548612239,0.332277357345371,1.252395794842088,49.11770429621134
631,BA47_80:20_Log_window2_Isomap_90,Stacking Regressor,{'final_estimator': LinearSVR(random_state=42)},0.2375215541390165,0.3479516511547833,0.1312602405573132,0.4873618308187629,11.69428986529561
632,BA47_80:20_Log_window2_Isomap_90,Gradient Boosting Regressor,"{'n_estimators': 100, 'min_samples_split': 2, 'min_samples_leaf': 2, 'min_impurity_decrease': 0, 'max_leaf_nodes': 20, 'max_features': 'sqrt', 'max_depth': 30, 'learning_rate': 0.5}",2.250077068715678,1.039208328805433,0.3724552292682662,1.500025689351912,58.55809579536674
633,BA47_80:20_Log_window2_Isomap_90,Random Forest Regressor,"{'n_estimators': 100, 'min_samples_split': 5, 'min_samples_leaf': 2, 'max_depth': None}",1.040186295383439,0.7448598607919378,0.2683142069527746,1.019895237455024,36.45895169112306
634,BA47_80:20_Log_window2_Isomap_90,AdaBoostRegressor,"{'n_estimators': 200, 'loss': 'square', 'learning_rate': 0.01}",0.5799665401880704,0.422301315814326,0.1576329047560394,0.7615553428268167,20.27788516014096
635,BA47_80:20_Log_window2_Isomap_90,BaggingRegressor,"{'n_estimators': 100, 'max_samples': 1.0, 'max_features': 0.6}",1.092251577540119,0.8240683450088592,0.2960550903122208,1.045108404683514,39.55375768738833
636,BA47_80:20_Log_window2_Isomap_90,ExtraTreesRegressor,"{'n_estimators': 100, 'min_samples_split': 5, 'min_samples_leaf': 2, 'max_depth': None}",0.6513679066112499,0.6147601115863843,0.2212807180451366,0.8070736686395176,27.67687177459296
637,BA47_80:20_Log_window2_Isomap_90,XGBoost Regressor,"{'subsample': 0.9, 'reg_lambda': 0, 'reg_alpha': 0.1, 'n_estimators': 400, 'min_child_weight': 5, 'max_depth': 9, 'learning_rate': 0.01, 'gamma': 0.2, 'colsample_bytree': 0.9}",0.2610313471757773,0.3369016786693642,0.1242756303832841,0.5109122695490659,14.90432825846339
638,BA47_80:20_Log_window2_Isomap_90,Multilayer Perceptron,"{'module__num_units': 20, 'module__activation_func': ReLU(), 'lr': 0.1}",0.05796969681978226,0.2024534791707993,0.07316859811544418,0.2407689698025521,7.355693727731705
639,BA47_80:20_Log_window2_Isomap_90,Long Short-Term Memory Network,"{'module__num_layers': 1, 'module__hidden_size': 25, 'max_epochs': 20, 'lr': 0.1, 'batch_size': 16}",0.05063328146934509,0.1992238312959671,0.070075124502182,0.2250184025126503,7.046805322170258
640,BA47_80:20_Log_window2_Isomap_90,Convolutional neural network,{},0.08460687100887299,0.2325513958930969,0.08952399343252182,0.290872602712722,8.387676626443863
641,BA47_70:30_Log_window2_Isomap_90,Linear Regressor,{},2.538777535822787,1.33683181133731,0.5231691445144733,1.593354177771781,66.76209662868263
642,BA47_70:30_Log_window2_Isomap_90,Support Vector Regressor,"{'kernel': 'rbf', 'gamma': 0.001, 'C': 1}",0.1508542442957284,0.2763469715246646,0.1240216848068552,0.3883995935833719,10.97453058130372
643,BA47_70:30_Log_window2_Isomap_90,Decision Tree Regressor,"{'splitter': 'best', 'min_samples_split': 5, 'min_samples_leaf': 2, 'min_impurity_decrease': 1.0, 'max_leaf_nodes': 50, 'max_features': 'auto', 'max_depth': 32, 'criterion': 'mae', 'ccp_alpha': 1.0}",0.1529578787043435,0.2777347546232478,0.1255895264380591,0.3910982980074746,11.02166239305382
644,BA47_70:30_Log_window2_Isomap_90,K-Neighbors Regressor,"{'weights': 'uniform', 'n_neighbors': 9}",0.1691923419586526,0.2876614218332922,0.1156064849680954,0.4113299672509318,11.73822679071388
645,BA47_70:30_Log_window2_Isomap_90,Stochastic Gradient Descent Regressor,"{'tol': 0.0001, 'power_t': 0.25, 'penalty': 'elasticnet', 'max_iter': 3000, 'loss': 'squared_loss', 'learning_rate': 'optimal', 'l1_ratio': 0, 'fit_intercept': True, 'eta0': 0.001, 'alpha': 1}",0.2297308723303605,0.3913141357776261,0.1563646991258796,0.4793024852119593,15.57141176270479
646,BA47_70:30_Log_window2_Isomap_90,Voting Regressor,"{'rf__n_estimators': 10, 'gb__n_estimators': 10}",1.201924432012106,0.8636995573535919,0.3288661259534524,1.096323142149296,45.29640616174164
647,BA47_70:30_Log_window2_Isomap_90,Stacking Regressor,{'final_estimator': LinearSVR(random_state=42)},0.08683910825054511,0.2009404904556884,0.09248447861759052,0.2946847608047371,8.216748265643048
648,BA47_70:30_Log_window2_Isomap_90,Gradient Boosting Regressor,"{'n_estimators': 10, 'min_samples_split': 2, 'min_samples_leaf': 5, 'min_impurity_decrease': 2, 'max_leaf_nodes': None, 'max_features': 'sqrt', 'max_depth': 15, 'learning_rate': 0.1}",0.2926181439322875,0.4722833095787442,0.1803804484490844,0.5409419043966621,19.08792147299406
649,BA47_70:30_Log_window2_Isomap_90,Random Forest Regressor,"{'n_estimators': 100, 'min_samples_split': 10, 'min_samples_leaf': 1, 'max_depth': 20}",2.014487767823641,1.197614997976966,0.446783637072662,1.419326519101099,67.70156532861932
650,BA47_70:30_Log_window2_Isomap_90,AdaBoostRegressor,"{'n_estimators': 400, 'loss': 'square', 'learning_rate': 1.0}",0.08327183775156191,0.2295190349834344,0.08719690046693811,0.2885686014651662,9.267963550979742
651,BA47_70:30_Log_window2_Isomap_90,BaggingRegressor,"{'n_estimators': 160, 'max_samples': 0.7000000000000001, 'max_features': 0.8}",0.891948755482496,0.8600539149063346,0.3163349105584744,0.9444303867848047,39.18054733769996
652,BA47_70:30_Log_window2_Isomap_90,ExtraTreesRegressor,"{'n_estimators': 10, 'min_samples_split': 2, 'min_samples_leaf': 4, 'max_depth': 30}",0.3584860504135033,0.484845173217709,0.179701417433796,0.5987370461341968,20.18715009881505
653,BA47_70:30_Log_window2_Isomap_90,XGBoost Regressor,"{'subsample': 0.9, 'reg_lambda': 0.5, 'reg_alpha': 0.5, 'n_estimators': 1000, 'min_child_weight': 1, 'max_depth': 8, 'learning_rate': 0.01, 'gamma': 0.3, 'colsample_bytree': 0.7}",0.7433378877195518,0.5922716788478559,0.2274472838124417,0.8621704516622869,30.5309877600662
654,BA47_70:30_Log_window2_Isomap_90,Multilayer Perceptron,"{'module__num_units': 20, 'module__activation_func': ReLU(), 'lr': 0.1}",0.1573012173175812,0.2734766006469727,0.127044752240181,0.3966121749487542,10.8500249683857
655,BA47_70:30_Log_window2_Isomap_90,Long Short-Term Memory Network,"{'module__num_layers': 1, 'module__hidden_size': 75, 'max_epochs': 30, 'lr': 0.1, 'batch_size': 16}",0.05626450851559639,0.2040554136037827,0.07605891674757004,0.2372014091770881,7.395365089178085
656,BA47_70:30_Log_window2_Isomap_90,Convolutional neural network,{},0.1853016465902328,0.2934201955795288,0.139528900384903,0.4304667775685284,11.51334345340729
657,BA47_60:40_Log_window2_Isomap_90,Linear Regressor,{},4.628996978939523,1.699153902367107,0.7070140914754665,2.151510394801643,75.96923921471965
658,BA47_60:40_Log_window2_Isomap_90,Support Vector Regressor,"{'kernel': 'rbf', 'gamma': 0.01, 'C': 10}",0.1974892065289806,0.2465255371012749,0.1671424011600726,0.4443975770962086,11.09791046377423
659,BA47_60:40_Log_window2_Isomap_90,Decision Tree Regressor,"{'splitter': 'best', 'min_samples_split': 5, 'min_samples_leaf': 2, 'min_impurity_decrease': 1.0, 'max_leaf_nodes': 50, 'max_features': 'auto', 'max_depth': 32, 'criterion': 'mae', 'ccp_alpha': 1.0}",0.2616953232759602,0.3308489167878408,0.2031787550172416,0.5115616514907663,14.2017972742216
660,BA47_60:40_Log_window2_Isomap_90,K-Neighbors Regressor,"{'weights': 'uniform', 'n_neighbors': 9}",0.2585555348040223,0.3128254151791064,0.1722832867678058,0.5084835639467831,13.8516898317856
661,BA47_60:40_Log_window2_Isomap_90,Stochastic Gradient Descent Regressor,"{'tol': 0.0001, 'power_t': 0.25, 'penalty': 'elasticnet', 'max_iter': 3000, 'loss': 'squared_loss', 'learning_rate': 'optimal', 'l1_ratio': 0, 'fit_intercept': True, 'eta0': 0.001, 'alpha': 1}",0.2981000639644403,0.4273607569762428,0.2197904417339203,0.5459854063658115,18.14389646515475
662,BA47_60:40_Log_window2_Isomap_90,Voting Regressor,"{'rf__n_estimators': 200, 'gb__n_estimators': 100}",0.8354524616128727,0.7429479498829107,0.3040001393263642,0.9140308865748863,36.64009934993369
663,BA47_60:40_Log_window2_Isomap_90,Stacking Regressor,{'final_estimator': LinearSVR(random_state=42)},0.1779362250055299,0.2280081950554788,0.1590148198077806,0.4218248748065124,10.42032144977658
664,BA47_60:40_Log_window2_Isomap_90,Gradient Boosting Regressor,"{'n_estimators': 10, 'min_samples_split': 2, 'min_samples_leaf': 5, 'min_impurity_decrease': 2, 'max_leaf_nodes': None, 'max_features': 'sqrt', 'max_depth': 15, 'learning_rate': 0.1}",0.3112535648904372,0.4553874489532218,0.2247686224633828,0.5579010350325917,19.42390418945806
665,BA47_60:40_Log_window2_Isomap_90,Random Forest Regressor,"{'n_estimators': 10, 'min_samples_split': 2, 'min_samples_leaf': 4, 'max_depth': 30}",0.4066799966320704,0.4722176627986143,0.228793295728869,0.6377146670981234,20.76676186682538
666,BA47_60:40_Log_window2_Isomap_90,AdaBoostRegressor,"{'n_estimators': 400, 'loss': 'square', 'learning_rate': 1.0}",0.2634614783085892,0.3253244780563104,0.1864466516628304,0.5132849874178955,14.33047690141158
667,BA47_60:40_Log_window2_Isomap_90,BaggingRegressor,"{'n_estimators': 150, 'max_samples': 0.1, 'max_features': 1.0}",0.2943122205650727,0.4442680062596975,0.2168150959599536,0.5425055027970432,18.89756552411473
668,BA47_60:40_Log_window2_Isomap_90,ExtraTreesRegressor,"{'n_estimators': 10, 'min_samples_split': 2, 'min_samples_leaf': 4, 'max_depth': 30}",0.3603291936130881,0.5043196566705817,0.2204229702578887,0.600274265326349,21.69169975060352
669,BA47_60:40_Log_window2_Isomap_90,XGBoost Regressor,"{'subsample': 0.7, 'reg_lambda': 1.0, 'reg_alpha': 0.1, 'n_estimators': 200, 'min_child_weight': 5, 'max_depth': 6, 'learning_rate': 0.2, 'gamma': 0.1, 'colsample_bytree': 0.7}",0.4532128801655349,0.5315301459515523,0.2246845201646838,0.6732108734754177,23.12557239930341
670,BA47_60:40_Log_window2_Isomap_90,Multilayer Perceptron,"{'module__num_units': 20, 'module__activation_func': Tanh(), 'lr': 0.1}",0.2687190771102905,0.3284960091114044,0.2060991376638412,0.5183812082920161,14.08513337373734
671,BA47_60:40_Log_window2_Isomap_90,Long Short-Term Memory Network,"{'module__num_layers': 1, 'module__hidden_size': 75, 'max_epochs': 30, 'lr': 0.1, 'batch_size': 16}",0.0927153155207634,0.2359084188938141,0.09319734573364258,0.3044918972990306,8.797065913677216
672,BA47_60:40_Log_window2_Isomap_90,Convolutional neural network,{},0.2899795472621918,0.3335196375846863,0.2124784588813782,0.5384974904882954,14.23176974058151
1,BA11_80:20_MinMax_window2_PCA_90,Linear Regressor,{},0.04013377971308677,0.1765909113985987,0.253444189684931,0.2003341701085633,30.28024968208252
2,BA11_80:20_MinMax_window2_PCA_95,Linear Regressor,{},0.0258335205584427,0.1450452969345188,0.2103740095220688,0.160728095112344,24.13098328090337
3,BA11_80:20_MinMax_window2_PCA_90,Support Vector Regressor,"{'kernel': 'linear', 'gamma': 1, 'C': 100}",0.07291231959903428,0.2255781553352232,0.3560053607591544,0.2700228131085118,49.50564503108825
4,BA11_80:20_MinMax_window2_PCA_95,Support Vector Regressor,"{'kernel': 'rbf', 'gamma': 0.0001, 'C': 100}",0.01979364143418397,0.1022710317392704,0.1285565497108457,0.1406898768006567,13.93612931795578
5,BA11_80:20_MinMax_window2_PCA_90,Decision Tree Regressor,"{'splitter': 'best', 'min_samples_split': 5, 'min_samples_leaf': 4, 'min_impurity_decrease': 0.1, 'max_leaf_nodes': 90, 'max_features': None, 'max_depth': 26, 'criterion': 'mae', 'ccp_alpha': 0.0}",0.03482935701157479,0.1492761775508428,0.2009338563891563,0.1866262495244835,21.40085768363254
6,BA11_80:20_MinMax_window2_PCA_95,Decision Tree Regressor,"{'splitter': 'best', 'min_samples_split': 5, 'min_samples_leaf': 4, 'min_impurity_decrease': 0.1, 'max_leaf_nodes': 90, 'max_features': None, 'max_depth': 26, 'criterion': 'mae', 'ccp_alpha': 0.0}",0.03482935701157479,0.1492761775508428,0.2009338563891563,0.1866262495244835,21.40085768363254
7,BA11_80:20_MinMax_window2_PCA_90,K-Neighbors Regressor,"{'weights': 'distance', 'n_neighbors': 7}",0.01071547026786994,0.08171546815685965,0.115314565213782,0.1035155556806316,12.28904630581724
8,BA11_80:20_MinMax_window2_PCA_95,K-Neighbors Regressor,"{'weights': 'distance', 'n_neighbors': 6}",0.007651330338168624,0.07118780250851478,0.104825272541409,0.08747188312920115,10.91461027263853
9,BA11_80:20_MinMax_window2_PCA_90,Stochastic Gradient Descent Regressor,"{'tol': 1e-05, 'power_t': 0.5, 'penalty': 'l2', 'max_iter': 1000, 'loss': 'squared_loss', 'learning_rate': 'constant', 'l1_ratio': 0, 'fit_intercept': True, 'eta0': 0.001, 'alpha': 0.01}",0.02318331095108384,0.126011857003465,0.1700459852835665,0.1522606677743265,18.87119865997597
10,BA11_80:20_MinMax_window2_PCA_95,Stochastic Gradient Descent Regressor,"{'tol': 1e-05, 'power_t': 0.5, 'penalty': 'l2', 'max_iter': 1000, 'loss': 'squared_loss', 'learning_rate': 'constant', 'l1_ratio': 0, 'fit_intercept': True, 'eta0': 0.001, 'alpha': 0.01}",0.02249837693077362,0.1245823260858609,0.1685735607921824,0.1499945896716732,18.67385691817612
11,BA11_80:20_MinMax_window2_PCA_90,Voting Regressor,"{'rf__n_estimators': 10, 'gb__n_estimators': 10}",0.02061920317897045,0.115638898524872,0.1540831205517132,0.1435938828048411,17.04902302240803
12,BA11_80:20_MinMax_window2_PCA_95,Voting Regressor,"{'rf__n_estimators': 10, 'gb__n_estimators': 10}",0.01363413596151771,0.09507203496361528,0.1293520876093035,0.1167653029008092,13.99588129861773
13,BA11_80:20_MinMax_window2_PCA_90,Stacking Regressor,{'final_estimator': RandomForestRegressor(random_state=42)},0.1553557703400491,0.2714937838947279,0.3491939744911818,0.3941519635115993,47.61333881052487
14,BA11_80:20_MinMax_window2_PCA_95,Stacking Regressor,{'final_estimator': LinearRegression()},0.126677745722433,0.3011636687993314,0.4123341234690375,0.3559181727903662,48.01488789374195
15,BA11_80:20_MinMax_window2_PCA_90,Gradient Boosting Regressor,"{'n_estimators': 200, 'min_samples_split': 2, 'min_samples_leaf': 10, 'min_impurity_decrease': 0, 'max_leaf_nodes': 5, 'max_features': 'log2', 'max_depth': 30, 'learning_rate': 0.1}",0.01992067008968109,0.1067637016867815,0.1391444892997324,0.1411406039723548,15.09478128680085
16,BA11_80:20_MinMax_window2_PCA_95,Gradient Boosting Regressor,"{'n_estimators': 200, 'min_samples_split': 2, 'min_samples_leaf': 10, 'min_impurity_decrease': 0, 'max_leaf_nodes': 5, 'max_features': 'log2', 'max_depth': 30, 'learning_rate': 0.1}",0.02404515690019319,0.1179800367574783,0.1497984438844716,0.1550650086260378,16.19943776689008
17,BA11_80:20_MinMax_window2_PCA_90,Random Forest Regressor,"{'n_estimators': 10, 'min_samples_split': 2, 'min_samples_leaf': 4, 'max_depth': 30}",0.01744629497115284,0.09471864950969631,0.1221036918314133,0.1320844236507577,13.50008656255017
18,BA11_80:20_MinMax_window2_PCA_95,Random Forest Regressor,"{'n_estimators': 10, 'min_samples_split': 2, 'min_samples_leaf': 4, 'max_depth': 30}",0.01532680252426348,0.0900290734461196,0.1162237943613147,0.123801464144264,12.7666505786252
19,BA11_80:20_MinMax_window2_PCA_90,AdaBoostRegressor,"{'n_estimators': 400, 'loss': 'square', 'learning_rate': 1.0}",0.01298034693971986,0.08686850952309262,0.1161282919378124,0.1139313255418362,11.7613810457297
20,BA11_80:20_MinMax_window2_PCA_95,AdaBoostRegressor,"{'n_estimators': 400, 'loss': 'square', 'learning_rate': 1.0}",0.01292505284182381,0.08389009321569031,0.1098217156665285,0.1136884024068586,11.15134684954424
21,BA11_80:20_MinMax_window2_PCA_90,BaggingRegressor,"{'n_estimators': 150, 'max_samples': 0.1, 'max_features': 1.0}",0.02221964754232365,0.1134843929567107,0.143641669076643,0.1490625625109258,15.66376447295598
22,BA11_80:20_MinMax_window2_PCA_95,BaggingRegressor,"{'n_estimators': 150, 'max_samples': 0.1, 'max_features': 1.0}",0.02101859468241297,0.1110775890519858,0.1432386291550431,0.1449779110154818,15.39594022918467
23,BA11_80:20_MinMax_window2_PCA_90,ExtraTreesRegressor,"{'n_estimators': 10, 'min_samples_split': 10, 'min_samples_leaf': 2, 'max_depth': 10}",0.01450927172418442,0.0864544123351024,0.1115280978049537,0.1204544383747831,11.94008866761492
24,BA11_80:20_MinMax_window2_PCA_95,ExtraTreesRegressor,"{'n_estimators': 200, 'min_samples_split': 5, 'min_samples_leaf': 2, 'max_depth': None}",0.01501592838474928,0.08985915887888635,0.1117939600386771,0.1225394972437429,12.09333162969555
25,BA11_80:20_MinMax_window2_PCA_90,XGBoost Regressor,"{'subsample': 1.0, 'reg_lambda': 0, 'reg_alpha': 1.0, 'n_estimators': 700, 'min_child_weight': 1, 'max_depth': 9, 'learning_rate': 0.01, 'gamma': 0.3, 'colsample_bytree': 0.8}",0.02725143300886463,0.1243487007791708,0.155569476543128,0.1650800805938276,17.37361433185083
26,BA11_80:20_MinMax_window2_PCA_95,XGBoost Regressor,"{'subsample': 1.0, 'reg_lambda': 0, 'reg_alpha': 1.0, 'n_estimators': 700, 'min_child_weight': 1, 'max_depth': 9, 'learning_rate': 0.01, 'gamma': 0.3, 'colsample_bytree': 0.8}",0.02729919383240875,0.1246947185145159,0.1564297233484333,0.1652246768264618,17.44701164538177
27,BA11_80:20_MinMax_window2_PCA_90,Multilayer Perceptron,"{'module__num_units': 50, 'module__activation_func': Tanh(), 'lr': 0.1}",0.02558986097574234,0.1323889344930649,0.1969750970602036,0.1599683124113721,18.92083883285522
28,BA11_80:20_MinMax_window2_PCA_95,Multilayer Perceptron,"{'module__num_units': 20, 'module__activation_func': Tanh(), 'lr': 0.1}",0.02684846334159374,0.1347143948078156,0.2012758255004883,0.1638550070690357,19.24052536487579
29,BA11_80:20_MinMax_window2_PCA_90,Long Short-Term Memory Network,"{'module__num_layers': 1, 'module__hidden_size': 25, 'max_epochs': 20, 'lr': 0.1, 'batch_size': 16}",0.020411416888237,0.1268256306648254,0.1804457306861877,0.1428685300835597,17.00146943330765
30,BA11_80:20_MinMax_window2_PCA_95,Long Short-Term Memory Network,"{'module__num_layers': 1, 'module__hidden_size': 25, 'max_epochs': 20, 'lr': 0.1, 'batch_size': 16}",0.02566281333565712,0.143996998667717,0.2007158994674683,0.1601961714138547,19.24308985471725
31,BA11_80:20_MinMax_window2_PCA_90,Convolutional neural network,{},0.03281286731362343,0.1455455124378204,0.2076090127229691,0.1811432232064546,21.42500132322311
32,BA11_80:20_MinMax_window2_PCA_95,Convolutional neural network,{},0.03087292611598969,0.1384067982435226,0.1875170022249222,0.1757069324642306,19.83614861965179
33,BA11_60:40_MinMax_window2_PCA_90,Linear Regressor,{},0.03453163449567629,0.1555163764795248,0.3176912643493772,0.1858268938977249,27.23486374584008
34,BA11_60:40_MinMax_window2_PCA_95,Linear Regressor,{},0.03273183217864818,0.1496102370682928,0.3141920619635196,0.180919407965669,26.30008287814768
35,BA11_60:40_MinMax_window2_PCA_90,Support Vector Regressor,"{'kernel': 'linear', 'gamma': 1, 'C': 100}",0.03789176113075692,0.1613223533906912,0.317872627479254,0.1946580620749033,28.70789718862306
36,BA11_60:40_MinMax_window2_PCA_95,Support Vector Regressor,"{'kernel': 'linear', 'gamma': 1, 'C': 100}",0.03456579025240816,0.1516349190849319,0.3194376025267691,0.1859187732651228,27.42948791856237
37,BA11_60:40_MinMax_window2_PCA_90,Decision Tree Regressor,"{'splitter': 'best', 'min_samples_split': 10, 'min_samples_leaf': 2, 'min_impurity_decrease': 0.01, 'max_leaf_nodes': 20, 'max_features': None, 'max_depth': 14, 'criterion': 'friedman_mse', 'ccp_alpha': 0.0}",0.04377285395872856,0.1627441219951585,0.4327899107172457,0.2092196309114624,31.17291429381028
38,BA11_60:40_MinMax_window2_PCA_95,Decision Tree Regressor,"{'splitter': 'best', 'min_samples_split': 10, 'min_samples_leaf': 2, 'min_impurity_decrease': 0.01, 'max_leaf_nodes': 20, 'max_features': None, 'max_depth': 14, 'criterion': 'friedman_mse', 'ccp_alpha': 0.0}",0.04448949684801774,0.1618196904100054,0.4334278238972956,0.2109253347704295,30.58235742064967
39,BA11_60:40_MinMax_window2_PCA_90,K-Neighbors Regressor,"{'weights': 'uniform', 'n_neighbors': 5}",0.03789007969552314,0.1420150050547331,0.3877130461631412,0.1946537430812034,24.5278338616748
40,BA11_60:40_MinMax_window2_PCA_95,K-Neighbors Regressor,"{'weights': 'distance', 'n_neighbors': 6}",0.03874011173688519,0.149986141466457,0.3852889657514276,0.1968250790343679,26.32181133044414
41,BA11_60:40_MinMax_window2_PCA_90,Stochastic Gradient Descent Regressor,"{'tol': 1e-05, 'power_t': 0.5, 'penalty': 'l2', 'max_iter': 1000, 'loss': 'squared_loss', 'learning_rate': 'constant', 'l1_ratio': 0, 'fit_intercept': True, 'eta0': 0.001, 'alpha': 0.01}",0.03276839407877064,0.1369327250871655,0.3537244566174633,0.1810204244795892,24.05781496995306
42,BA11_60:40_MinMax_window2_PCA_95,Stochastic Gradient Descent Regressor,"{'tol': 1e-05, 'power_t': 0.5, 'penalty': 'l2', 'max_iter': 1000, 'loss': 'squared_loss', 'learning_rate': 'constant', 'l1_ratio': 0, 'fit_intercept': True, 'eta0': 0.001, 'alpha': 0.01}",0.03247456093675517,0.1363984822108544,0.3527569988919325,0.1802069946943103,23.97285563833515
43,BA11_60:40_MinMax_window2_PCA_90,Voting Regressor,"{'rf__n_estimators': 10, 'gb__n_estimators': 100}",0.02608969341738513,0.1300037993479323,0.3452742189558127,0.161523042991968,22.80080772343004
44,BA11_60:40_MinMax_window2_PCA_95,Voting Regressor,"{'rf__n_estimators': 10, 'gb__n_estimators': 100}",0.02588101106851629,0.1288117138613507,0.348963375506684,0.1608757628374029,22.90249875432692
45,BA11_60:40_MinMax_window2_PCA_90,Stacking Regressor,{'final_estimator': LinearSVR(random_state=42)},0.03960639168117325,0.1530186513025285,0.4140367520386905,0.1990135464765483,26.31958824631906
46,BA11_60:40_MinMax_window2_PCA_95,Stacking Regressor,{'final_estimator': LinearSVR(random_state=42)},0.0361050729074457,0.1490420324648992,0.3898896047117373,0.1900133492874795,25.79250440142166
47,BA11_60:40_MinMax_window2_PCA_90,Gradient Boosting Regressor,"{'n_estimators': 200, 'min_samples_split': 2, 'min_samples_leaf': 10, 'min_impurity_decrease': 0, 'max_leaf_nodes': 5, 'max_features': 'log2', 'max_depth': 30, 'learning_rate': 0.1}",0.02358595546962176,0.1202975834822276,0.3025074651125688,0.1535771971017239,21.51298119571894
48,BA11_60:40_MinMax_window2_PCA_95,Gradient Boosting Regressor,"{'n_estimators': 50, 'min_samples_split': 2, 'min_samples_leaf': 2, 'min_impurity_decrease': 0, 'max_leaf_nodes': 15, 'max_features': 'log2', 'max_depth': 20, 'learning_rate': 0.05}",0.02596310158804464,0.1206899670414745,0.3457192687108969,0.1611306972244725,21.52050331156231
49,BA11_60:40_MinMax_window2_PCA_90,Random Forest Regressor,"{'n_estimators': 10, 'min_samples_split': 2, 'min_samples_leaf': 4, 'max_depth': 30}",0.03061273741759798,0.1311622283337126,0.4052122856580682,0.174964960542384,24.69053239449576
50,BA11_60:40_MinMax_window2_PCA_95,Random Forest Regressor,"{'n_estimators': 10, 'min_samples_split': 10, 'min_samples_leaf': 2, 'max_depth': 10}",0.03168298653126857,0.1358922018240725,0.413798225514226,0.1779971531549552,25.57522830713182
51,BA11_60:40_MinMax_window2_PCA_90,AdaBoostRegressor,"{'n_estimators': 250, 'loss': 'exponential', 'learning_rate': 0.01}",0.02600616349022443,0.1179110770121451,0.3756727775643275,0.1612642660052885,22.36788674396374
52,BA11_60:40_MinMax_window2_PCA_95,AdaBoostRegressor,"{'n_estimators': 250, 'loss': 'exponential', 'learning_rate': 0.01}",0.02664993868788606,0.1203797624446848,0.3823317060603505,0.1632480893851014,22.84849020406721
53,BA11_60:40_MinMax_window2_PCA_90,BaggingRegressor,"{'n_estimators': 160, 'max_samples': 0.7000000000000001, 'max_features': 0.8}",0.02635552690138399,0.1191524632606468,0.3663472999473498,0.1623438539070204,20.96964571994519
54,BA11_60:40_MinMax_window2_PCA_95,BaggingRegressor,"{'n_estimators': 160, 'max_samples': 0.7000000000000001, 'max_features': 0.8}",0.02594902000478074,0.120490000885347,0.3655472022087645,0.1610869951447998,21.13833473879824
55,BA11_60:40_MinMax_window2_PCA_90,ExtraTreesRegressor,"{'n_estimators': 10, 'min_samples_split': 10, 'min_samples_leaf': 2, 'max_depth': 10}",0.02935833333093702,0.1242781817675302,0.3499322036335017,0.1713427364405536,21.58932548528178
56,BA11_60:40_MinMax_window2_PCA_95,ExtraTreesRegressor,"{'n_estimators': 200, 'min_samples_split': 5, 'min_samples_leaf': 2, 'max_depth': None}",0.02435505159412803,0.1179984319962026,0.3347912192074488,0.1560610508555162,20.80169085710821
57,BA11_60:40_MinMax_window2_PCA_90,XGBoost Regressor,"{'subsample': 0.7, 'reg_lambda': 1.0, 'reg_alpha': 0.1, 'n_estimators': 200, 'min_child_weight': 5, 'max_depth': 6, 'learning_rate': 0.2, 'gamma': 0.1, 'colsample_bytree': 0.7}",0.03000538776448996,0.1268096081058513,0.3784154479694666,0.1732206331950382,22.68708325465058
58,BA11_60:40_MinMax_window2_PCA_95,XGBoost Regressor,"{'subsample': 0.9, 'reg_lambda': 0, 'reg_alpha': 0.1, 'n_estimators': 400, 'min_child_weight': 5, 'max_depth': 9, 'learning_rate': 0.01, 'gamma': 0.2, 'colsample_bytree': 0.9}",0.02907409505069043,0.12620542137573,0.3792767129468217,0.1705112754356451,21.92473990054418
59,BA11_60:40_MinMax_window2_PCA_90,Multilayer Perceptron,"{'module__num_units': 50, 'module__activation_func': Tanh(), 'lr': 0.1}",0.04991273954510689,0.1746568232774734,0.5423241853713989,0.2234115922352886,29.20787036418915
60,BA11_60:40_MinMax_window2_PCA_95,Multilayer Perceptron,"{'module__num_units': 50, 'module__activation_func': Tanh(), 'lr': 0.1}",0.05010469257831573,0.1768245100975037,0.540940523147583,0.2238407750574406,29.55760061740875
61,BA11_60:40_MinMax_window2_PCA_90,Long Short-Term Memory Network,"{'module__num_layers': 1, 'module__hidden_size': 25, 'max_epochs': 20, 'lr': 0.1, 'batch_size': 16}",0.03421914950013161,0.1546706259250641,0.2767529785633087,0.184984187162394,22.73578643798828
62,BA11_60:40_MinMax_window2_PCA_95,Long Short-Term Memory Network,"{'module__num_layers': 1, 'module__hidden_size': 75, 'max_epochs': 30, 'lr': 0.1, 'batch_size': 16}",0.03132815286517143,0.1499375998973846,0.261753261089325,0.176997606947584,22.11064398288727
63,BA11_60:40_MinMax_window2_PCA_90,Convolutional neural network,{},0.04962120577692986,0.149002730846405,0.5562013387680054,0.2227581778003444,25.25322139263153
64,BA11_60:40_MinMax_window2_PCA_95,Convolutional neural network,{},0.05479798838496208,0.1673924177885056,0.5799567699432373,0.2340897015781815,27.87800133228302
65,BA11_70:30_MinMax_window2_PCA_90,Linear Regressor,{},0.05540346944606855,0.1797238506197312,0.3049372555243392,0.2353794159353544,30.63544785432967
66,BA11_70:30_MinMax_window2_PCA_95,Linear Regressor,{},0.07076709657957025,0.2048923875001729,0.3111728351249646,0.2660208574145461,34.8455531977655
67,BA11_70:30_MinMax_window2_PCA_90,Support Vector Regressor,"{'kernel': 'rbf', 'gamma': 0.0001, 'C': 1}",0.04426537395225778,0.1684026812751268,0.3361862115051952,0.2103933790599357,26.92273894510367
68,BA11_70:30_MinMax_window2_PCA_95,Support Vector Regressor,"{'kernel': 'rbf', 'gamma': 0.0001, 'C': 1}",0.04421241626970912,0.1683195866510579,0.3361536870040138,0.2102674874290106,26.90981142867942
69,BA11_70:30_MinMax_window2_PCA_90,Decision Tree Regressor,"{'splitter': 'best', 'min_samples_split': 5, 'min_samples_leaf': 4, 'min_impurity_decrease': 0.1, 'max_leaf_nodes': 90, 'max_features': None, 'max_depth': 26, 'criterion': 'mae', 'ccp_alpha': 0.0}",0.04391648603357255,0.1679726000896552,0.3390046768527005,0.2095626064773307,26.8385981240602
70,BA11_70:30_MinMax_window2_PCA_95,Decision Tree Regressor,"{'splitter': 'best', 'min_samples_split': 5, 'min_samples_leaf': 4, 'min_impurity_decrease': 0.1, 'max_leaf_nodes': 90, 'max_features': None, 'max_depth': 26, 'criterion': 'mae', 'ccp_alpha': 0.0}",0.04391648603357255,0.1679726000896552,0.3390046768527005,0.2095626064773307,26.8385981240602
71,BA11_70:30_MinMax_window2_PCA_90,K-Neighbors Regressor,"{'weights': 'uniform', 'n_neighbors': 2}",0.0567512968099938,0.1858296117719528,0.3076183920459635,0.2382253068210718,30.61145638514143
72,BA11_70:30_MinMax_window2_PCA_95,K-Neighbors Regressor,"{'weights': 'distance', 'n_neighbors': 3}",0.05316554773468806,0.1846154041976508,0.308560220857566,0.2305765550412445,30.20263249711743
73,BA11_70:30_MinMax_window2_PCA_90,Stochastic Gradient Descent Regressor,"{'tol': 0.0001, 'power_t': 0.25, 'penalty': 'elasticnet', 'max_iter': 3000, 'loss': 'squared_loss', 'learning_rate': 'optimal', 'l1_ratio': 0, 'fit_intercept': True, 'eta0': 0.001, 'alpha': 1}",0.04619804345421116,0.1715089432531207,0.3238217884906093,0.2149373012164505,27.54603370766135
74,BA11_70:30_MinMax_window2_PCA_95,Stochastic Gradient Descent Regressor,"{'tol': 0.0001, 'power_t': 0.25, 'penalty': 'elasticnet', 'max_iter': 3000, 'loss': 'squared_loss', 'learning_rate': 'optimal', 'l1_ratio': 0, 'fit_intercept': True, 'eta0': 0.001, 'alpha': 1}",0.04609618785696456,0.1714818523700614,0.3223886288484603,0.2147002278922045,27.56010209213641
75,BA11_70:30_MinMax_window2_PCA_90,Voting Regressor,"{'rf__n_estimators': 10, 'gb__n_estimators': 10}",0.04348273438289393,0.1693361974100751,0.3038418654835328,0.2085251408892796,27.64570232901825
76,BA11_70:30_MinMax_window2_PCA_95,Voting Regressor,"{'rf__n_estimators': 50, 'gb__n_estimators': 50}",0.04506418858783496,0.1733071452075152,0.2966690653975481,0.2122832743949343,28.65551661849458
77,BA11_70:30_MinMax_window2_PCA_90,Stacking Regressor,{'final_estimator': RandomForestRegressor(random_state=42)},0.08915429885523851,0.2287125422088791,0.4577672053377765,0.2985871712837618,37.87681244220084
78,BA11_70:30_MinMax_window2_PCA_95,Stacking Regressor,{'final_estimator': LinearSVR(random_state=42)},0.06275988806946858,0.1981913316615816,0.3925422397196305,0.2505192369249687,31.5335365782307
79,BA11_70:30_MinMax_window2_PCA_90,Gradient Boosting Regressor,"{'n_estimators': 200, 'min_samples_split': 2, 'min_samples_leaf': 10, 'min_impurity_decrease': 0, 'max_leaf_nodes': 5, 'max_features': 'log2', 'max_depth': 30, 'learning_rate': 0.1}",0.06152583666238644,0.2086178612640399,0.3465985226352081,0.248044021621942,34.63416298934553
80,BA11_70:30_MinMax_window2_PCA_95,Gradient Boosting Regressor,"{'n_estimators': 50, 'min_samples_split': 2, 'min_samples_leaf': 2, 'min_impurity_decrease': 0, 'max_leaf_nodes': 15, 'max_features': 'log2', 'max_depth': 20, 'learning_rate': 0.05}",0.04365201042025989,0.175114699753128,0.3115519182124988,0.2089306354277895,28.56324623707864
81,BA11_70:30_MinMax_window2_PCA_90,Random Forest Regressor,"{'n_estimators': 50, 'min_samples_split': 2, 'min_samples_leaf': 4, 'max_depth': 20}",0.04680975462854917,0.1768627230901803,0.3193895420792465,0.2163556207463748,28.81211604010419
82,BA11_70:30_MinMax_window2_PCA_95,Random Forest Regressor,"{'n_estimators': 50, 'min_samples_split': 2, 'min_samples_leaf': 4, 'max_depth': 20}",0.04583168807808734,0.176126577689647,0.3313792430075503,0.2140833671215196,28.59511762341207
83,BA11_70:30_MinMax_window2_PCA_90,AdaBoostRegressor,"{'n_estimators': 400, 'loss': 'square', 'learning_rate': 1.0}",0.04633580939828361,0.1860453442430461,0.3420088238653953,0.2152575420241614,30.08192254625112
84,BA11_70:30_MinMax_window2_PCA_95,AdaBoostRegressor,"{'n_estimators': 400, 'loss': 'square', 'learning_rate': 1.0}",0.04985468947851374,0.1868201416469698,0.3404325568172937,0.2232816371278967,30.39606310752709
85,BA11_70:30_MinMax_window2_PCA_90,BaggingRegressor,"{'n_estimators': 130, 'max_samples': 0.8, 'max_features': 0.6}",0.04412034439057358,0.1759202587693595,0.3304794563236962,0.2100484334399416,28.50888709524717
86,BA11_70:30_MinMax_window2_PCA_95,BaggingRegressor,"{'n_estimators': 50, 'max_samples': 0.7000000000000001, 'max_features': 0.9}",0.04288585388611553,0.1699973199825726,0.3156558455146852,0.2070889999157742,27.54688500505675
87,BA11_70:30_MinMax_window2_PCA_90,ExtraTreesRegressor,"{'n_estimators': 100, 'min_samples_split': 5, 'min_samples_leaf': 2, 'max_depth': None}",0.04101883594916707,0.1686945537592494,0.3105100108002724,0.2025310740335099,27.49795057948378
88,BA11_70:30_MinMax_window2_PCA_95,ExtraTreesRegressor,"{'n_estimators': 10, 'min_samples_split': 2, 'min_samples_leaf': 4, 'max_depth': 30}",0.03955507835511467,0.163855438130856,0.2953897668425265,0.1988845855140983,27.44953536633328
89,BA11_70:30_MinMax_window2_PCA_90,XGBoost Regressor,"{'subsample': 0.8, 'reg_lambda': 0.5, 'reg_alpha': 1.0, 'n_estimators': 600, 'min_child_weight': 5, 'max_depth': 8, 'learning_rate': 0.2, 'gamma': 0.1, 'colsample_bytree': 0.7}",0.04387523153841396,0.1724603259434599,0.3000942229919964,0.2094641533494788,28.09666716501996
90,BA11_70:30_MinMax_window2_PCA_95,XGBoost Regressor,"{'subsample': 0.9, 'reg_lambda': 1.0, 'reg_alpha': 0, 'n_estimators': 100, 'min_child_weight': 5, 'max_depth': 3, 'learning_rate': 0.1, 'gamma': 0.2, 'colsample_bytree': 1.0}",0.0472843860773027,0.1818993507458713,0.3322440771122023,0.2174497322999104,29.78480364067566
91,BA11_70:30_MinMax_window2_PCA_90,Multilayer Perceptron,"{'module__num_units': 20, 'module__activation_func': ReLU(), 'lr': 0.1}",0.04156487435102463,0.1647074371576309,0.3666206002235413,0.203874653527663,26.16926431655884
92,BA11_70:30_MinMax_window2_PCA_95,Multilayer Perceptron,"{'module__num_units': 20, 'module__activation_func': ReLU(), 'lr': 0.1}",0.04088138043880463,0.1631432175636292,0.3683156371116638,0.2021914450188351,25.92253088951111
93,BA11_70:30_MinMax_window2_PCA_90,Long Short-Term Memory Network,"{'module__num_layers': 1, 'module__hidden_size': 75, 'max_epochs': 30, 'lr': 0.1, 'batch_size': 16}",0.02754924446344376,0.1444018930196762,0.2260448336601257,0.1659796507510597,20.48941552639008
94,BA11_70:30_MinMax_window2_PCA_95,Long Short-Term Memory Network,"{'module__num_layers': 1, 'module__hidden_size': 75, 'max_epochs': 30, 'lr': 0.1, 'batch_size': 16}",0.02965854480862617,0.1484932899475098,0.2332374900579453,0.1722165636883577,20.98640352487564
95,BA11_70:30_MinMax_window2_PCA_90,Convolutional neural network,{},0.04019349813461304,0.1512530744075775,0.31277996301651,0.2004831617234052,24.28653836250305
96,BA11_70:30_MinMax_window2_PCA_95,Convolutional neural network,{},0.05726822838187218,0.1942335069179535,0.330126017332077,0.2393078109503996,31.66327774524689
97,BA11_80:20_Log_window2_PCA_90,Linear Regressor,{},0.1675967823640964,0.3446347064254013,0.1264639223015057,0.4093858599953062,13.75666586778244
98,BA11_80:20_Log_window2_PCA_95,Linear Regressor,{},0.2284517442447556,0.415061364347806,0.1512621243420675,0.4779662584793571,16.50057377626895
99,BA11_80:20_Log_window2_PCA_90,Support Vector Regressor,"{'kernel': 'rbf', 'gamma': 0.01, 'C': 10}",0.02360791903750022,0.1179156434496772,0.04071239968593851,0.1536486870672842,4.186511104782546
100,BA11_80:20_Log_window2_PCA_95,Support Vector Regressor,"{'kernel': 'rbf', 'gamma': 0.01, 'C': 10}",0.02331946631178669,0.1169909547058122,0.04040096849703107,0.152707125936502,4.152049882652218
101,BA11_80:20_Log_window2_PCA_90,Decision Tree Regressor,"{'splitter': 'best', 'min_samples_split': 5, 'min_samples_leaf': 2, 'min_impurity_decrease': 1.0, 'max_leaf_nodes': 50, 'max_features': 'auto', 'max_depth': 32, 'criterion': 'mae', 'ccp_alpha': 1.0}",0.0672608414458546,0.2155105058152709,0.0765684654293943,0.2593469518730741,7.834417109646166
102,BA11_80:20_Log_window2_PCA_95,Decision Tree Regressor,"{'splitter': 'best', 'min_samples_split': 5, 'min_samples_leaf': 2, 'min_impurity_decrease': 1.0, 'max_leaf_nodes': 50, 'max_features': 'auto', 'max_depth': 32, 'criterion': 'mae', 'ccp_alpha': 1.0}",0.0672608414458546,0.2155105058152709,0.0765684654293943,0.2593469518730741,7.834417109646166
103,BA11_80:20_Log_window2_PCA_90,K-Neighbors Regressor,"{'weights': 'uniform', 'n_neighbors': 9}",0.09066061029192268,0.2146222330987005,0.07554673733555092,0.3010990041363848,8.086770263578538
104,BA11_80:20_Log_window2_PCA_95,K-Neighbors Regressor,"{'weights': 'uniform', 'n_neighbors': 9}",0.09610900518638402,0.2217764685660029,0.07759108766096896,0.3100145241539242,8.322836672719705
105,BA11_80:20_Log_window2_PCA_90,Stochastic Gradient Descent Regressor,"{'tol': 0.0001, 'power_t': 0.25, 'penalty': 'elasticnet', 'max_iter': 3000, 'loss': 'squared_loss', 'learning_rate': 'optimal', 'l1_ratio': 0, 'fit_intercept': True, 'eta0': 0.001, 'alpha': 1}",0.160509145848194,0.3348745707319975,0.1150879177305153,0.4006359268066133,12.48990898356738
106,BA11_80:20_Log_window2_PCA_95,Stochastic Gradient Descent Regressor,"{'tol': 0.0001, 'power_t': 0.25, 'penalty': 'elasticnet', 'max_iter': 3000, 'loss': 'squared_loss', 'learning_rate': 'optimal', 'l1_ratio': 0, 'fit_intercept': True, 'eta0': 0.001, 'alpha': 1}",0.1606501950079543,0.3349886415953258,0.115124928707643,0.4008119197428568,12.49452809079979
107,BA11_80:20_Log_window2_PCA_90,Voting Regressor,"{'rf__n_estimators': 50, 'gb__n_estimators': 10}",0.1037857765437653,0.2653930222838351,0.09562363556969126,0.3221579993477817,10.22178616454739
108,BA11_80:20_Log_window2_PCA_95,Voting Regressor,"{'rf__n_estimators': 100, 'gb__n_estimators': 10}",0.08160030160926184,0.2488984104349154,0.08981864896252001,0.2856576650630293,9.446515317533219
109,BA11_80:20_Log_window2_PCA_90,Stacking Regressor,{'final_estimator': LinearSVR(random_state=42)},0.03297333959832891,0.1390371688369416,0.04794267560251703,0.1815856260785223,4.954406201677393
110,BA11_80:20_Log_window2_PCA_95,Stacking Regressor,{'final_estimator': LinearSVR(random_state=42)},0.03278953379859571,0.1376312683811841,0.04750657262365651,0.181078805492514,4.9051482470785
111,BA11_80:20_Log_window2_PCA_90,Gradient Boosting Regressor,"{'n_estimators': 10, 'min_samples_split': 10, 'min_samples_leaf': 10, 'min_impurity_decrease': 2, 'max_leaf_nodes': 10, 'max_features': 'sqrt', 'max_depth': None, 'learning_rate': 0.05}",0.1174200945051073,0.2815074520562117,0.09679313694413218,0.342666156054413,10.39207527208018
112,BA11_80:20_Log_window2_PCA_95,Gradient Boosting Regressor,"{'n_estimators': 100, 'min_samples_split': 2, 'min_samples_leaf': 2, 'min_impurity_decrease': 0, 'max_leaf_nodes': 20, 'max_features': 'sqrt', 'max_depth': 30, 'learning_rate': 0.5}",0.1841841871737395,0.2862847189241925,0.1009642710328649,0.4291668523706595,11.13581712733712
113,BA11_80:20_Log_window2_PCA_90,Random Forest Regressor,"{'n_estimators': 100, 'min_samples_split': 5, 'min_samples_leaf': 4, 'max_depth': 10}",0.1015474846745831,0.2349963180252319,0.08788703348966244,0.318665160748054,9.533933341646932
114,BA11_80:20_Log_window2_PCA_95,Random Forest Regressor,"{'n_estimators': 100, 'min_samples_split': 10, 'min_samples_leaf': 1, 'max_depth': 20}",0.05508965285291868,0.2016506933555495,0.07449536683189763,0.2347118506870045,7.735631895811645
115,BA11_80:20_Log_window2_PCA_90,AdaBoostRegressor,"{'n_estimators': 250, 'loss': 'linear', 'learning_rate': 0.1}",0.1070625099984102,0.2360909657568807,0.08864386375404162,0.327204080045482,9.770539888336945
116,BA11_80:20_Log_window2_PCA_95,AdaBoostRegressor,"{'n_estimators': 400, 'loss': 'square', 'learning_rate': 1.0}",0.02641877495282362,0.1359084531156234,0.0491078157529576,0.1625385337476121,4.824558470721428
117,BA11_80:20_Log_window2_PCA_90,BaggingRegressor,"{'n_estimators': 80, 'max_samples': 0.7000000000000001, 'max_features': 0.1}",0.1936659588981196,0.3708335866704484,0.1305666649522549,0.4400749469103184,14.26090327373645
118,BA11_80:20_Log_window2_PCA_95,BaggingRegressor,"{'n_estimators': 150, 'max_samples': 0.1, 'max_features': 1.0}",0.1094203364843027,0.2523778890539405,0.08660323007134785,0.330787449103352,9.29431330823873
119,BA11_80:20_Log_window2_PCA_90,ExtraTreesRegressor,"{'n_estimators': 50, 'min_samples_split': 2, 'min_samples_leaf': 4, 'max_depth': 20}",0.1376065345420714,0.2807488962728432,0.1024804233621464,0.370953547687674,11.18200661454513
120,BA11_80:20_Log_window2_PCA_95,ExtraTreesRegressor,"{'n_estimators': 10, 'min_samples_split': 2, 'min_samples_leaf': 4, 'max_depth': 30}",0.0744473290815596,0.2272199578650146,0.08242495691430848,0.2728503785622435,8.721102009316887
121,BA11_80:20_Log_window2_PCA_90,XGBoost Regressor,"{'subsample': 0.8, 'reg_lambda': 0.5, 'reg_alpha': 1.0, 'n_estimators': 600, 'min_child_weight': 5, 'max_depth': 8, 'learning_rate': 0.2, 'gamma': 0.1, 'colsample_bytree': 0.7}",0.3186605641361788,0.4090326955428265,0.1517426230707524,0.5645002782427824,17.6966677078583
122,BA11_80:20_Log_window2_PCA_95,XGBoost Regressor,"{'subsample': 1.0, 'reg_lambda': 0, 'reg_alpha': 1.0, 'n_estimators': 700, 'min_child_weight': 1, 'max_depth': 9, 'learning_rate': 0.01, 'gamma': 0.3, 'colsample_bytree': 0.8}",0.1124350077656455,0.2671712818916681,0.09416030860282913,0.3353132979254558,10.08582053450142
123,BA11_80:20_Log_window2_PCA_90,Multilayer Perceptron,"{'module__num_units': 50, 'module__activation_func': Tanh(), 'lr': 0.1}",0.05384209007024765,0.1953683197498322,0.07066050916910172,0.2320389839450424,7.095120847225189
124,BA11_80:20_Log_window2_PCA_95,Multilayer Perceptron,"{'module__num_units': 50, 'module__activation_func': Tanh(), 'lr': 0.1}",0.05402197688817978,0.1901849806308746,0.06997169554233551,0.2324262826966429,6.909070909023285
125,BA11_80:20_Log_window2_PCA_90,Long Short-Term Memory Network,"{'module__num_layers': 1, 'module__hidden_size': 25, 'max_epochs': 20, 'lr': 0.1, 'batch_size': 16}",0.0393068790435791,0.1750414222478867,0.06177079677581787,0.1982596253491343,6.186000630259514
126,BA11_80:20_Log_window2_PCA_95,Long Short-Term Memory Network,"{'module__num_layers': 1, 'module__hidden_size': 25, 'max_epochs': 20, 'lr': 0.1, 'batch_size': 16}",0.03702517598867416,0.1684538871049881,0.05978508293628693,0.1924192713547013,5.953576788306236
127,BA11_80:20_Log_window2_PCA_90,Convolutional neural network,{},0.08665941655635834,0.2458307892084122,0.0852203443646431,0.2943797149199624,8.994637429714203
128,BA11_80:20_Log_window2_PCA_95,Convolutional neural network,{},0.06977852433919907,0.2187426835298538,0.08365145325660706,0.2641562498582971,7.872821390628815
129,BA11_60:40_Log_window2_PCA_90,Linear Regressor,{},0.19677148321869,0.3369411563237637,0.1535105040497561,0.4435893181972375,14.45822045978878
130,BA11_60:40_Log_window2_PCA_95,Linear Regressor,{},0.2409572460250274,0.3968553343750301,0.1625842727405393,0.490873961445326,16.91146517982486
131,BA11_60:40_Log_window2_PCA_90,Support Vector Regressor,"{'kernel': 'rbf', 'gamma': 0.01, 'C': 10}",0.1660067610217069,0.2325311623511458,0.1540213028007383,0.4074392728023489,10.61294628552512
132,BA11_60:40_Log_window2_PCA_95,Support Vector Regressor,"{'kernel': 'rbf', 'gamma': 0.01, 'C': 10}",0.1655800546056853,0.2319098254256185,0.153287643255578,0.4069152916832757,10.58211880426607
133,BA11_60:40_Log_window2_PCA_90,Decision Tree Regressor,"{'splitter': 'best', 'min_samples_split': 5, 'min_samples_leaf': 2, 'min_impurity_decrease': 1.0, 'max_leaf_nodes': 50, 'max_features': 'auto', 'max_depth': 32, 'criterion': 'mae', 'ccp_alpha': 1.0}",0.2616953232759602,0.3308489167878408,0.2031787550172416,0.5115616514907663,14.2017972742216
134,BA11_60:40_Log_window2_PCA_95,Decision Tree Regressor,"{'splitter': 'best', 'min_samples_split': 5, 'min_samples_leaf': 2, 'min_impurity_decrease': 1.0, 'max_leaf_nodes': 50, 'max_features': 'auto', 'max_depth': 32, 'criterion': 'mae', 'ccp_alpha': 1.0}",0.2616953232759602,0.3308489167878408,0.2031787550172416,0.5115616514907663,14.2017972742216
135,BA11_60:40_Log_window2_PCA_90,K-Neighbors Regressor,"{'weights': 'uniform', 'n_neighbors': 9}",0.2432815941302988,0.3164370070977029,0.1738198433857708,0.4932358402734931,14.0962208793084
136,BA11_60:40_Log_window2_PCA_95,K-Neighbors Regressor,"{'weights': 'distance', 'n_neighbors': 6}",0.1729219516699719,0.2707970312885216,0.1430574101601269,0.415838853006753,12.22577492345446
137,BA11_60:40_Log_window2_PCA_90,Stochastic Gradient Descent Regressor,"{'tol': 0.0001, 'power_t': 0.25, 'penalty': 'elasticnet', 'max_iter': 3000, 'loss': 'squared_loss', 'learning_rate': 'optimal', 'l1_ratio': 0, 'fit_intercept': True, 'eta0': 0.001, 'alpha': 1}",0.2928382017919841,0.4207793667483262,0.2183144020605171,0.5411452686589656,17.85517622793126
138,BA11_60:40_Log_window2_PCA_95,Stochastic Gradient Descent Regressor,"{'tol': 0.0001, 'power_t': 0.25, 'penalty': 'elasticnet', 'max_iter': 3000, 'loss': 'squared_loss', 'learning_rate': 'optimal', 'l1_ratio': 0, 'fit_intercept': True, 'eta0': 0.001, 'alpha': 1}",0.2926112817361877,0.420691824321363,0.2182230586478696,0.5409355615377748,17.85208857633551
139,BA11_60:40_Log_window2_PCA_90,Voting Regressor,"{'rf__n_estimators': 50, 'gb__n_estimators': 10}",0.115844849218058,0.2424718892526222,0.1083478720971364,0.3403598819162711,10.46374423058977
140,BA11_60:40_Log_window2_PCA_95,Voting Regressor,"{'rf__n_estimators': 200, 'gb__n_estimators': 200}",0.0862790019392791,0.2275432346756592,0.1142866781219151,0.2937328751421589,9.867944599791514
141,BA11_60:40_Log_window2_PCA_90,Stacking Regressor,{'final_estimator': LinearSVR(random_state=42)},0.2179275331892198,0.2940627821263538,0.1852782151283111,0.466827091318852,12.94232464070354
142,BA11_60:40_Log_window2_PCA_95,Stacking Regressor,{'final_estimator': LinearSVR(random_state=42)},0.1616580296161593,0.2382372765661812,0.1529583813499795,0.4020671953991762,10.83492525199932
143,BA11_60:40_Log_window2_PCA_90,Gradient Boosting Regressor,"{'n_estimators': 10, 'min_samples_split': 10, 'min_samples_leaf': 10, 'min_impurity_decrease': 2, 'max_leaf_nodes': 10, 'max_features': 'sqrt', 'max_depth': None, 'learning_rate': 0.05}",0.2240613160057778,0.3707002238143164,0.1883102587671582,0.4733511550696562,15.91148132267626
144,BA11_60:40_Log_window2_PCA_95,Gradient Boosting Regressor,"{'n_estimators': 200, 'min_samples_split': 10, 'min_samples_leaf': 2, 'min_impurity_decrease': 2, 'max_leaf_nodes': 20, 'max_features': None, 'max_depth': 20, 'learning_rate': 0.5}",0.1542748076771317,0.2490191669879873,0.1577804642180265,0.3927783187462512,11.11681349297411
145,BA11_60:40_Log_window2_PCA_90,Random Forest Regressor,"{'n_estimators': 100, 'min_samples_split': 5, 'min_samples_leaf': 4, 'max_depth': 10}",0.06198537432721284,0.1888558775983324,0.08207578376333521,0.2489686211698431,8.127779727260712
146,BA11_60:40_Log_window2_PCA_95,Random Forest Regressor,"{'n_estimators': 50, 'min_samples_split': 2, 'min_samples_leaf': 4, 'max_depth': 20}",0.08193561993892631,0.1863179766232587,0.1137194176123772,0.2862439867297238,8.728651783008521
147,BA11_60:40_Log_window2_PCA_90,AdaBoostRegressor,"{'n_estimators': 250, 'loss': 'linear', 'learning_rate': 0.1}",0.1357327604795232,0.2033854113161821,0.09443600683860266,0.3684192726765569,9.235702509541948
148,BA11_60:40_Log_window2_PCA_95,AdaBoostRegressor,"{'n_estimators': 200, 'loss': 'linear', 'learning_rate': 0.1}",0.1134979631651643,0.2207272035864595,0.1356953234947152,0.3368945876163111,10.16524680769297
149,BA11_60:40_Log_window2_PCA_90,BaggingRegressor,"{'n_estimators': 150, 'max_samples': 0.1, 'max_features': 1.0}",0.214936759513303,0.3234404422142445,0.1745338366115526,0.4636127257887805,14.102857438989
150,BA11_60:40_Log_window2_PCA_95,BaggingRegressor,"{'n_estimators': 150, 'max_samples': 0.1, 'max_features': 1.0}",0.1942065705848855,0.2999935154961332,0.1714988519467431,0.4406887456980101,13.11823953316746
151,BA11_60:40_Log_window2_PCA_90,ExtraTreesRegressor,"{'n_estimators': 100, 'min_samples_split': 5, 'min_samples_leaf': 4, 'max_depth': 10}",0.164331325823329,0.2899291818155582,0.1319389970927132,0.4053780036254175,12.79599528561804
152,BA11_60:40_Log_window2_PCA_95,ExtraTreesRegressor,"{'n_estimators': 100, 'min_samples_split': 5, 'min_samples_leaf': 2, 'max_depth': None}",0.09160696326567414,0.1909290608645129,0.1160635713470761,0.3026664224285114,8.878591548494805
153,BA11_60:40_Log_window2_PCA_90,XGBoost Regressor,"{'subsample': 0.8, 'reg_lambda': 0.5, 'reg_alpha': 1.0, 'n_estimators': 600, 'min_child_weight': 5, 'max_depth': 8, 'learning_rate': 0.2, 'gamma': 0.1, 'colsample_bytree': 0.7}",0.2348382144694545,0.3320368954250486,0.1378258751700163,0.484601087977993,14.52819954531807
154,BA11_60:40_Log_window2_PCA_95,XGBoost Regressor,"{'subsample': 1.0, 'reg_lambda': 0, 'reg_alpha': 1.0, 'n_estimators': 700, 'min_child_weight': 1, 'max_depth': 9, 'learning_rate': 0.01, 'gamma': 0.3, 'colsample_bytree': 0.8}",0.09239490537452606,0.2053374182081956,0.1213766016836443,0.3039653029122338,9.472087660808329
155,BA11_60:40_Log_window2_PCA_90,Multilayer Perceptron,"{'module__num_units': 20, 'module__activation_func': Tanh(), 'lr': 0.1}",0.2534725368022919,0.297698438167572,0.195242702960968,0.5034605613176586,12.96049505472183
156,BA11_60:40_Log_window2_PCA_95,Multilayer Perceptron,"{'module__num_units': 50, 'module__activation_func': Tanh(), 'lr': 0.1}",0.2602879405021667,0.2956161201000214,0.1967913508415222,0.5101842221219378,12.8711462020874
157,BA11_60:40_Log_window2_PCA_90,Long Short-Term Memory Network,"{'module__num_layers': 1, 'module__hidden_size': 75, 'max_epochs': 30, 'lr': 0.1, 'batch_size': 16}",0.086509570479393,0.2332527786493301,0.09125317633152008,0.2941250932501221,8.704837411642075
158,BA11_60:40_Log_window2_PCA_95,Long Short-Term Memory Network,"{'module__num_layers': 1, 'module__hidden_size': 75, 'max_epochs': 30, 'lr': 0.1, 'batch_size': 16}",0.08739044517278671,0.2331701219081879,0.09155137836933136,0.2956187496976244,8.701539039611816
159,BA11_60:40_Log_window2_PCA_90,Convolutional neural network,{},0.53096604347229,0.489049881696701,0.2971081435680389,0.7286741682482576,19.03237253427505
160,BA11_60:40_Log_window2_PCA_95,Convolutional neural network,{},0.3837135136127472,0.3736603260040283,0.2430720776319504,0.6194461345530757,15.436090528965
161,BA11_70:30_Log_window2_PCA_90,Linear Regressor,{},0.1895363614506785,0.3272579801304239,0.1238857122072029,0.4353577396241837,13.33152973079576
162,BA11_70:30_Log_window2_PCA_95,Linear Regressor,{},0.2420500523364548,0.4113480464183404,0.1555430089152881,0.4919858253409897,17.14203581828942
163,BA11_70:30_Log_window2_PCA_90,Support Vector Regressor,"{'kernel': 'rbf', 'gamma': 0.01, 'C': 10}",0.08487502410804852,0.1875067786519957,0.08658472019425077,0.2913331840145378,7.643233340734165
164,BA11_70:30_Log_window2_PCA_95,Support Vector Regressor,"{'kernel': 'rbf', 'gamma': 0.01, 'C': 10}",0.08577166684231619,0.1884852499894996,0.08680080488967558,0.2928680024214256,7.675044338477402
165,BA11_70:30_Log_window2_PCA_90,Decision Tree Regressor,"{'splitter': 'best', 'min_samples_split': 5, 'min_samples_leaf': 2, 'min_impurity_decrease': 1.0, 'max_leaf_nodes': 50, 'max_features': 'auto', 'max_depth': 32, 'criterion': 'mae', 'ccp_alpha': 1.0}",0.1529578787043435,0.2777347546232478,0.1255895264380591,0.3910982980074746,11.02166239305382
166,BA11_70:30_Log_window2_PCA_95,Decision Tree Regressor,"{'splitter': 'best', 'min_samples_split': 5, 'min_samples_leaf': 2, 'min_impurity_decrease': 1.0, 'max_leaf_nodes': 50, 'max_features': 'auto', 'max_depth': 32, 'criterion': 'mae', 'ccp_alpha': 1.0}",0.1529578787043435,0.2777347546232478,0.1255895264380591,0.3910982980074746,11.02166239305382
167,BA11_70:30_Log_window2_PCA_90,K-Neighbors Regressor,"{'weights': 'uniform', 'n_neighbors': 9}",0.1771234378424704,0.2891399639745237,0.1131261330313704,0.4208603543248882,11.83133177806361
168,BA11_70:30_Log_window2_PCA_95,K-Neighbors Regressor,"{'weights': 'uniform', 'n_neighbors': 9}",0.1734005359409009,0.2851048559456957,0.1114773263430758,0.4164138997931036,11.65029046298625
169,BA11_70:30_Log_window2_PCA_90,Stochastic Gradient Descent Regressor,"{'tol': 0.0001, 'power_t': 0.25, 'penalty': 'elasticnet', 'max_iter': 3000, 'loss': 'squared_loss', 'learning_rate': 'optimal', 'l1_ratio': 0, 'fit_intercept': True, 'eta0': 0.001, 'alpha': 1}",0.2157629917290099,0.3801237274004825,0.1530360154757276,0.4645029512597417,15.07446127817528
170,BA11_70:30_Log_window2_PCA_95,Stochastic Gradient Descent Regressor,"{'tol': 0.0001, 'power_t': 0.25, 'penalty': 'elasticnet', 'max_iter': 3000, 'loss': 'squared_loss', 'learning_rate': 'optimal', 'l1_ratio': 0, 'fit_intercept': True, 'eta0': 0.001, 'alpha': 1}",0.2156698420281371,0.3799722444292625,0.1529694628003872,0.4644026722878941,15.06829461468616
171,BA11_70:30_Log_window2_PCA_90,Voting Regressor,"{'rf__n_estimators': 10, 'gb__n_estimators': 10}",0.08564161919719018,0.2312168309081718,0.08903296941549271,0.2926458938669569,9.255910984569903
172,BA11_70:30_Log_window2_PCA_95,Voting Regressor,"{'rf__n_estimators': 100, 'gb__n_estimators': 10}",0.1238276389378373,0.2850577171425751,0.1109004660681943,0.3518915158650991,11.73333043557653
173,BA11_70:30_Log_window2_PCA_90,Stacking Regressor,{'final_estimator': LinearSVR(random_state=42)},0.1087139400756869,0.1901645635819708,0.09269587224406588,0.329717970507655,7.784886397842363
174,BA11_70:30_Log_window2_PCA_95,Stacking Regressor,{'final_estimator': LinearSVR(random_state=42)},0.07642959865466165,0.1838331973264866,0.08250148857264178,0.2764590361240913,7.473524502520023
175,BA11_70:30_Log_window2_PCA_90,Gradient Boosting Regressor,"{'n_estimators': 10, 'min_samples_split': 10, 'min_samples_leaf': 10, 'min_impurity_decrease': 2, 'max_leaf_nodes': 10, 'max_features': 'sqrt', 'max_depth': None, 'learning_rate': 0.05}",0.1978918966651334,0.3666524168043587,0.1454281464474313,0.4448504205518226,14.55627453083697
176,BA11_70:30_Log_window2_PCA_95,Gradient Boosting Regressor,"{'n_estimators': 10, 'min_samples_split': 10, 'min_samples_leaf': 10, 'min_impurity_decrease': 2, 'max_leaf_nodes': 10, 'max_features': 'sqrt', 'max_depth': None, 'learning_rate': 0.05}",0.1871640363824381,0.3425439017464894,0.1391792210250701,0.4326245905891598,13.58257510448144
177,BA11_70:30_Log_window2_PCA_90,Random Forest Regressor,"{'n_estimators': 10, 'min_samples_split': 2, 'min_samples_leaf': 4, 'max_depth': 30}",0.1016493335674096,0.2212966946692253,0.08804021062146945,0.3188249262015276,9.448032354550378
178,BA11_70:30_Log_window2_PCA_95,Random Forest Regressor,"{'n_estimators': 100, 'min_samples_split': 5, 'min_samples_leaf': 4, 'max_depth': 10}",0.0665391433978673,0.2099994632575332,0.08714590675000417,0.2579518237924813,8.709389126844624
179,BA11_70:30_Log_window2_PCA_90,AdaBoostRegressor,"{'n_estimators': 50, 'loss': 'exponential', 'learning_rate': 0.01}",0.0281306091807558,0.1368569415643265,0.05711097712786211,0.167721820824709,5.516357094594791
180,BA11_70:30_Log_window2_PCA_95,AdaBoostRegressor,"{'n_estimators': 100, 'loss': 'linear', 'learning_rate': 0.1}",0.04828892532411387,0.1629403874872651,0.07140834592299726,0.2197474125538544,6.64622343961212
181,BA11_70:30_Log_window2_PCA_90,BaggingRegressor,"{'n_estimators': 150, 'max_samples': 0.1, 'max_features': 1.0}",0.1224390250054554,0.2524026659768487,0.1063319317308987,0.3499128820227335,10.07552292310016
182,BA11_70:30_Log_window2_PCA_95,BaggingRegressor,"{'n_estimators': 150, 'max_samples': 0.1, 'max_features': 1.0}",0.1268994831121646,0.2554058426206789,0.1095260386059764,0.3562295371135929,10.19037100111021
183,BA11_70:30_Log_window2_PCA_90,ExtraTreesRegressor,"{'n_estimators': 10, 'min_samples_split': 10, 'min_samples_leaf': 2, 'max_depth': 10}",0.2668228602525013,0.3679526313615706,0.1373976817388178,0.5165489911445973,15.30028995237651
184,BA11_70:30_Log_window2_PCA_95,ExtraTreesRegressor,"{'n_estimators': 100, 'min_samples_split': 5, 'min_samples_leaf': 4, 'max_depth': 10}",0.1109351850925605,0.2681571173205895,0.1067931227359454,0.3330693397666024,10.79381241909795
185,BA11_70:30_Log_window2_PCA_90,XGBoost Regressor,"{'subsample': 0.9, 'reg_lambda': 0.5, 'reg_alpha': 0.5, 'n_estimators': 1000, 'min_child_weight': 1, 'max_depth': 8, 'learning_rate': 0.01, 'gamma': 0.3, 'colsample_bytree': 0.7}",0.1298915258340236,0.2721829094486415,0.1080886636538588,0.3604046695508031,11.16135612882968
186,BA11_70:30_Log_window2_PCA_95,XGBoost Regressor,"{'subsample': 0.8, 'reg_lambda': 0.5, 'reg_alpha': 1.0, 'n_estimators': 600, 'min_child_weight': 5, 'max_depth': 8, 'learning_rate': 0.2, 'gamma': 0.1, 'colsample_bytree': 0.7}",0.1927025606490088,0.3407909673480084,0.1339241211713496,0.4389789979589101,14.62322872628163
187,BA11_70:30_Log_window2_PCA_90,Multilayer Perceptron,"{'module__num_units': 50, 'module__activation_func': Tanh(), 'lr': 0.1}",0.1403858661651611,0.2515881657600403,0.1183146089315414,0.3746810192218991,10.05313694477081
188,BA11_70:30_Log_window2_PCA_95,Multilayer Perceptron,"{'module__num_units': 20, 'module__activation_func': Tanh(), 'lr': 0.1}",0.1590631157159805,0.2719006538391113,0.126487523317337,0.3988271752476009,10.79104468226433
189,BA11_70:30_Log_window2_PCA_90,Long Short-Term Memory Network,"{'module__num_layers': 1, 'module__hidden_size': 25, 'max_epochs': 20, 'lr': 0.1, 'batch_size': 16}",0.05104336887598038,0.1912171542644501,0.07108242064714432,0.2259277957135429,6.938876211643219
190,BA11_70:30_Log_window2_PCA_95,Long Short-Term Memory Network,"{'module__num_layers': 1, 'module__hidden_size': 75, 'max_epochs': 30, 'lr': 0.1, 'batch_size': 16}",0.05704938247799873,0.2062840312719345,0.07605654001235962,0.2388501255557525,7.474542409181595
191,BA11_70:30_Log_window2_PCA_90,Convolutional neural network,{},0.5781516432762146,0.7152373194694519,0.2690288722515106,0.7603628365959337,30.24169504642487
192,BA11_70:30_Log_window2_PCA_95,Convolutional neural network,{},0.1482314318418503,0.2514611780643463,0.1197231635451317,0.3850083529507513,10.04903391003609
193,BA11_80:20_MinMax_window2_ICA_90,Linear Regressor,{},5.932774946115339e-05,0.006269820781953388,0.00868613329770568,0.007702450873660499,0.8718769459411675
194,BA11_80:20_MinMax_window2_ICA_95,Linear Regressor,{},5.670395575259744e-05,0.00618587635115599,0.008568299228267604,0.00753020290248526,0.8604615176124008
195,BA11_80:20_MinMax_window2_ICA_90,Support Vector Regressor,"{'kernel': 'rbf', 'gamma': 0.0001, 'C': 1}",0.03548273400046518,0.1501427148173941,0.2010439677084541,0.1883686120362551,21.5343925599876
196,BA11_80:20_MinMax_window2_ICA_95,Support Vector Regressor,"{'kernel': 'rbf', 'gamma': 0.0001, 'C': 1}",0.03548266346960582,0.150140645002199,0.2010400084362975,0.1883684248211621,21.53405774591227
197,BA11_80:20_MinMax_window2_ICA_90,Decision Tree Regressor,"{'splitter': 'best', 'min_samples_split': 5, 'min_samples_leaf': 4, 'min_impurity_decrease': 0.1, 'max_leaf_nodes': 90, 'max_features': None, 'max_depth': 26, 'criterion': 'mae', 'ccp_alpha': 0.0}",0.03482935701157479,0.1492761775508428,0.2009338563891563,0.1866262495244835,21.40085768363254
198,BA11_80:20_MinMax_window2_ICA_95,Decision Tree Regressor,"{'splitter': 'best', 'min_samples_split': 5, 'min_samples_leaf': 4, 'min_impurity_decrease': 0.1, 'max_leaf_nodes': 90, 'max_features': None, 'max_depth': 26, 'criterion': 'mae', 'ccp_alpha': 0.0}",0.03482935701157479,0.1492761775508428,0.2009338563891563,0.1866262495244835,21.40085768363254
199,BA11_80:20_MinMax_window2_ICA_90,K-Neighbors Regressor,"{'weights': 'distance', 'n_neighbors': 2}",0.07033336608072496,0.1751797956242483,0.2424841148339408,0.2652043854854685,27.25919721403314
200,BA11_80:20_MinMax_window2_ICA_95,K-Neighbors Regressor,"{'weights': 'uniform', 'n_neighbors': 5}",0.05846526390655995,0.1923561694314272,0.2658936369840453,0.2417959137507496,30.05617430661264
201,BA11_80:20_MinMax_window2_ICA_90,Stochastic Gradient Descent Regressor,"{'tol': 0.0001, 'power_t': 0.25, 'penalty': 'elasticnet', 'max_iter': 3000, 'loss': 'squared_loss', 'learning_rate': 'optimal', 'l1_ratio': 0, 'fit_intercept': True, 'eta0': 0.001, 'alpha': 1}",0.0394029245394985,0.1553672034602652,0.2025301968251367,0.198501699084664,22.35446255634172
202,BA11_80:20_MinMax_window2_ICA_95,Stochastic Gradient Descent Regressor,"{'tol': 0.0001, 'power_t': 0.25, 'penalty': 'elasticnet', 'max_iter': 3000, 'loss': 'squared_loss', 'learning_rate': 'optimal', 'l1_ratio': 0, 'fit_intercept': True, 'eta0': 0.001, 'alpha': 1}",0.0394128379638916,0.1554027336487668,0.202575806150061,0.1985266681428256,22.36032204438795
203,BA11_80:20_MinMax_window2_ICA_90,Voting Regressor,"{'rf__n_estimators': 50, 'gb__n_estimators': 100}",0.04114734188520465,0.1650481995131477,0.2198601471048602,0.2028480758725718,25.8457865819936
204,BA11_80:20_MinMax_window2_ICA_95,Voting Regressor,"{'rf__n_estimators': 10, 'gb__n_estimators': 10}",0.02599492098641048,0.1414482675718835,0.1861370292885272,0.1612294048441862,20.91638233408591
205,BA11_80:20_MinMax_window2_ICA_90,Stacking Regressor,{'final_estimator': LinearRegression()},7.731247647678252e-05,0.00699199740404451,0.01084481228747961,0.008792751359886308,1.095235725030358
206,BA11_80:20_MinMax_window2_ICA_95,Stacking Regressor,{'final_estimator': LinearRegression()},0.1217932438686728,0.2898846006942802,0.4033869890234055,0.348988887887097,44.86300911304873
207,BA11_80:20_MinMax_window2_ICA_90,Gradient Boosting Regressor,"{'n_estimators': 50, 'min_samples_split': 2, 'min_samples_leaf': 2, 'min_impurity_decrease': 0, 'max_leaf_nodes': 15, 'max_features': 'log2', 'max_depth': 20, 'learning_rate': 0.05}",0.0416888472288236,0.1661350450604764,0.2156247280370957,0.2041784690627873,24.16351718458568
208,BA11_80:20_MinMax_window2_ICA_95,Gradient Boosting Regressor,"{'n_estimators': 10, 'min_samples_split': 10, 'min_samples_leaf': 10, 'min_impurity_decrease': 2, 'max_leaf_nodes': 10, 'max_features': 'sqrt', 'max_depth': None, 'learning_rate': 0.05}",0.04001435735692079,0.1565718134789168,0.2041223535982498,0.2000358901720408,22.54896658180764
209,BA11_80:20_MinMax_window2_ICA_90,Random Forest Regressor,"{'n_estimators': 50, 'min_samples_split': 10, 'min_samples_leaf': 1, 'max_depth': 30}",0.09201078376397301,0.2555722350628373,0.3295415325640276,0.3033327937496587,41.43215033864684
210,BA11_80:20_MinMax_window2_ICA_95,Random Forest Regressor,"{'n_estimators': 50, 'min_samples_split': 10, 'min_samples_leaf': 1, 'max_depth': 30}",0.05603602229157228,0.1986650409618215,0.2561283884336885,0.2367192900706917,30.53199898315845
211,BA11_80:20_MinMax_window2_ICA_90,AdaBoostRegressor,"{'n_estimators': 400, 'loss': 'square', 'learning_rate': 1.0}",0.04244443435055782,0.1593757698992454,0.2012291709923279,0.2060204707075436,23.31903970244487
212,BA11_80:20_MinMax_window2_ICA_95,AdaBoostRegressor,"{'n_estimators': 400, 'loss': 'square', 'learning_rate': 1.0}",0.02871739223825431,0.1337572767056121,0.170922122509323,0.1694620672547526,19.13513303630687
213,BA11_80:20_MinMax_window2_ICA_90,BaggingRegressor,"{'n_estimators': 160, 'max_samples': 0.7000000000000001, 'max_features': 0.8}",0.0643585996661451,0.2077548194465676,0.262358210023709,0.2536899676103592,31.71072132595922
214,BA11_80:20_MinMax_window2_ICA_95,BaggingRegressor,"{'n_estimators': 60, 'max_samples': 1.0, 'max_features': 0.6}",0.05830589815394549,0.1888842392989653,0.237228430697542,0.2414661428729616,28.29756164749539
215,BA11_80:20_MinMax_window2_ICA_90,ExtraTreesRegressor,"{'n_estimators': 50, 'min_samples_split': 10, 'min_samples_leaf': 1, 'max_depth': 30}",0.06517449074131264,0.2093354040745405,0.274025566715514,0.2552929508257379,31.937417930408
216,BA11_80:20_MinMax_window2_ICA_95,ExtraTreesRegressor,"{'n_estimators': 100, 'min_samples_split': 10, 'min_samples_leaf': 1, 'max_depth': 20}",0.09454374708953137,0.2435852702222139,0.3053726291410861,0.3074796693921915,39.05958697596407
217,BA11_80:20_MinMax_window2_ICA_90,XGBoost Regressor,"{'subsample': 0.9, 'reg_lambda': 1.0, 'reg_alpha': 0, 'n_estimators': 100, 'min_child_weight': 5, 'max_depth': 3, 'learning_rate': 0.1, 'gamma': 0.2, 'colsample_bytree': 1.0}",0.05638819324270751,0.1856548707940683,0.2375059150275168,0.2374619827313575,28.60793417389799
218,BA11_80:20_MinMax_window2_ICA_95,XGBoost Regressor,"{'subsample': 0.9, 'reg_lambda': 0.1, 'reg_alpha': 0.5, 'n_estimators': 200, 'min_child_weight': 1, 'max_depth': 10, 'learning_rate': 0.1, 'gamma': 0.3, 'colsample_bytree': 0.9}",0.04373629355561719,0.1743710838840376,0.2241161587233222,0.2091322393979876,25.98459741655872
219,BA11_80:20_MinMax_window2_ICA_90,Multilayer Perceptron,"{'module__num_units': 10, 'module__activation_func': ReLU(), 'lr': 0.1}",0.02817480079829693,0.1406096965074539,0.2093358784914017,0.1678535099373764,20.07676959037781
220,BA11_80:20_MinMax_window2_ICA_95,Multilayer Perceptron,"{'module__num_units': 20, 'module__activation_func': Tanh(), 'lr': 0.1}",0.02950697205960751,0.1458735913038254,0.2152126133441925,0.1717759356243112,20.84468156099319
221,BA11_80:20_MinMax_window2_ICA_90,Long Short-Term Memory Network,"{'module__num_layers': 1, 'module__hidden_size': 25, 'max_epochs': 20, 'lr': 0.1, 'batch_size': 16}",0.02620796486735344,0.14236980676651,0.2022358626127243,0.1618887422502054,19.02301609516144
222,BA11_80:20_MinMax_window2_ICA_95,Long Short-Term Memory Network,"{'module__num_layers': 1, 'module__hidden_size': 75, 'max_epochs': 30, 'lr': 0.1, 'batch_size': 16}",0.01927501894533634,0.1207482814788818,0.1698730438947678,0.1388345019990937,16.20837897062302
223,BA11_80:20_MinMax_window2_ICA_90,Convolutional neural network,{},0.02235838957130909,0.125405341386795,0.1750850975513458,0.1495272201684666,17.75241941213608
224,BA11_80:20_MinMax_window2_ICA_95,Convolutional neural network,{},0.03122794628143311,0.1446769684553146,0.2037437707185745,0.1767143069517381,20.69547772407532
225,BA11_60:40_MinMax_window2_ICA_90,Linear Regressor,{},0.0004682832780754565,0.01723844801676632,0.03360090530299893,0.02163985392916173,3.219820764876216
226,BA11_60:40_MinMax_window2_ICA_95,Linear Regressor,{},0.0004076799351637765,0.0161501185034989,0.03321079986018184,0.02019108553703283,3.160393079014774
227,BA11_60:40_MinMax_window2_ICA_90,Support Vector Regressor,"{'kernel': 'rbf', 'gamma': 0.0001, 'C': 1}",0.05440084805832162,0.1850033232230976,0.5065201302411293,0.2332398937967551,31.03858549657571
228,BA11_60:40_MinMax_window2_ICA_95,Support Vector Regressor,"{'kernel': 'rbf', 'gamma': 0.0001, 'C': 1}",0.05440009779936469,0.1850029319398749,0.5065210325346425,0.2332382854493762,31.03853332285095
229,BA11_60:40_MinMax_window2_ICA_90,Decision Tree Regressor,"{'splitter': 'best', 'min_samples_split': 5, 'min_samples_leaf': 4, 'min_impurity_decrease': 0.1, 'max_leaf_nodes': 90, 'max_features': None, 'max_depth': 26, 'criterion': 'mae', 'ccp_alpha': 0.0}",0.05396811629456583,0.1842442790310237,0.5103780368010534,0.2323103878318097,30.89228775050308
230,BA11_60:40_MinMax_window2_ICA_95,Decision Tree Regressor,"{'splitter': 'best', 'min_samples_split': 5, 'min_samples_leaf': 4, 'min_impurity_decrease': 0.1, 'max_leaf_nodes': 90, 'max_features': None, 'max_depth': 26, 'criterion': 'mae', 'ccp_alpha': 0.0}",0.05396811629456583,0.1842442790310237,0.5103780368010534,0.2323103878318097,30.89228775050308
231,BA11_60:40_MinMax_window2_ICA_90,K-Neighbors Regressor,"{'weights': 'distance', 'n_neighbors': 3}",0.03854533270663513,0.1589996521905535,0.3730134840794588,0.1963296531516193,28.15292951699391
232,BA11_60:40_MinMax_window2_ICA_95,K-Neighbors Regressor,"{'weights': 'uniform', 'n_neighbors': 9}",0.03683310218568182,0.15123719118399,0.4166513602168595,0.1919195200746444,26.30813616767327
233,BA11_60:40_MinMax_window2_ICA_90,Stochastic Gradient Descent Regressor,"{'tol': 0.0001, 'power_t': 0.25, 'penalty': 'elasticnet', 'max_iter': 3000, 'loss': 'squared_loss', 'learning_rate': 'optimal', 'l1_ratio': 0, 'fit_intercept': True, 'eta0': 0.001, 'alpha': 1}",0.05626324212185002,0.1884870638701841,0.4888207441301031,0.2371987397138737,31.72864779380419
234,BA11_60:40_MinMax_window2_ICA_95,Stochastic Gradient Descent Regressor,"{'tol': 0.0001, 'power_t': 0.25, 'penalty': 'elasticnet', 'max_iter': 3000, 'loss': 'squared_loss', 'learning_rate': 'optimal', 'l1_ratio': 0, 'fit_intercept': True, 'eta0': 0.001, 'alpha': 1}",0.05626095339637213,0.1884903352075292,0.4888339704692396,0.2371939151756894,31.72922097135746
235,BA11_60:40_MinMax_window2_ICA_90,Voting Regressor,"{'rf__n_estimators': 50, 'gb__n_estimators': 10}",0.02726005333597184,0.135888526705773,0.3338138650650103,0.1651061880608108,23.97500259396117
236,BA11_60:40_MinMax_window2_ICA_95,Voting Regressor,"{'rf__n_estimators': 10, 'gb__n_estimators': 10}",0.0269179589725991,0.1386560619771207,0.2776586725148757,0.1640669344279922,23.80768836927193
237,BA11_60:40_MinMax_window2_ICA_90,Stacking Regressor,{'final_estimator': GradientBoostingRegressor(random_state=42)},0.1451097145912275,0.3201795385670908,0.8707797430828076,0.3809326903682952,50.93458052762546
238,BA11_60:40_MinMax_window2_ICA_95,Stacking Regressor,{'final_estimator': LinearRegression()},0.9648566435232955,0.7684395253629711,2.126461884496676,0.9822711659838619,111.1439154439705
239,BA11_60:40_MinMax_window2_ICA_90,Gradient Boosting Regressor,"{'n_estimators': 10, 'min_samples_split': 10, 'min_samples_leaf': 10, 'min_impurity_decrease': 2, 'max_leaf_nodes': 10, 'max_features': 'sqrt', 'max_depth': None, 'learning_rate': 0.05}",0.0574776731574184,0.1905682656129055,0.4941894232506477,0.2397450169605583,32.04034189336659
240,BA11_60:40_MinMax_window2_ICA_95,Gradient Boosting Regressor,"{'n_estimators': 10, 'min_samples_split': 10, 'min_samples_leaf': 10, 'min_impurity_decrease': 2, 'max_leaf_nodes': 10, 'max_features': 'sqrt', 'max_depth': None, 'learning_rate': 0.05}",0.0574776731574184,0.1905682656129055,0.4941894232506477,0.2397450169605583,32.04034189336659
241,BA11_60:40_MinMax_window2_ICA_90,Random Forest Regressor,"{'n_estimators': 50, 'min_samples_split': 10, 'min_samples_leaf': 1, 'max_depth': 30}",0.06014709565509984,0.2044169267063242,0.4496777048084005,0.2452490482246564,34.98932567077193
242,BA11_60:40_MinMax_window2_ICA_95,Random Forest Regressor,"{'n_estimators': 10, 'min_samples_split': 2, 'min_samples_leaf': 4, 'max_depth': 30}",0.05144243791672563,0.1870754062322125,0.4723457683991711,0.2268092544776902,32.0439467795828
243,BA11_60:40_MinMax_window2_ICA_90,AdaBoostRegressor,"{'n_estimators': 100, 'loss': 'square', 'learning_rate': 0.01}",0.04773314342169161,0.1776766311604168,0.4499557626145157,0.2184791601542161,30.30434186013029
244,BA11_60:40_MinMax_window2_ICA_95,AdaBoostRegressor,"{'n_estimators': 50, 'loss': 'linear', 'learning_rate': 0.01}",0.06392023624377594,0.2101096764040814,0.5199490391970908,0.2528245166983928,35.56243029531144
245,BA11_60:40_MinMax_window2_ICA_90,BaggingRegressor,"{'n_estimators': 150, 'max_samples': 0.1, 'max_features': 1.0}",0.06159176765718236,0.2061204650209525,0.4766298464620733,0.2481768878384576,34.98070984487433
246,BA11_60:40_MinMax_window2_ICA_95,BaggingRegressor,"{'n_estimators': 50, 'max_samples': 0.7000000000000001, 'max_features': 0.9}",0.05658199787257185,0.200578408014906,0.4623986262516975,0.237869707765768,34.36483712622028
247,BA11_60:40_MinMax_window2_ICA_90,ExtraTreesRegressor,"{'n_estimators': 50, 'min_samples_split': 10, 'min_samples_leaf': 1, 'max_depth': 30}",0.03045976011094633,0.1364081584185817,0.3962640801864333,0.1745272474742736,24.53442634808593
248,BA11_60:40_MinMax_window2_ICA_95,ExtraTreesRegressor,"{'n_estimators': 100, 'min_samples_split': 10, 'min_samples_leaf': 1, 'max_depth': 20}",0.05963565012620797,0.2098944764657094,0.4143984789774346,0.2442041157028439,37.80349428381122
249,BA11_60:40_MinMax_window2_ICA_90,XGBoost Regressor,"{'subsample': 1.0, 'reg_lambda': 0, 'reg_alpha': 1.0, 'n_estimators': 700, 'min_child_weight': 1, 'max_depth': 9, 'learning_rate': 0.01, 'gamma': 0.3, 'colsample_bytree': 0.8}",0.05747767375307843,0.1905682672574251,0.4941894224957669,0.2397450182028366,32.04034218100848
250,BA11_60:40_MinMax_window2_ICA_95,XGBoost Regressor,"{'subsample': 0.9, 'reg_lambda': 0.1, 'reg_alpha': 0.5, 'n_estimators': 600, 'min_child_weight': 5, 'max_depth': 10, 'learning_rate': 0.1, 'gamma': 0.1, 'colsample_bytree': 0.7}",0.05736143367135827,0.197073069506045,0.4807838088990477,0.239502471117436,33.66008423986911
251,BA11_60:40_MinMax_window2_ICA_90,Multilayer Perceptron,"{'module__num_units': 20, 'module__activation_func': Tanh(), 'lr': 0.1}",0.05554593354463577,0.1851534098386765,0.5766860246658325,0.2356818481441364,30.53596317768097
252,BA11_60:40_MinMax_window2_ICA_95,Multilayer Perceptron,"{'module__num_units': 20, 'module__activation_func': ReLU(), 'lr': 0.1}",0.05390496179461479,0.1816529184579849,0.5578144788742065,0.2321744210601478,30.15654385089874
253,BA11_60:40_MinMax_window2_ICA_90,Long Short-Term Memory Network,"{'module__num_layers': 1, 'module__hidden_size': 75, 'max_epochs': 30, 'lr': 0.1, 'batch_size': 16}",0.03588717058300972,0.1609310507774353,0.2842215597629547,0.1894390946531621,23.55582565069199
254,BA11_60:40_MinMax_window2_ICA_95,Long Short-Term Memory Network,"{'module__num_layers': 1, 'module__hidden_size': 75, 'max_epochs': 30, 'lr': 0.1, 'batch_size': 16}",0.032194584608078,0.1495506316423416,0.2660133838653564,0.1794284944151235,22.04962372779846
255,BA11_60:40_MinMax_window2_ICA_90,Convolutional neural network,{},0.05496171489357948,0.185849130153656,0.5379094481468201,0.2344391496605878,30.96578419208527
256,BA11_60:40_MinMax_window2_ICA_95,Convolutional neural network,{},0.07684127986431122,0.2131281495094299,0.6900200247764587,0.2772025971456819,33.38849544525146
257,BA11_70:30_MinMax_window2_ICA_90,Linear Regressor,{},0.01047935899218161,0.08278383381960103,0.1331724182618593,0.1023687403076819,13.5509751797605
258,BA11_70:30_MinMax_window2_ICA_95,Linear Regressor,{},0.01194696306905495,0.08793627522453093,0.1448751092024821,0.1093021640639148,14.71217012680058
259,BA11_70:30_MinMax_window2_ICA_90,Support Vector Regressor,"{'kernel': 'rbf', 'gamma': 0.0001, 'C': 1}",0.04450407609545769,0.1688661953099932,0.3372474036618386,0.2109598921488577,26.9912138303011
260,BA11_70:30_MinMax_window2_ICA_95,Support Vector Regressor,"{'kernel': 'rbf', 'gamma': 0.0001, 'C': 1}",0.04450348030749243,0.16886491244763,0.3372459049324435,0.2109584800558926,26.99103261360572
261,BA11_70:30_MinMax_window2_ICA_90,Decision Tree Regressor,"{'splitter': 'best', 'min_samples_split': 5, 'min_samples_leaf': 4, 'min_impurity_decrease': 0.1, 'max_leaf_nodes': 90, 'max_features': None, 'max_depth': 26, 'criterion': 'mae', 'ccp_alpha': 0.0}",0.04391648603357255,0.1679726000896552,0.3390046768527005,0.2095626064773307,26.8385981240602
262,BA11_70:30_MinMax_window2_ICA_95,Decision Tree Regressor,"{'splitter': 'best', 'min_samples_split': 5, 'min_samples_leaf': 4, 'min_impurity_decrease': 0.1, 'max_leaf_nodes': 90, 'max_features': None, 'max_depth': 26, 'criterion': 'mae', 'ccp_alpha': 0.0}",0.04391648603357255,0.1679726000896552,0.3390046768527005,0.2095626064773307,26.8385981240602
263,BA11_70:30_MinMax_window2_ICA_90,K-Neighbors Regressor,"{'weights': 'uniform', 'n_neighbors': 5}",0.03333729547414696,0.1497226193996438,0.2749734025982238,0.1825850362821306,24.2471753856474
264,BA11_70:30_MinMax_window2_ICA_95,K-Neighbors Regressor,"{'weights': 'uniform', 'n_neighbors': 1}",0.06846997262492219,0.2099506445471008,0.3761368819195032,0.2616676759267796,36.25721169417722
265,BA11_70:30_MinMax_window2_ICA_90,Stochastic Gradient Descent Regressor,"{'tol': 0.0001, 'power_t': 0.25, 'penalty': 'elasticnet', 'max_iter': 3000, 'loss': 'squared_loss', 'learning_rate': 'optimal', 'l1_ratio': 0, 'fit_intercept': True, 'eta0': 0.001, 'alpha': 1}",0.04713234420459114,0.1729975236222779,0.3304899975288136,0.2170998484674532,27.70830762497317
266,BA11_70:30_MinMax_window2_ICA_95,Stochastic Gradient Descent Regressor,"{'tol': 0.0001, 'power_t': 0.25, 'penalty': 'elasticnet', 'max_iter': 3000, 'loss': 'squared_loss', 'learning_rate': 'optimal', 'l1_ratio': 0, 'fit_intercept': True, 'eta0': 0.001, 'alpha': 1}",0.04711803653268334,0.1729564404713406,0.330463864485848,0.2170668941425277,27.70121266654575
267,BA11_70:30_MinMax_window2_ICA_90,Voting Regressor,"{'rf__n_estimators': 10, 'gb__n_estimators': 10}",0.02907658046295158,0.1353763726642368,0.2406482521588157,0.1705185633969263,22.05803344418776
268,BA11_70:30_MinMax_window2_ICA_95,Voting Regressor,"{'rf__n_estimators': 10, 'gb__n_estimators': 10}",0.03407668467213694,0.1535861411669295,0.2601967095695819,0.1845987125419268,25.06312154682331
269,BA11_70:30_MinMax_window2_ICA_90,Stacking Regressor,{'final_estimator': RandomForestRegressor(random_state=42)},0.06108765055602396,0.2054615809783053,0.4337785039824949,0.2471591603724692,32.12271698165227
270,BA11_70:30_MinMax_window2_ICA_95,Stacking Regressor,{'final_estimator': LinearSVR(random_state=42)},0.07921902887936937,0.2342453537560244,0.5008661375874364,0.2814587516482111,35.96706132134748
271,BA11_70:30_MinMax_window2_ICA_90,Gradient Boosting Regressor,"{'n_estimators': 10, 'min_samples_split': 10, 'min_samples_leaf': 10, 'min_impurity_decrease': 2, 'max_leaf_nodes': 10, 'max_features': 'sqrt', 'max_depth': None, 'learning_rate': 0.05}",0.04782404345183773,0.1742824847985343,0.3331198304931531,0.2186870902724661,27.90827459139453
272,BA11_70:30_MinMax_window2_ICA_95,Gradient Boosting Regressor,"{'n_estimators': 10, 'min_samples_split': 10, 'min_samples_leaf': 10, 'min_impurity_decrease': 2, 'max_leaf_nodes': 10, 'max_features': 'sqrt', 'max_depth': None, 'learning_rate': 0.05}",0.04782404345183773,0.1742824847985343,0.3331198304931531,0.2186870902724661,27.90827459139453
273,BA11_70:30_MinMax_window2_ICA_90,Random Forest Regressor,"{'n_estimators': 100, 'min_samples_split': 10, 'min_samples_leaf': 1, 'max_depth': 20}",0.05782555336262696,0.1938911197758668,0.3297760015382228,0.2404694437192114,31.48825970093149
274,BA11_70:30_MinMax_window2_ICA_95,Random Forest Regressor,"{'n_estimators': 200, 'min_samples_split': 5, 'min_samples_leaf': 2, 'max_depth': None}",0.07619303547748699,0.2297953433320534,0.3758211664415049,0.2760308596470456,38.48434674769498
275,BA11_70:30_MinMax_window2_ICA_90,AdaBoostRegressor,"{'n_estimators': 50, 'loss': 'exponential', 'learning_rate': 0.01}",0.05067826180562848,0.1713491032196859,0.3141021644920574,0.2251183284533458,27.66638475106713
276,BA11_70:30_MinMax_window2_ICA_95,AdaBoostRegressor,"{'n_estimators': 50, 'loss': 'exponential', 'learning_rate': 0.01}",0.06615107813504956,0.2086896496413869,0.3820916824823284,0.2571985189207931,34.0972615112352
277,BA11_70:30_MinMax_window2_ICA_90,BaggingRegressor,"{'n_estimators': 80, 'max_samples': 0.7000000000000001, 'max_features': 0.1}",0.04483113914110648,0.1695182162588499,0.3283681519410152,0.2117336514140029,27.22813108755653
278,BA11_70:30_MinMax_window2_ICA_95,BaggingRegressor,"{'n_estimators': 50, 'max_samples': 0.7000000000000001, 'max_features': 0.9}",0.06560648978887386,0.2122580878725457,0.366796571685221,0.2561376383682684,34.75114042007809
279,BA11_70:30_MinMax_window2_ICA_90,ExtraTreesRegressor,"{'n_estimators': 100, 'min_samples_split': 10, 'min_samples_leaf': 1, 'max_depth': 20}",0.06893431608391115,0.210362956413467,0.3440048946451182,0.2625534537649641,35.15894276133161
280,BA11_70:30_MinMax_window2_ICA_95,ExtraTreesRegressor,"{'n_estimators': 50, 'min_samples_split': 10, 'min_samples_leaf': 1, 'max_depth': 30}",0.1273090142250994,0.2979991033888323,0.4408433688824889,0.3568038876261012,53.50532440222398
281,BA11_70:30_MinMax_window2_ICA_90,XGBoost Regressor,"{'subsample': 1.0, 'reg_lambda': 0, 'reg_alpha': 1.0, 'n_estimators': 700, 'min_child_weight': 1, 'max_depth': 9, 'learning_rate': 0.01, 'gamma': 0.3, 'colsample_bytree': 0.8}",0.04782404615145833,0.1742824912945103,0.3331198320609985,0.2186870964448025,27.90827569288556
282,BA11_70:30_MinMax_window2_ICA_95,XGBoost Regressor,"{'subsample': 1.0, 'reg_lambda': 0, 'reg_alpha': 1.0, 'n_estimators': 700, 'min_child_weight': 1, 'max_depth': 9, 'learning_rate': 0.01, 'gamma': 0.3, 'colsample_bytree': 0.8}",0.04782404615145833,0.1742824912945103,0.3331198320609985,0.2186870964448025,27.90827569288556
283,BA11_70:30_MinMax_window2_ICA_90,Multilayer Perceptron,"{'module__num_units': 20, 'module__activation_func': Tanh(), 'lr': 0.1}",0.04301659762859344,0.1649955958127975,0.3735940754413605,0.2074044301084079,26.12726390361786
284,BA11_70:30_MinMax_window2_ICA_95,Multilayer Perceptron,"{'module__num_units': 50, 'module__activation_func': Tanh(), 'lr': 0.1}",0.04173846170306206,0.1641358733177185,0.3680821657180786,0.2042999307465914,26.07629895210266
285,BA11_70:30_MinMax_window2_ICA_90,Long Short-Term Memory Network,"{'module__num_layers': 1, 'module__hidden_size': 25, 'max_epochs': 20, 'lr': 0.1, 'batch_size': 16}",0.0326615534722805,0.1534373462200165,0.2452580481767654,0.1807250770432275,21.6507226228714
286,BA11_70:30_MinMax_window2_ICA_95,Long Short-Term Memory Network,"{'module__num_layers': 1, 'module__hidden_size': 75, 'max_epochs': 30, 'lr': 0.1, 'batch_size': 16}",0.03183425217866898,0.1557406783103943,0.2477792054414749,0.178421557494236,21.9492644071579
287,BA11_70:30_MinMax_window2_ICA_90,Convolutional neural network,{},0.0410287119448185,0.1622723191976547,0.3803178071975708,0.2025554539991913,25.72228908538818
288,BA11_70:30_MinMax_window2_ICA_95,Convolutional neural network,{},0.04060755297541618,0.161787211894989,0.3583229184150696,0.2015131583182999,25.8159339427948
289,BA11_60:40_Log_window2_ICA_90,Linear Regressor,{},6.657316089017456e-07,0.000636624089046561,0.0002809603274548841,0.0008159237764042335,0.02809044448080371
290,BA11_60:40_Log_window2_ICA_95,Linear Regressor,{},5.936094272306802e-07,0.000617791265769529,0.0002863792901531191,0.0007704605293139164,0.02862922458849905
291,BA11_60:40_Log_window2_ICA_90,Support Vector Regressor,"{'kernel': 'rbf', 'gamma': 0.0001, 'C': 1}",0.260268384085423,0.3349564814279351,0.2024597073474115,0.5101650557274803,14.3718929787635
292,BA11_60:40_Log_window2_ICA_95,Support Vector Regressor,"{'kernel': 'rbf', 'gamma': 0.0001, 'C': 1}",0.2602643387153152,0.3349721425943695,0.2024551717892102,0.5101610909461003,14.37257488636553
293,BA11_60:40_Log_window2_ICA_90,Decision Tree Regressor,"{'splitter': 'best', 'min_samples_split': 5, 'min_samples_leaf': 2, 'min_impurity_decrease': 1.0, 'max_leaf_nodes': 50, 'max_features': 'auto', 'max_depth': 32, 'criterion': 'mae', 'ccp_alpha': 1.0}",0.2616953232759602,0.3308489167878408,0.2031787550172416,0.5115616514907663,14.2017972742216
294,BA11_60:40_Log_window2_ICA_95,Decision Tree Regressor,"{'splitter': 'best', 'min_samples_split': 5, 'min_samples_leaf': 4, 'min_impurity_decrease': 0.1, 'max_leaf_nodes': 90, 'max_features': None, 'max_depth': 26, 'criterion': 'mae', 'ccp_alpha': 0.0}",0.2616953232759602,0.3308489167878408,0.2031787550172416,0.5115616514907663,14.2017972742216
295,BA11_60:40_Log_window2_ICA_90,K-Neighbors Regressor,"{'weights': 'uniform', 'n_neighbors': 1}",0.4977369900125831,0.4848684714860848,0.261226897190416,0.705504776746822,21.17467249448165
296,BA11_60:40_Log_window2_ICA_95,K-Neighbors Regressor,"{'weights': 'distance', 'n_neighbors': 2}",0.3462836564331935,0.4826875118081807,0.2458888968451792,0.588458712598593,20.98375675776742
297,BA11_60:40_Log_window2_ICA_90,Stochastic Gradient Descent Regressor,"{'tol': 1e-05, 'power_t': 0.5, 'penalty': 'l1', 'max_iter': 3000, 'loss': 'squared_epsilon_insensitive', 'learning_rate': 'adaptive', 'l1_ratio': 1, 'fit_intercept': True, 'eta0': 0.1, 'alpha': 0.01}",0.1166351266428194,0.294273898863055,0.1172543513233082,0.3415188525437788,11.84145850273955
298,BA11_60:40_Log_window2_ICA_95,Stochastic Gradient Descent Regressor,"{'tol': 1e-05, 'power_t': 0.5, 'penalty': 'l1', 'max_iter': 3000, 'loss': 'squared_epsilon_insensitive', 'learning_rate': 'adaptive', 'l1_ratio': 1, 'fit_intercept': True, 'eta0': 0.1, 'alpha': 0.01}",0.3221512795485805,0.4828767413201455,0.1999495023996234,0.567583720299112,23.06696884657088
299,BA11_60:40_Log_window2_ICA_90,Voting Regressor,"{'rf__n_estimators': 10, 'gb__n_estimators': 10}",0.8554616616626499,0.7362438579093024,0.301356471496377,0.9249117047927602,35.0372510756816
300,BA11_60:40_Log_window2_ICA_95,Voting Regressor,"{'rf__n_estimators': 10, 'gb__n_estimators': 10}",1.042277896782832,0.831754019554262,0.3318867253619764,1.020920122626071,41.17224425811697
301,BA11_60:40_Log_window2_ICA_90,Stacking Regressor,{'final_estimator': LinearSVR(random_state=42)},2.082036019702415,1.160616433586375,0.5360210675248666,1.442926200365914,56.74539941719001
302,BA11_60:40_Log_window2_ICA_95,Stacking Regressor,{'final_estimator': RandomForestRegressor(random_state=42)},0.8681970357677352,0.8195636361931472,0.3944972655031734,0.9317709137807078,34.01184812087521
303,BA11_60:40_Log_window2_ICA_90,Gradient Boosting Regressor,"{'n_estimators': 10, 'min_samples_split': 5, 'min_samples_leaf': 5, 'min_impurity_decrease': 1, 'max_leaf_nodes': 20, 'max_features': 'log2', 'max_depth': 10, 'learning_rate': 0.1}",0.2610999236534355,0.4443350089634933,0.2102012016701212,0.5109793769355427,19.10371756220558
304,BA11_60:40_Log_window2_ICA_95,Gradient Boosting Regressor,"{'n_estimators': 10, 'min_samples_split': 10, 'min_samples_leaf': 10, 'min_impurity_decrease': 2, 'max_leaf_nodes': 10, 'max_features': 'sqrt', 'max_depth': None, 'learning_rate': 0.05}",0.3274495151550965,0.4504557722938005,0.2320295219858411,0.5722320465991891,19.05058053565294
305,BA11_60:40_Log_window2_ICA_90,Random Forest Regressor,"{'n_estimators': 50, 'min_samples_split': 10, 'min_samples_leaf': 1, 'max_depth': 30}",2.099177800194902,1.167284707205117,0.465786118141171,1.448853960961871,64.99203854610201
306,BA11_60:40_Log_window2_ICA_95,Random Forest Regressor,"{'n_estimators': 50, 'min_samples_split': 10, 'min_samples_leaf': 1, 'max_depth': 30}",2.451686205305074,1.316488285076792,0.521224015981773,1.565786130129231,77.22415354339962
307,BA11_60:40_Log_window2_ICA_90,AdaBoostRegressor,"{'n_estimators': 50, 'loss': 'exponential', 'learning_rate': 0.01}",3.777305876003588,1.293510902759603,0.539756679159407,1.943529232093921,72.80220411045512
308,BA11_60:40_Log_window2_ICA_95,AdaBoostRegressor,"{'n_estimators': 50, 'loss': 'exponential', 'learning_rate': 0.01}",3.65898696092613,1.318393585916646,0.5581044282112727,1.912847866644426,76.71505115202956
309,BA11_60:40_Log_window2_ICA_90,BaggingRegressor,"{'n_estimators': 50, 'max_samples': 0.7000000000000001, 'max_features': 0.9}",1.287481357878539,0.9899786125515105,0.4024794763415417,1.134672357061077,47.86519053808858
310,BA11_60:40_Log_window2_ICA_95,BaggingRegressor,"{'n_estimators': 50, 'max_samples': 0.7000000000000001, 'max_features': 0.9}",1.502403318127565,1.084254198418175,0.4368409932389483,1.225725629220326,53.99504044875276
311,BA11_60:40_Log_window2_ICA_90,ExtraTreesRegressor,"{'n_estimators': 100, 'min_samples_split': 10, 'min_samples_leaf': 1, 'max_depth': 20}",4.934359680348814,2.06675497280263,0.7657001392344839,2.221341864808029,127.8520347410004
312,BA11_60:40_Log_window2_ICA_95,ExtraTreesRegressor,"{'n_estimators': 50, 'min_samples_split': 10, 'min_samples_leaf': 1, 'max_depth': 30}",5.40228096796103,2.22439696237179,0.8491354224856422,2.324280742070766,147.7335722252036
313,BA11_60:40_Log_window2_ICA_90,XGBoost Regressor,"{'subsample': 1.0, 'reg_lambda': 0, 'reg_alpha': 1.0, 'n_estimators': 700, 'min_child_weight': 1, 'max_depth': 9, 'learning_rate': 0.01, 'gamma': 0.3, 'colsample_bytree': 0.8}",0.4918385339437786,0.6072024786095941,0.2560156264504031,0.701312008983005,26.17968208576268
314,BA11_60:40_Log_window2_ICA_95,XGBoost Regressor,"{'subsample': 1.0, 'reg_lambda': 0, 'reg_alpha': 1.0, 'n_estimators': 700, 'min_child_weight': 1, 'max_depth': 9, 'learning_rate': 0.01, 'gamma': 0.3, 'colsample_bytree': 0.8}",0.4223242730392235,0.5440973911090728,0.2618009694039464,0.6498648113563493,23.13544585237133
315,BA11_60:40_Log_window2_ICA_90,Multilayer Perceptron,"{'module__num_units': 20, 'module__activation_func': Tanh(), 'lr': 0.1}",0.2480572313070297,0.3146985769271851,0.195413663983345,0.4980534422198382,13.67288827896118
316,BA11_60:40_Log_window2_ICA_95,Multilayer Perceptron,"{'module__num_units': 20, 'module__activation_func': Tanh(), 'lr': 0.1}",0.3226577937602997,0.392916351556778,0.2308482527732849,0.5680297472494725,16.41698181629181
317,BA11_60:40_Log_window2_ICA_90,Long Short-Term Memory Network,"{'module__num_layers': 1, 'module__hidden_size': 75, 'max_epochs': 30, 'lr': 0.1, 'batch_size': 16}",0.092054583132267,0.2329358607530594,0.08761801570653915,0.3034049820491862,8.701054006814957
318,BA11_60:40_Log_window2_ICA_95,Long Short-Term Memory Network,"{'module__num_layers': 1, 'module__hidden_size': 75, 'max_epochs': 30, 'lr': 0.1, 'batch_size': 16}",0.08753513544797897,0.2288549095392227,0.09099902957677841,0.2958633729409218,8.587176352739334
319,BA11_60:40_Log_window2_ICA_90,Convolutional neural network,{},0.2710505127906799,0.3172970712184906,0.2031116634607315,0.5206251173259699,13.61455470323563
320,BA11_60:40_Log_window2_ICA_95,Convolutional neural network,{},4.11721658706665,1.902838826179504,0.9051091074943542,2.029092552612288,54.08604145050049
321,BA11_70:30_Log_window2_ICA_90,Linear Regressor,{},1.106157101634838e-07,0.0002800858585860951,0.0001116599322023858,0.0003325894017606151,0.01116531596755852
322,BA11_70:30_Log_window2_ICA_95,Linear Regressor,{},9.006054712789847e-08,0.0002490674116670008,0.0001017542298626693,0.0003001008949135248,0.01017473235919973
323,BA11_70:30_Log_window2_ICA_90,Support Vector Regressor,"{'kernel': 'rbf', 'gamma': 0.0001, 'C': 1}",0.1546929661502011,0.2824808753913649,0.1259939821348285,0.3933102670287176,11.20518865539151
324,BA11_70:30_Log_window2_ICA_95,Support Vector Regressor,"{'kernel': 'rbf', 'gamma': 0.0001, 'C': 1}",0.1546998182155664,0.2824902592876828,0.1259947553172233,0.3933189776956693,11.20555456263648
325,BA11_70:30_Log_window2_ICA_90,Decision Tree Regressor,"{'splitter': 'best', 'min_samples_split': 5, 'min_samples_leaf': 2, 'min_impurity_decrease': 1.0, 'max_leaf_nodes': 50, 'max_features': 'auto', 'max_depth': 32, 'criterion': 'mae', 'ccp_alpha': 1.0}",0.1529578787043435,0.2777347546232478,0.1255895264380591,0.3910982980074746,11.02166239305382
326,BA11_70:30_Log_window2_ICA_95,Decision Tree Regressor,"{'splitter': 'best', 'min_samples_split': 5, 'min_samples_leaf': 2, 'min_impurity_decrease': 1.0, 'max_leaf_nodes': 50, 'max_features': 'auto', 'max_depth': 32, 'criterion': 'mae', 'ccp_alpha': 1.0}",0.1529578787043435,0.2777347546232478,0.1255895264380591,0.3910982980074746,11.02166239305382
327,BA11_70:30_Log_window2_ICA_90,K-Neighbors Regressor,"{'weights': 'distance', 'n_neighbors': 2}",0.5575666805372499,0.5282776246056025,0.2156919375983851,0.7467038774087422,23.4285941752759
328,BA11_70:30_Log_window2_ICA_95,K-Neighbors Regressor,"{'weights': 'distance', 'n_neighbors': 3}",0.1948917141574102,0.3472032292528525,0.1439797972368623,0.441465416717335,14.07201383019966
329,BA11_70:30_Log_window2_ICA_90,Stochastic Gradient Descent Regressor,"{'tol': 1e-05, 'power_t': 0.5, 'penalty': 'l1', 'max_iter': 3000, 'loss': 'squared_epsilon_insensitive', 'learning_rate': 'adaptive', 'l1_ratio': 1, 'fit_intercept': True, 'eta0': 0.1, 'alpha': 0.01}",0.09577698601752702,0.2535640237679083,0.09962893677961866,0.3094785711766277,9.983106744119862
330,BA11_70:30_Log_window2_ICA_95,Stochastic Gradient Descent Regressor,"{'tol': 1e-05, 'power_t': 0.5, 'penalty': 'l1', 'max_iter': 3000, 'loss': 'squared_epsilon_insensitive', 'learning_rate': 'adaptive', 'l1_ratio': 1, 'fit_intercept': True, 'eta0': 0.1, 'alpha': 0.01}",0.3244698801213782,0.5243664404787421,0.2097728806926168,0.5696225769063039,18.83568397962643
331,BA11_70:30_Log_window2_ICA_90,Voting Regressor,"{'rf__n_estimators': 50, 'gb__n_estimators': 100}",0.4874908987169001,0.6334938335079747,0.2362706168421813,0.6982054845938265,27.67329916954014
332,BA11_70:30_Log_window2_ICA_95,Voting Regressor,"{'rf__n_estimators': 100, 'gb__n_estimators': 10}",0.3163236553508835,0.4912617339449671,0.1787583835280962,0.5624265777422716,20.19662778031858
333,BA11_70:30_Log_window2_ICA_90,Stacking Regressor,{'final_estimator': LinearSVR(random_state=42)},0.3711197108090089,0.5582253575429657,0.2143780073694503,0.6091959543603428,23.18625052149395
334,BA11_70:30_Log_window2_ICA_95,Stacking Regressor,{'final_estimator': RandomForestRegressor(random_state=42)},0.8187631465432532,0.808360335136744,0.3203640350417885,0.9048553180167829,33.33451229552573
335,BA11_70:30_Log_window2_ICA_90,Gradient Boosting Regressor,"{'n_estimators': 10, 'min_samples_split': 10, 'min_samples_leaf': 10, 'min_impurity_decrease': 2, 'max_leaf_nodes': 10, 'max_features': 'sqrt', 'max_depth': None, 'learning_rate': 0.05}",0.2362943093318152,0.4113691275712151,0.1605252921756595,0.4861011307658265,16.41191282705673
336,BA11_70:30_Log_window2_ICA_95,Gradient Boosting Regressor,"{'n_estimators': 10, 'min_samples_split': 10, 'min_samples_leaf': 10, 'min_impurity_decrease': 2, 'max_leaf_nodes': 10, 'max_features': 'sqrt', 'max_depth': None, 'learning_rate': 0.05}",0.221525429794434,0.3864046077054958,0.1552825427227548,0.4706648805619918,15.40601363506449
337,BA11_70:30_Log_window2_ICA_90,Random Forest Regressor,"{'n_estimators': 50, 'min_samples_split': 10, 'min_samples_leaf': 1, 'max_depth': 30}",1.309682888667886,1.048922680975198,0.3874317261610983,1.144413775112781,50.79139008146822
338,BA11_70:30_Log_window2_ICA_95,Random Forest Regressor,"{'n_estimators': 100, 'min_samples_split': 10, 'min_samples_leaf': 1, 'max_depth': 20}",1.107877798973016,0.9419785562481172,0.3480793264342093,1.052557741396174,44.6152313727948
339,BA11_70:30_Log_window2_ICA_90,AdaBoostRegressor,"{'n_estimators': 50, 'loss': 'linear', 'learning_rate': 0.01}",0.5368351772217654,0.5995704315447004,0.2217062472922196,0.7326903692705162,26.58160062275826
340,BA11_70:30_Log_window2_ICA_95,AdaBoostRegressor,"{'n_estimators': 50, 'loss': 'linear', 'learning_rate': 0.01}",0.4117110384465994,0.4839575813288967,0.1799171405227256,0.6416471292280511,20.73045360932791
341,BA11_70:30_Log_window2_ICA_90,BaggingRegressor,"{'n_estimators': 100, 'max_samples': 1.0, 'max_features': 0.6}",0.9280207309566129,0.8979572773992017,0.3267565286105862,0.9633383263197893,40.16274883897127
342,BA11_70:30_Log_window2_ICA_95,BaggingRegressor,"{'n_estimators': 50, 'max_samples': 0.7000000000000001, 'max_features': 0.9}",1.048634097809625,0.9264310293140934,0.3398527335553549,1.024028367678174,42.64855943256138
343,BA11_70:30_Log_window2_ICA_90,ExtraTreesRegressor,"{'n_estimators': 100, 'min_samples_split': 10, 'min_samples_leaf': 1, 'max_depth': 20}",4.321450744353069,2.012122514999155,0.7459514833605989,2.078809934638823,122.6596120602736
344,BA11_70:30_Log_window2_ICA_95,ExtraTreesRegressor,"{'n_estimators': 50, 'min_samples_split': 10, 'min_samples_leaf': 1, 'max_depth': 30}",4.790661423764177,2.134291440106945,0.7986788072669563,2.188757963723759,135.5719885825375
345,BA11_70:30_Log_window2_ICA_90,XGBoost Regressor,"{'subsample': 0.7, 'reg_lambda': 0.1, 'reg_alpha': 0.1, 'n_estimators': 100, 'min_child_weight': 1, 'max_depth': 9, 'learning_rate': 0.3, 'gamma': 0.3, 'colsample_bytree': 0.8}",3.448031133808566,1.762762464226574,0.6697102916457255,1.856887485500553,108.9417073176851
346,BA11_70:30_Log_window2_ICA_95,XGBoost Regressor,"{'subsample': 1.0, 'reg_lambda': 0, 'reg_alpha': 1.0, 'n_estimators': 700, 'min_child_weight': 1, 'max_depth': 9, 'learning_rate': 0.01, 'gamma': 0.3, 'colsample_bytree': 0.8}",0.5351578309451028,0.6086255203792399,0.2239545785246477,0.7315448249732226,25.92465214837999
347,BA11_70:30_Log_window2_ICA_90,Multilayer Perceptron,"{'module__num_units': 10, 'module__activation_func': ReLU(), 'lr': 0.1}",0.1475514322519302,0.2609404027462006,0.1219140663743019,0.3841242406460835,10.37738546729088
348,BA11_70:30_Log_window2_ICA_95,Multilayer Perceptron,"{'module__num_units': 20, 'module__activation_func': Tanh(), 'lr': 0.1}",0.1585546582937241,0.2594700455665588,0.1211957633495331,0.3981892242310483,10.31958684325218
349,BA11_70:30_Log_window2_ICA_90,Long Short-Term Memory Network,"{'module__num_layers': 1, 'module__hidden_size': 75, 'max_epochs': 30, 'lr': 0.1, 'batch_size': 16}",0.06780416518449783,0.2219261676073074,0.08314505964517593,0.2603923293503436,8.020241558551788
350,BA11_70:30_Log_window2_ICA_95,Long Short-Term Memory Network,"{'module__num_layers': 1, 'module__hidden_size': 25, 'max_epochs': 20, 'lr': 0.1, 'batch_size': 16}",0.1486074328422546,0.2669064700603485,0.09167826175689697,0.3854963460815869,9.856409579515457
351,BA11_70:30_Log_window2_ICA_90,Convolutional neural network,{},0.9225071668624878,0.8577291369438171,0.3636088371276855,0.9604723665272665,28.4026175737381
352,BA11_70:30_Log_window2_ICA_95,Convolutional neural network,{},0.1341808289289474,0.2437614053487778,0.1168593987822533,0.366307014577864,9.775853157043457
353,BA11_80:20_Log_window2_ICA_90,Linear Regressor,{},4.935730032276824e-08,0.0001684037564218717,5.999019545054513e-05,0.0002221650294775671,0.005999170534396135
354,BA11_80:20_Log_window2_ICA_95,Linear Regressor,{},5.662069483622516e-08,0.0001758697266273038,6.429463981884144e-05,0.0002379510345348916,0.006429733170968918
355,BA11_80:20_Log_window2_ICA_90,Support Vector Regressor,"{'kernel': 'rbf', 'gamma': 0.0001, 'C': 1}",0.07167366202143077,0.2203323774994979,0.07778278096128684,0.2677193717709475,8.014716629044704
356,BA11_80:20_Log_window2_ICA_95,Support Vector Regressor,"{'kernel': 'rbf', 'gamma': 0.0001, 'C': 1}",0.07166795091390742,0.2203271315969617,0.07778176879513873,0.2677087053382975,8.014520168674316
357,BA11_80:20_Log_window2_ICA_90,Decision Tree Regressor,"{'splitter': 'best', 'min_samples_split': 5, 'min_samples_leaf': 2, 'min_impurity_decrease': 1.0, 'max_leaf_nodes': 50, 'max_features': 'auto', 'max_depth': 32, 'criterion': 'mae', 'ccp_alpha': 1.0}",0.0672608414458546,0.2155105058152709,0.0765684654293943,0.2593469518730741,7.834417109646166
358,BA11_80:20_Log_window2_ICA_95,Decision Tree Regressor,"{'splitter': 'best', 'min_samples_split': 5, 'min_samples_leaf': 2, 'min_impurity_decrease': 1.0, 'max_leaf_nodes': 50, 'max_features': 'auto', 'max_depth': 32, 'criterion': 'mae', 'ccp_alpha': 1.0}",0.0672608414458546,0.2155105058152709,0.0765684654293943,0.2593469518730741,7.834417109646166
359,BA11_80:20_Log_window2_ICA_90,K-Neighbors Regressor,"{'weights': 'uniform', 'n_neighbors': 5}",0.5500150468158782,0.5800225901799695,0.2002125301410369,0.7416299932013795,23.61215523690441
360,BA11_80:20_Log_window2_ICA_95,K-Neighbors Regressor,"{'weights': 'distance', 'n_neighbors': 2}",0.7340914156498538,0.6000621913062676,0.2059276560348049,0.8567913489583411,25.90902032631941
361,BA11_80:20_Log_window2_ICA_90,Stochastic Gradient Descent Regressor,"{'tol': 1e-05, 'power_t': 0.5, 'penalty': 'l1', 'max_iter': 3000, 'loss': 'squared_epsilon_insensitive', 'learning_rate': 'adaptive', 'l1_ratio': 1, 'fit_intercept': True, 'eta0': 0.1, 'alpha': 0.01}",0.1398609966205653,0.3309292676638445,0.1206694606400988,0.3739799414682093,12.05976936983561
362,BA11_80:20_Log_window2_ICA_95,Stochastic Gradient Descent Regressor,"{'tol': 1e-05, 'power_t': 0.5, 'penalty': 'l1', 'max_iter': 3000, 'loss': 'squared_epsilon_insensitive', 'learning_rate': 'adaptive', 'l1_ratio': 1, 'fit_intercept': True, 'eta0': 0.1, 'alpha': 0.01}",0.4211746373077975,0.5511626155500322,0.2020045767401579,0.6489796894416631,21.02238310973943
363,BA11_80:20_Log_window2_ICA_90,Voting Regressor,"{'rf__n_estimators': 10, 'gb__n_estimators': 10}",0.6653384465270461,0.7333508454972635,0.262269662349037,0.8156828099984982,31.41991859432951
364,BA11_80:20_Log_window2_ICA_95,Voting Regressor,"{'rf__n_estimators': 50, 'gb__n_estimators': 10}",0.5179684684792027,0.6149776344501243,0.21661106577027,0.719700262942291,25.41380587112264
365,BA11_80:20_Log_window2_ICA_90,Stacking Regressor,{'final_estimator': LinearSVR(random_state=42)},1.840619286973586e-06,0.001099555014638209,0.0003797115121071513,0.001356694249627965,0.03798162966522754
366,BA11_80:20_Log_window2_ICA_95,Stacking Regressor,{'final_estimator': LinearSVR(random_state=42)},0.01750727338447727,0.1155047591091947,0.04075066075043859,0.1323150535066863,4.141451631016062
367,BA11_80:20_Log_window2_ICA_90,Gradient Boosting Regressor,"{'n_estimators': 10, 'min_samples_split': 10, 'min_samples_leaf': 10, 'min_impurity_decrease': 2, 'max_leaf_nodes': 10, 'max_features': 'sqrt', 'max_depth': None, 'learning_rate': 0.05}",0.3226273918934252,0.5083370050917533,0.1770229236937162,0.5680029858138292,19.82451134258244
368,BA11_80:20_Log_window2_ICA_95,Gradient Boosting Regressor,"{'n_estimators': 10, 'min_samples_split': 10, 'min_samples_leaf': 10, 'min_impurity_decrease': 2, 'max_leaf_nodes': 10, 'max_features': 'sqrt', 'max_depth': None, 'learning_rate': 0.05}",0.1705604340954646,0.3455307933326323,0.1193401749352934,0.4129896295253243,12.94066717325054
369,BA11_80:20_Log_window2_ICA_90,Random Forest Regressor,"{'n_estimators': 10, 'min_samples_split': 2, 'min_samples_leaf': 2, 'max_depth': None}",2.290776938762902,1.313135925591137,0.4749791869065947,1.513531281065212,71.62677922018102
370,BA11_80:20_Log_window2_ICA_95,Random Forest Regressor,"{'n_estimators': 50, 'min_samples_split': 10, 'min_samples_leaf': 1, 'max_depth': 30}",1.415891419934718,1.013366638065617,0.3556225423928273,1.189912358089753,47.38110078879298
371,BA11_80:20_Log_window2_ICA_90,AdaBoostRegressor,"{'n_estimators': 50, 'loss': 'exponential', 'learning_rate': 0.01}",1.405731375482019,1.037788637495676,0.371469342730642,1.185635431100985,49.45546756212617
372,BA11_80:20_Log_window2_ICA_95,AdaBoostRegressor,"{'n_estimators': 400, 'loss': 'square', 'learning_rate': 1.0}",0.5191353844860557,0.5604738536396561,0.1944215616391301,0.7205105026896247,23.07716917402265
373,BA11_80:20_Log_window2_ICA_90,BaggingRegressor,"{'n_estimators': 50, 'max_samples': 0.7000000000000001, 'max_features': 0.9}",1.510607816563914,1.158407423419209,0.4097188599937408,1.22906786491386,52.95408763695726
374,BA11_80:20_Log_window2_ICA_95,BaggingRegressor,"{'n_estimators': 50, 'max_samples': 0.7000000000000001, 'max_features': 0.9}",1.287615318976726,0.9891242229699118,0.3477321284905955,1.13473138626581,45.06421072084878
375,BA11_80:20_Log_window2_ICA_90,ExtraTreesRegressor,"{'n_estimators': 100, 'min_samples_split': 10, 'min_samples_leaf': 1, 'max_depth': 20}",3.882135891373003,1.844557624360994,0.6515232978792261,1.970313653044358,103.5227262948425
376,BA11_80:20_Log_window2_ICA_95,ExtraTreesRegressor,"{'n_estimators': 50, 'min_samples_split': 10, 'min_samples_leaf': 1, 'max_depth': 30}",5.353617954696388,2.199152722623217,0.7840521805396737,2.313788658174378,126.8376170457828
377,BA11_80:20_Log_window2_ICA_90,XGBoost Regressor,"{'subsample': 0.7, 'reg_lambda': 1.0, 'reg_alpha': 1.0, 'n_estimators': 300, 'min_child_weight': 1, 'max_depth': 6, 'learning_rate': 0.1, 'gamma': 0.1, 'colsample_bytree': 0.7}",1.051507692166143,0.9430657860965671,0.337396102404538,1.02543049114318,42.26774941869939
378,BA11_80:20_Log_window2_ICA_95,XGBoost Regressor,"{'subsample': 0.9, 'reg_lambda': 1.0, 'reg_alpha': 0, 'n_estimators': 100, 'min_child_weight': 5, 'max_depth': 3, 'learning_rate': 0.1, 'gamma': 0.2, 'colsample_bytree': 1.0}",0.5795407135326099,0.6607600196164908,0.2319212772378637,0.7612757145296374,27.32094146922273
379,BA11_80:20_Log_window2_ICA_90,Multilayer Perceptron,"{'module__num_units': 20, 'module__activation_func': ReLU(), 'lr': 0.1}",0.05049527436494827,0.1838366389274597,0.06805390864610672,0.224711535896465,6.682039797306061
380,BA11_80:20_Log_window2_ICA_95,Multilayer Perceptron,"{'module__num_units': 20, 'module__activation_func': Tanh(), 'lr': 0.1}",0.04967579245567322,0.1905791461467743,0.06855513155460358,0.2228806686450694,6.9111667573452
381,BA11_80:20_Log_window2_ICA_90,Long Short-Term Memory Network,"{'module__num_layers': 1, 'module__hidden_size': 25, 'max_epochs': 20, 'lr': 0.1, 'batch_size': 16}",0.0244335513561964,0.1327596455812454,0.04729794710874557,0.1563123518989987,4.69798780977726
382,BA11_80:20_Log_window2_ICA_95,Long Short-Term Memory Network,"{'module__num_layers': 1, 'module__hidden_size': 75, 'max_epochs': 30, 'lr': 0.1, 'batch_size': 16}",0.09972786158323288,0.2842458486557007,0.09974680840969086,0.3157971842547569,10.15830188989639
383,BA11_80:20_Log_window2_ICA_90,Convolutional neural network,{},0.1785682886838913,0.3835660815238953,0.1343558132648468,0.4225734121828908,14.59501087665558
384,BA11_80:20_Log_window2_ICA_95,Convolutional neural network,{},1.135036110877991,1.012913346290588,0.3786611258983612,1.065380735173107,31.13608658313751
385,BA11_80:20_MinMax_window2_KPCA_90,Linear Regressor,{},0.0585489643538261,0.1504337584544821,1.563736616924342,0.2419689326211655,30.0685929983906
386,BA11_80:20_MinMax_window2_KPCA_95,Linear Regressor,{},0.06062813976968671,0.1577757013446735,1.547082418582096,0.2462278208685743,31.2380783057671
387,BA11_80:20_MinMax_window2_KPCA_90,Support Vector Regressor,"{'kernel': 'rbf', 'gamma': 0.1, 'C': 1}",0.07729192962075358,0.2165382143906594,1.674507873562298,0.278014261542018,39.93003034551668
388,BA11_80:20_MinMax_window2_KPCA_95,Support Vector Regressor,"{'kernel': 'rbf', 'gamma': 0.01, 'C': 1000}",0.07335294919066698,0.2075805605223986,1.655800094616761,0.2708374959097558,38.7614745173468
389,BA11_80:20_MinMax_window2_KPCA_90,Decision Tree Regressor,"{'splitter': 'best', 'min_samples_split': 10, 'min_samples_leaf': 2, 'min_impurity_decrease': 0.01, 'max_leaf_nodes': 20, 'max_features': None, 'max_depth': 14, 'criterion': 'friedman_mse', 'ccp_alpha': 0.0}",0.05474586346482115,0.1561035865899559,1.463725255094422,0.2339783397343035,31.84971423703507
390,BA11_80:20_MinMax_window2_KPCA_95,Decision Tree Regressor,"{'splitter': 'best', 'min_samples_split': 10, 'min_samples_leaf': 2, 'min_impurity_decrease': 0.01, 'max_leaf_nodes': 20, 'max_features': None, 'max_depth': 14, 'criterion': 'friedman_mse', 'ccp_alpha': 0.0}",0.05474586346482117,0.1561035865899559,1.463725255094422,0.2339783397343035,31.84971423703508
391,BA11_80:20_MinMax_window2_KPCA_90,K-Neighbors Regressor,"{'weights': 'uniform', 'n_neighbors': 1}",0.05854221706734765,0.1637447095332703,1.628279405172479,0.2419549897550113,31.94494563880085
392,BA11_80:20_MinMax_window2_KPCA_95,K-Neighbors Regressor,"{'weights': 'uniform', 'n_neighbors': 1}",0.06892823959920802,0.1753732724075891,1.681494177615475,0.2625418816097881,33.14865554369313
393,BA11_80:20_MinMax_window2_KPCA_90,Stochastic Gradient Descent Regressor,"{'tol': 1e-05, 'power_t': 0.75, 'penalty': 'elasticnet', 'max_iter': 3000, 'loss': 'huber', 'learning_rate': 'optimal', 'l1_ratio': 1, 'fit_intercept': False, 'eta0': 0.001, 'alpha': 0.01}",0.4193856260152439,0.5973340539100465,1.0,0.647599896552836,200.0
394,BA11_80:20_MinMax_window2_KPCA_95,Stochastic Gradient Descent Regressor,"{'tol': 0.0001, 'power_t': 0.5, 'penalty': 'l1', 'max_iter': 1000, 'loss': 'squared_loss', 'learning_rate': 'adaptive', 'l1_ratio': 0.15, 'fit_intercept': True, 'eta0': 0.001, 'alpha': 0.001}",0.1073574393420992,0.3062505288213078,1.141868221620253,0.3276544511251133,68.24577305780217
395,BA11_80:20_MinMax_window2_KPCA_90,Voting Regressor,"{'rf__n_estimators': 200, 'gb__n_estimators': 200}",0.05239773743067454,0.147724835288517,1.480488551401143,0.2289055207518476,30.36474456184222
396,BA11_80:20_MinMax_window2_KPCA_95,Voting Regressor,"{'rf__n_estimators': 200, 'gb__n_estimators': 200}",0.05303339742865416,0.1497846637544888,1.471463815256967,0.2302898118212227,30.66673472526134
397,BA11_80:20_MinMax_window2_KPCA_90,Stacking Regressor,{'final_estimator': GradientBoostingRegressor(random_state=42)},0.06373133453222532,0.1835692148826776,1.536952412409611,0.2524506576189203,36.02457604585157
398,BA11_80:20_MinMax_window2_KPCA_95,Stacking Regressor,{'final_estimator': LinearRegression()},0.08002992920840604,0.2196914083719862,1.62084074604504,0.2828956153926852,40.45426062776902
399,BA11_80:20_MinMax_window2_KPCA_90,Gradient Boosting Regressor,"{'n_estimators': 100, 'min_samples_split': 2, 'min_samples_leaf': 2, 'min_impurity_decrease': 0, 'max_leaf_nodes': 20, 'max_features': 'sqrt', 'max_depth': 30, 'learning_rate': 0.5}",0.0597735844314605,0.1789523751676858,1.538562353872978,0.2444863686005019,35.13697735487768
400,BA11_80:20_MinMax_window2_KPCA_95,Gradient Boosting Regressor,"{'n_estimators': 50, 'min_samples_split': 2, 'min_samples_leaf': 2, 'min_impurity_decrease': 0, 'max_leaf_nodes': 15, 'max_features': 'log2', 'max_depth': 20, 'learning_rate': 0.05}",0.06629671029253757,0.1746452707027393,1.617664623442309,0.2574814756298743,33.71293930298705
401,BA11_80:20_MinMax_window2_KPCA_90,Random Forest Regressor,"{'n_estimators': 100, 'min_samples_split': 5, 'min_samples_leaf': 2, 'max_depth': None}",0.05056985998177118,0.1481708714460356,1.427886624832849,0.2248774332425803,30.83099162936402
402,BA11_80:20_MinMax_window2_KPCA_95,Random Forest Regressor,"{'n_estimators': 200, 'min_samples_split': 5, 'min_samples_leaf': 2, 'max_depth': None}",0.04922915251502441,0.1459715172343293,1.419616624243026,0.2218764352404834,30.48905058353255
403,BA11_80:20_MinMax_window2_KPCA_90,AdaBoostRegressor,"{'n_estimators': 100, 'loss': 'linear', 'learning_rate': 0.1}",0.04810814862034717,0.1444279390359208,1.394307395598848,0.2193356984632168,30.18499599637724
404,BA11_80:20_MinMax_window2_KPCA_95,AdaBoostRegressor,"{'n_estimators': 100, 'loss': 'linear', 'learning_rate': 0.1}",0.04902175184541113,0.1450301738525491,1.423307273858902,0.2214085631709197,30.20391428455931
405,BA11_80:20_MinMax_window2_KPCA_90,BaggingRegressor,"{'n_estimators': 30, 'max_samples': 0.9, 'max_features': 0.7000000000000001}",0.05763055153280801,0.1585465803359672,1.524268471827221,0.2400636405889238,31.91332437270195
406,BA11_80:20_MinMax_window2_KPCA_95,BaggingRegressor,"{'n_estimators': 30, 'max_samples': 0.9, 'max_features': 0.7000000000000001}",0.05538526945655767,0.1600009146610016,1.477081325230053,0.2353407517973835,32.32782678733156
407,BA11_80:20_MinMax_window2_KPCA_90,ExtraTreesRegressor,"{'n_estimators': 10, 'min_samples_split': 2, 'min_samples_leaf': 2, 'max_depth': None}",0.0509336971162711,0.139703911535599,1.479676942328108,0.2256849510186071,29.12317651311533
408,BA11_80:20_MinMax_window2_KPCA_95,ExtraTreesRegressor,"{'n_estimators': 10, 'min_samples_split': 2, 'min_samples_leaf': 2, 'max_depth': None}",0.05647622910696346,0.1504803924016515,1.586547541084045,0.2376472787703732,30.34408799972166
409,BA11_80:20_MinMax_window2_KPCA_90,XGBoost Regressor,"{'subsample': 1.0, 'reg_lambda': 0, 'reg_alpha': 1.0, 'n_estimators': 700, 'min_child_weight': 1, 'max_depth': 9, 'learning_rate': 0.01, 'gamma': 0.3, 'colsample_bytree': 0.8}",0.07484681951638376,0.2134170232314372,1.644640430905179,0.2735814677868071,39.618228844836
410,BA11_80:20_MinMax_window2_KPCA_95,XGBoost Regressor,"{'subsample': 1.0, 'reg_lambda': 0, 'reg_alpha': 1.0, 'n_estimators': 700, 'min_child_weight': 1, 'max_depth': 9, 'learning_rate': 0.01, 'gamma': 0.3, 'colsample_bytree': 0.8}",0.07484681951638376,0.2134170232314372,1.644640430905179,0.2735814677868071,39.618228844836
411,BA11_80:20_MinMax_window2_KPCA_90,Multilayer Perceptron,"{'module__num_units': 20, 'module__activation_func': ReLU(), 'lr': 0.1}",0.0939396321773529,0.2425580620765686,1.71569836139679,0.3064957294602209,42.44223833084106
412,BA11_80:20_MinMax_window2_KPCA_95,Multilayer Perceptron,"{'module__num_units': 20, 'module__activation_func': ReLU(), 'lr': 0.02}",0.1393187791109085,0.3118612170219421,1.682620286941528,0.3732543088979798,55.38173317909241
413,BA11_80:20_MinMax_window2_KPCA_90,Long Short-Term Memory Network,"{'module__num_layers': 1, 'module__hidden_size': 25, 'max_epochs': 20, 'lr': 0.1, 'batch_size': 16}",0.06491116434335709,0.2029897570610046,0.6868449449539185,0.2547766950554095,36.03572845458984
414,BA11_80:20_MinMax_window2_KPCA_95,Long Short-Term Memory Network,"{'module__num_layers': 1, 'module__hidden_size': 25, 'max_epochs': 20, 'lr': 0.1, 'batch_size': 16}",0.06575990468263626,0.1981789320707321,0.7207443714141846,0.2564369409477431,34.49362814426422
415,BA11_80:20_MinMax_window2_KPCA_90,Convolutional neural network,{},0.1357999593019485,0.3094799220561981,1.936418294906616,0.3685104602341005,54.45249080657959
416,BA11_80:20_MinMax_window2_KPCA_95,Convolutional neural network,{},0.1160859242081642,0.2455448508262634,1.70474112033844,0.3407138450491324,41.94070994853973
417,BA11_70:30_MinMax_window2_KPCA_90,Linear Regressor,{},0.06533963309697408,0.1981818339094041,1.614330213112577,0.2556161831672128,38.15198557241477
418,BA11_70:30_MinMax_window2_KPCA_95,Linear Regressor,{},0.06560553855047008,0.1985001023658516,1.619027979719125,0.2561357814723864,38.18203891683633
419,BA11_70:30_MinMax_window2_KPCA_90,Support Vector Regressor,"{'kernel': 'rbf', 'gamma': 0.0001, 'C': 1}",0.06360369710377985,0.2021052436302872,1.465043544807044,0.2521977341368868,39.35165674120407
420,BA11_70:30_MinMax_window2_KPCA_95,Support Vector Regressor,"{'kernel': 'rbf', 'gamma': 0.0001, 'C': 100}",0.08850481577720608,0.2451993174552201,0.998260975483722,0.2974975895317575,53.27599929992212
421,BA11_70:30_MinMax_window2_KPCA_90,Decision Tree Regressor,"{'splitter': 'best', 'min_samples_split': 5, 'min_samples_leaf': 4, 'min_impurity_decrease': 0.1, 'max_leaf_nodes': 90, 'max_features': None, 'max_depth': 26, 'criterion': 'mae', 'ccp_alpha': 0.0}",0.06834122026298313,0.2053780216200532,1.630610378209952,0.2614215374887523,39.10374295068142
422,BA11_70:30_MinMax_window2_KPCA_95,Decision Tree Regressor,"{'splitter': 'best', 'min_samples_split': 5, 'min_samples_leaf': 4, 'min_impurity_decrease': 0.1, 'max_leaf_nodes': 90, 'max_features': None, 'max_depth': 26, 'criterion': 'mae', 'ccp_alpha': 0.0}",0.06834122026298313,0.2053780216200532,1.630610378209952,0.2614215374887523,39.10374295068142
423,BA11_70:30_MinMax_window2_KPCA_90,K-Neighbors Regressor,"{'weights': 'distance', 'n_neighbors': 3}",0.07198812795960645,0.2050759290569986,1.471738149867726,0.2683060341468422,39.4973366441742
424,BA11_70:30_MinMax_window2_KPCA_95,K-Neighbors Regressor,"{'weights': 'distance', 'n_neighbors': 3}",0.07026622985574707,0.2179142968129773,1.151258874066253,0.2650777807658482,43.99293752653401
425,BA11_70:30_MinMax_window2_KPCA_90,Stochastic Gradient Descent Regressor,"{'tol': 1e-05, 'power_t': 0.75, 'penalty': 'l1', 'max_iter': 1000, 'loss': 'huber', 'learning_rate': 'invscaling', 'l1_ratio': 0, 'fit_intercept': True, 'eta0': 0.01, 'alpha': 0.01}",0.3695468301054595,0.5390761035744012,0.9662536122922788,0.6079036355422293,148.1846251715514
426,BA11_70:30_MinMax_window2_KPCA_95,Stochastic Gradient Descent Regressor,"{'tol': 1e-05, 'power_t': 0.75, 'penalty': 'l1', 'max_iter': 1000, 'loss': 'huber', 'learning_rate': 'invscaling', 'l1_ratio': 0, 'fit_intercept': True, 'eta0': 0.01, 'alpha': 0.01}",0.3668478790984426,0.5350891956954033,0.9252062080302907,0.6056796835774192,145.5814372590731
427,BA11_70:30_MinMax_window2_KPCA_90,Voting Regressor,"{'rf__n_estimators': 10, 'gb__n_estimators': 100}",0.0684625589685162,0.2027612016384219,1.638768774221303,0.2616535093755026,38.70169925328647
428,BA11_70:30_MinMax_window2_KPCA_95,Voting Regressor,"{'rf__n_estimators': 10, 'gb__n_estimators': 10}",0.06724209179590256,0.2016819568557996,1.651545647125465,0.2593108015411286,38.57402184639984
429,BA11_70:30_MinMax_window2_KPCA_90,Stacking Regressor,{'final_estimator': RandomForestRegressor(random_state=42)},0.08315471487003338,0.2327420647248215,1.575387933769977,0.2883655923823669,43.61345538882354
430,BA11_70:30_MinMax_window2_KPCA_95,Stacking Regressor,{'final_estimator': GradientBoostingRegressor(random_state=42)},0.08972651171007877,0.2399090718243688,1.668467260522615,0.2995438393792781,43.94745947293549
431,BA11_70:30_MinMax_window2_KPCA_90,Gradient Boosting Regressor,"{'n_estimators': 10, 'min_samples_split': 10, 'min_samples_leaf': 10, 'min_impurity_decrease': 2, 'max_leaf_nodes': 10, 'max_features': 'sqrt', 'max_depth': None, 'learning_rate': 0.05}",0.069282023648036,0.2066823902805146,1.647302055043117,0.2632147861500869,39.22953096659722
432,BA11_70:30_MinMax_window2_KPCA_95,Gradient Boosting Regressor,"{'n_estimators': 10, 'min_samples_split': 10, 'min_samples_leaf': 10, 'min_impurity_decrease': 2, 'max_leaf_nodes': 10, 'max_features': 'sqrt', 'max_depth': None, 'learning_rate': 0.05}",0.069282023648036,0.2066823902805146,1.647302055043117,0.2632147861500869,39.22953096659722
433,BA11_70:30_MinMax_window2_KPCA_90,Random Forest Regressor,"{'n_estimators': 10, 'min_samples_split': 10, 'min_samples_leaf': 2, 'max_depth': 10}",0.06406689406735873,0.1966836289069161,1.616421658410407,0.253114389293376,37.9506968656929
434,BA11_70:30_MinMax_window2_KPCA_95,Random Forest Regressor,"{'n_estimators': 10, 'min_samples_split': 2, 'min_samples_leaf': 4, 'max_depth': 30}",0.07280642894348484,0.2138780330467726,1.7519530242771,0.2698266646265429,40.02592919679874
435,BA11_70:30_MinMax_window2_KPCA_90,AdaBoostRegressor,"{'n_estimators': 50, 'loss': 'linear', 'learning_rate': 0.01}",0.06803340212970788,0.2024850367519931,1.617078101737945,0.2608321340052024,38.71214904180858
436,BA11_70:30_MinMax_window2_KPCA_95,AdaBoostRegressor,"{'n_estimators': 50, 'loss': 'linear', 'learning_rate': 0.01}",0.0618583950331835,0.1935021594675522,1.533906258282167,0.2487134797979062,37.75015414562554
437,BA11_70:30_MinMax_window2_KPCA_90,BaggingRegressor,"{'n_estimators': 80, 'max_samples': 0.7000000000000001, 'max_features': 0.1}",0.06572925876481142,0.2025513924330351,1.56140896255689,0.2563771806632006,38.99512917276514
438,BA11_70:30_MinMax_window2_KPCA_95,BaggingRegressor,"{'n_estimators': 80, 'max_samples': 0.7000000000000001, 'max_features': 0.1}",0.06570042309768764,0.2031942404332497,1.541954608498304,0.2563209376888428,39.1953002431811
439,BA11_70:30_MinMax_window2_KPCA_90,ExtraTreesRegressor,"{'n_estimators': 100, 'min_samples_split': 10, 'min_samples_leaf': 1, 'max_depth': 20}",0.06124624215223529,0.1912923874317607,1.502308508132349,0.2474797812998777,37.48483615109303
440,BA11_70:30_MinMax_window2_KPCA_95,ExtraTreesRegressor,"{'n_estimators': 10, 'min_samples_split': 2, 'min_samples_leaf': 4, 'max_depth': 30}",0.06404121237767404,0.1972753077226214,1.528989424591241,0.2530636528181676,38.21672438547107
441,BA11_70:30_MinMax_window2_KPCA_90,XGBoost Regressor,"{'subsample': 1.0, 'reg_lambda': 0, 'reg_alpha': 1.0, 'n_estimators': 700, 'min_child_weight': 1, 'max_depth': 9, 'learning_rate': 0.01, 'gamma': 0.3, 'colsample_bytree': 0.8}",0.06928202500348928,0.2066823920894507,1.647302078191616,0.2632147887248915,39.22953113949018
442,BA11_70:30_MinMax_window2_KPCA_95,XGBoost Regressor,"{'subsample': 1.0, 'reg_lambda': 0, 'reg_alpha': 1.0, 'n_estimators': 700, 'min_child_weight': 1, 'max_depth': 9, 'learning_rate': 0.01, 'gamma': 0.3, 'colsample_bytree': 0.8}",0.06928202500348928,0.2066823920894507,1.647302078191616,0.2632147887248915,39.22953113949018
443,BA11_70:30_MinMax_window2_KPCA_90,Multilayer Perceptron,"{'module__num_units': 20, 'module__activation_func': Tanh(), 'lr': 0.1}",0.09247191995382309,0.2297918051481247,1.8912752866745,0.3040919596994026,41.27581119537354
444,BA11_70:30_MinMax_window2_KPCA_95,Multilayer Perceptron,"{'module__num_units': 10, 'module__activation_func': ReLU(), 'lr': 0.1}",,3.135566950771307e+25,1.29441826959516e+26,,200.0
445,BA11_70:30_MinMax_window2_KPCA_90,Long Short-Term Memory Network,"{'module__num_layers': 1, 'module__hidden_size': 75, 'max_epochs': 30, 'lr': 0.1, 'batch_size': 16}",0.06650882959365845,0.2008156180381775,0.721078634262085,0.2578930584441125,35.67129969596863
446,BA11_70:30_MinMax_window2_KPCA_95,Long Short-Term Memory Network,"{'module__num_layers': 1, 'module__hidden_size': 25, 'max_epochs': 20, 'lr': 0.1, 'batch_size': 16}",0.07716864347457886,0.230043962597847,0.8189967274665833,0.2777924467558088,39.66483175754547
447,BA11_70:30_MinMax_window2_KPCA_90,Convolutional neural network,{},0.2797280550003052,0.4186747968196869,0.78313148021698,0.528893235918465,102.7633190155029
448,BA11_70:30_MinMax_window2_KPCA_95,Convolutional neural network,{},0.2917080223560333,0.4428943991661072,1.371656656265259,0.5401000114386532,102.1780371665955
449,BA11_60:40_MinMax_window2_KPCA_90,Linear Regressor,{},0.05982650818473094,0.1821038539522136,1.620863877854109,0.2445945792218849,35.10461296013558
450,BA11_60:40_MinMax_window2_KPCA_95,Linear Regressor,{},0.05417097538104725,0.1574962708521271,1.610449190214873,0.2327465904821105,31.49818256875865
451,BA11_60:40_MinMax_window2_KPCA_90,Support Vector Regressor,"{'kernel': 'rbf', 'gamma': 0.0001, 'C': 100}",0.07294999499138202,0.2012798177479664,1.416592018419972,0.2700925674493506,43.09376894623782
452,BA11_60:40_MinMax_window2_KPCA_95,Support Vector Regressor,"{'kernel': 'rbf', 'gamma': 0.0001, 'C': 1}",0.06030334666734707,0.1696524606389002,1.708291791267467,0.2455673974031306,32.91532453738345
453,BA11_60:40_MinMax_window2_KPCA_90,Decision Tree Regressor,"{'splitter': 'best', 'min_samples_split': 5, 'min_samples_leaf': 4, 'min_impurity_decrease': 0.1, 'max_leaf_nodes': 90, 'max_features': None, 'max_depth': 26, 'criterion': 'mae', 'ccp_alpha': 0.0}",0.0672566175706227,0.2043817523455964,1.63073141865021,0.2593388084545441,38.48364041756974
454,BA11_60:40_MinMax_window2_KPCA_95,Decision Tree Regressor,"{'splitter': 'best', 'min_samples_split': 5, 'min_samples_leaf': 4, 'min_impurity_decrease': 0.1, 'max_leaf_nodes': 90, 'max_features': None, 'max_depth': 26, 'criterion': 'mae', 'ccp_alpha': 0.0}",0.0672566175706227,0.2043817523455964,1.63073141865021,0.2593388084545441,38.48364041756974
455,BA11_60:40_MinMax_window2_KPCA_90,K-Neighbors Regressor,"{'weights': 'distance', 'n_neighbors': 3}",0.04950383914439843,0.162623931387729,1.498635835891163,0.2224945822810039,32.86319246960542
456,BA11_60:40_MinMax_window2_KPCA_95,K-Neighbors Regressor,"{'weights': 'uniform', 'n_neighbors': 1}",0.08685060859987553,0.1917346573587265,1.538014820382223,0.2947042731279537,40.03122063909955
457,BA11_60:40_MinMax_window2_KPCA_90,Stochastic Gradient Descent Regressor,"{'tol': 1e-05, 'power_t': 0.75, 'penalty': 'l1', 'max_iter': 1000, 'loss': 'huber', 'learning_rate': 'invscaling', 'l1_ratio': 0, 'fit_intercept': True, 'eta0': 0.01, 'alpha': 0.01}",0.3636460835014859,0.5433862837107105,1.153687256827076,0.6030307483880784,145.3117323786315
458,BA11_60:40_MinMax_window2_KPCA_95,Stochastic Gradient Descent Regressor,"{'tol': 1e-05, 'power_t': 0.75, 'penalty': 'l1', 'max_iter': 1000, 'loss': 'huber', 'learning_rate': 'invscaling', 'l1_ratio': 0, 'fit_intercept': True, 'eta0': 0.01, 'alpha': 0.01}",0.3811066101387294,0.5654800677733564,0.9194424797842633,0.617338327126001,169.9676409235431
459,BA11_60:40_MinMax_window2_KPCA_90,Voting Regressor,"{'rf__n_estimators': 100, 'gb__n_estimators': 10}",0.04952995686279477,0.1624592549256533,1.549333924888908,0.2225532674727441,32.66643610770479
460,BA11_60:40_MinMax_window2_KPCA_95,Voting Regressor,"{'rf__n_estimators': 100, 'gb__n_estimators': 10}",0.05524857250095484,0.1616579110993048,1.680838386825721,0.2350501489064724,32.20264943320063
461,BA11_60:40_MinMax_window2_KPCA_90,Stacking Regressor,{'final_estimator': GradientBoostingRegressor(random_state=42)},0.08980679218101073,0.2383088910839852,1.74904368258196,0.299677813961946,42.96231467466968
462,BA11_60:40_MinMax_window2_KPCA_95,Stacking Regressor,{'final_estimator': LinearSVR(random_state=42)},0.06157623596087547,0.1741182694024899,1.724194332751933,0.2481455942806067,33.66082148404238
463,BA11_60:40_MinMax_window2_KPCA_90,Gradient Boosting Regressor,"{'n_estimators': 100, 'min_samples_split': 2, 'min_samples_leaf': 2, 'min_impurity_decrease': 0, 'max_leaf_nodes': 20, 'max_features': 'sqrt', 'max_depth': 30, 'learning_rate': 0.5}",0.06373412922475681,0.1717693805465862,1.705001331974703,0.2524561926845068,34.01586476152833
464,BA11_60:40_MinMax_window2_KPCA_95,Gradient Boosting Regressor,"{'n_estimators': 50, 'min_samples_split': 2, 'min_samples_leaf': 2, 'min_impurity_decrease': 0, 'max_leaf_nodes': 15, 'max_features': 'log2', 'max_depth': 20, 'learning_rate': 0.05}",0.05584016101190994,0.1562686528473034,1.647756346525456,0.2363052284904207,31.73739385350515
465,BA11_60:40_MinMax_window2_KPCA_90,Random Forest Regressor,"{'n_estimators': 10, 'min_samples_split': 10, 'min_samples_leaf': 2, 'max_depth': 10}",0.05606528749269676,0.1670317403244686,1.636680192889675,0.2367810961472574,33.63485358083702
466,BA11_60:40_MinMax_window2_KPCA_95,Random Forest Regressor,"{'n_estimators': 50, 'min_samples_split': 2, 'min_samples_leaf': 4, 'max_depth': 20}",0.05881523968008983,0.1625372361365835,1.742001527023628,0.2425185347145447,32.30557595160749
467,BA11_60:40_MinMax_window2_KPCA_90,AdaBoostRegressor,"{'n_estimators': 50, 'loss': 'linear', 'learning_rate': 0.01}",0.05503595113280574,0.1644026127408899,1.597266498536887,0.2345974235425567,32.99723667211887
468,BA11_60:40_MinMax_window2_KPCA_95,AdaBoostRegressor,"{'n_estimators': 400, 'loss': 'square', 'learning_rate': 1.0}",0.07233534253825318,0.1822690863108081,1.841808292823597,0.2689523053224366,36.4295525945734
469,BA11_60:40_MinMax_window2_KPCA_90,BaggingRegressor,"{'n_estimators': 50, 'max_samples': 0.7000000000000001, 'max_features': 0.9}",0.05375912052910792,0.1630384211028768,1.610776767613377,0.2318601313919837,32.57519641799434
470,BA11_60:40_MinMax_window2_KPCA_95,BaggingRegressor,"{'n_estimators': 30, 'max_samples': 0.9, 'max_features': 0.7000000000000001}",0.05676947693684564,0.1586595910308773,1.655337213052087,0.2382634611870768,31.49166536334834
471,BA11_60:40_MinMax_window2_KPCA_90,ExtraTreesRegressor,"{'n_estimators': 10, 'min_samples_split': 2, 'min_samples_leaf': 2, 'max_depth': None}",0.04736519034224971,0.1552154926061435,1.469720392349645,0.2176354528615448,31.78389106651071
472,BA11_60:40_MinMax_window2_KPCA_95,ExtraTreesRegressor,"{'n_estimators': 10, 'min_samples_split': 2, 'min_samples_leaf': 2, 'max_depth': None}",0.05438711603061418,0.1577470434551826,1.653710107370906,0.2332104543767586,31.63613909288095
473,BA11_60:40_MinMax_window2_KPCA_90,XGBoost Regressor,"{'subsample': 0.9, 'reg_lambda': 1.0, 'reg_alpha': 0, 'n_estimators': 100, 'min_child_weight': 5, 'max_depth': 3, 'learning_rate': 0.1, 'gamma': 0.2, 'colsample_bytree': 1.0}",0.0519997465116185,0.1765658199330702,1.565787712229261,0.2280345292091057,34.93645250746249
474,BA11_60:40_MinMax_window2_KPCA_95,XGBoost Regressor,"{'subsample': 0.9, 'reg_lambda': 1.0, 'reg_alpha': 0, 'n_estimators': 100, 'min_child_weight': 5, 'max_depth': 3, 'learning_rate': 0.1, 'gamma': 0.2, 'colsample_bytree': 1.0}",0.05076459136673969,0.165781046382461,1.609008414117752,0.2253099894961155,33.02909247010019
475,BA11_60:40_MinMax_window2_KPCA_90,Multilayer Perceptron,"{'module__num_units': 20, 'module__activation_func': Tanh(), 'lr': 0.1}",0.06801781803369522,0.1900011301040649,1.590426206588745,0.2608022584904034,39.03561234474182
476,BA11_60:40_MinMax_window2_KPCA_95,Multilayer Perceptron,"{'module__num_units': 20, 'module__activation_func': ReLU(), 'lr': 0.1}",0.06904076784849167,0.1646322160959244,1.847158074378967,0.2627560995457416,31.64879083633423
477,BA11_60:40_MinMax_window2_KPCA_90,Long Short-Term Memory Network,"{'module__num_layers': 1, 'module__hidden_size': 75, 'max_epochs': 10, 'lr': 0.1, 'batch_size': 32}",0.04351930692791939,0.1516842246055603,0.5146510004997253,0.2086128158285569,28.78985702991486
478,BA11_60:40_MinMax_window2_KPCA_95,Long Short-Term Memory Network,"{'module__num_layers': 1, 'module__hidden_size': 75, 'max_epochs': 30, 'lr': 0.1, 'batch_size': 16}",0.04894757270812988,0.155034601688385,0.5710111260414124,0.2212409833374682,30.8988094329834
479,BA11_60:40_MinMax_window2_KPCA_90,Convolutional neural network,{},0.145158514380455,0.3204335570335388,1.70947277545929,0.3809967380181293,69.25800442695618
480,BA11_60:40_MinMax_window2_KPCA_95,Convolutional neural network,{},0.1056024059653282,0.2477511465549469,1.838666200637817,0.3249652380875964,49.43049550056458
481,BA11_80:20_Log_window2_KPCA_90,Linear Regressor,{},0.6409578441700228,0.3784147080785781,0.6128064460613207,0.8005984287831339,18.9265252526226
482,BA11_80:20_Log_window2_KPCA_95,Linear Regressor,{},0.6409591119778916,0.37842063865383,0.612806745975424,0.8005992205703748,18.92674032005259
483,BA11_80:20_Log_window2_KPCA_90,Support Vector Regressor,"{'kernel': 'rbf', 'gamma': 0.01, 'C': 1000}",0.6741993656704737,0.4554807039846306,0.6368807256544451,0.8210964411507784,21.7711905874676
484,BA11_80:20_Log_window2_KPCA_95,Support Vector Regressor,"{'kernel': 'rbf', 'gamma': 0.01, 'C': 1000}",0.6799239131858594,0.4646003414472111,0.6402322223871708,0.8245749894253763,22.10513246182995
485,BA11_80:20_Log_window2_KPCA_90,Decision Tree Regressor,"{'splitter': 'best', 'min_samples_split': 10, 'min_samples_leaf': 2, 'min_impurity_decrease': 0.01, 'max_leaf_nodes': 20, 'max_features': None, 'max_depth': 14, 'criterion': 'friedman_mse', 'ccp_alpha': 0.0}",0.6257662666205206,0.4011180826469165,0.6062875802904727,0.7910538961540614,19.94247866720976
486,BA11_80:20_Log_window2_KPCA_95,Decision Tree Regressor,"{'splitter': 'best', 'min_samples_split': 10, 'min_samples_leaf': 2, 'min_impurity_decrease': 0.01, 'max_leaf_nodes': 20, 'max_features': None, 'max_depth': 14, 'criterion': 'friedman_mse', 'ccp_alpha': 0.0}",0.6257662666205206,0.4011180826469165,0.6062875802904727,0.7910538961540614,19.94247866720976
487,BA11_80:20_Log_window2_KPCA_90,K-Neighbors Regressor,"{'weights': 'uniform', 'n_neighbors': 1}",0.6796278434534977,0.4091437103732616,0.6119836676027747,0.824395441189177,19.90059650708406
488,BA11_80:20_Log_window2_KPCA_95,K-Neighbors Regressor,"{'weights': 'uniform', 'n_neighbors': 1}",0.6795796832415274,0.4090364910364339,0.6119462124422645,0.8243662312598251,19.89156048038204
489,BA11_80:20_Log_window2_KPCA_90,Stochastic Gradient Descent Regressor,"{'tol': 1e-05, 'power_t': 0.75, 'penalty': 'l1', 'max_iter': 1000, 'loss': 'huber', 'learning_rate': 'invscaling', 'l1_ratio': 0, 'fit_intercept': True, 'eta0': 0.01, 'alpha': 0.01}",6.295713890119815,2.431295883350943,0.992299362089084,2.509126120807764,178.1484440362642
490,BA11_80:20_Log_window2_KPCA_95,Stochastic Gradient Descent Regressor,"{'tol': 1e-05, 'power_t': 0.75, 'penalty': 'l1', 'max_iter': 1000, 'loss': 'huber', 'learning_rate': 'invscaling', 'l1_ratio': 0, 'fit_intercept': True, 'eta0': 0.01, 'alpha': 0.01}",6.285490447960541,2.38178129814785,1.023485959863586,2.507088041525575,157.9175449834099
491,BA11_80:20_Log_window2_KPCA_90,Voting Regressor,"{'rf__n_estimators': 100, 'gb__n_estimators': 200}",0.6125460079309865,0.3771077282121402,0.5997051644053244,0.7826531849618875,19.02895143756001
492,BA11_80:20_Log_window2_KPCA_95,Voting Regressor,"{'rf__n_estimators': 100, 'gb__n_estimators': 200}",0.6125779007817931,0.3771709551149952,0.5997257609095743,0.7826735595264434,19.03126042730517
493,BA11_80:20_Log_window2_KPCA_90,Stacking Regressor,{'final_estimator': LinearRegression()},0.6763649350515083,0.4079559110146901,0.6337149351299227,0.8224140897695688,19.90845328518005
494,BA11_80:20_Log_window2_KPCA_95,Stacking Regressor,{'final_estimator': LinearRegression()},0.670753471200298,0.4060916885612063,0.6313644066278878,0.8189954036502879,19.85632837515633
495,BA11_80:20_Log_window2_KPCA_90,Gradient Boosting Regressor,"{'n_estimators': 50, 'min_samples_split': 2, 'min_samples_leaf': 2, 'min_impurity_decrease': 0, 'max_leaf_nodes': 15, 'max_features': 'log2', 'max_depth': 20, 'learning_rate': 0.05}",0.620240824586037,0.3899528588428665,0.5945365024931535,0.7875536963192015,19.47941485530625
496,BA11_80:20_Log_window2_KPCA_95,Gradient Boosting Regressor,"{'n_estimators': 50, 'min_samples_split': 2, 'min_samples_leaf': 2, 'min_impurity_decrease': 0, 'max_leaf_nodes': 15, 'max_features': 'log2', 'max_depth': 20, 'learning_rate': 0.05}",0.6202493722550677,0.3900636459926877,0.5945759719051726,0.7875591230219277,19.48341661128927
497,BA11_80:20_Log_window2_KPCA_90,Random Forest Regressor,"{'n_estimators': 100, 'min_samples_split': 5, 'min_samples_leaf': 2, 'max_depth': None}",0.583105492403013,0.3648344555671862,0.5849206585358249,0.7636134443571649,18.65425158211593
498,BA11_80:20_Log_window2_KPCA_95,Random Forest Regressor,"{'n_estimators': 100, 'min_samples_split': 5, 'min_samples_leaf': 2, 'max_depth': None}",0.5832024019777156,0.364991965206159,0.5849733196066663,0.7636768963231214,18.66009226507458
499,BA11_80:20_Log_window2_KPCA_90,AdaBoostRegressor,"{'n_estimators': 250, 'loss': 'linear', 'learning_rate': 0.01}",0.5966881225556965,0.3794475243051679,0.5890720704229611,0.772455903308206,19.2119354073697
500,BA11_80:20_Log_window2_KPCA_95,AdaBoostRegressor,"{'n_estimators': 250, 'loss': 'linear', 'learning_rate': 0.01}",0.5966890391314,0.3794488948512399,0.5890725162154614,0.7724564965947274,19.21198526149973
501,BA11_80:20_Log_window2_KPCA_90,BaggingRegressor,"{'n_estimators': 30, 'max_samples': 0.9, 'max_features': 0.7000000000000001}",0.6255054728363556,0.3881899992620753,0.5992709813107532,0.7908890395222048,19.42570066225695
502,BA11_80:20_Log_window2_KPCA_95,BaggingRegressor,"{'n_estimators': 30, 'max_samples': 0.9, 'max_features': 0.7000000000000001}",0.6255270211105066,0.3882205364146391,0.5992809140185029,0.790902662222417,19.42681854102389
503,BA11_80:20_Log_window2_KPCA_90,ExtraTreesRegressor,"{'n_estimators': 10, 'min_samples_split': 2, 'min_samples_leaf': 2, 'max_depth': None}",0.5980071173518946,0.3590238765194637,0.5895168303685158,0.7733091990606956,18.31005436795509
504,BA11_80:20_Log_window2_KPCA_95,ExtraTreesRegressor,"{'n_estimators': 10, 'min_samples_split': 2, 'min_samples_leaf': 2, 'max_depth': None}",0.5980071173518946,0.3590238765194637,0.5895168303685158,0.7733091990606956,18.31005436795509
505,BA11_80:20_Log_window2_KPCA_90,XGBoost Regressor,"{'subsample': 0.9, 'reg_lambda': 0.1, 'reg_alpha': 0.5, 'n_estimators': 600, 'min_child_weight': 5, 'max_depth': 10, 'learning_rate': 0.1, 'gamma': 0.1, 'colsample_bytree': 0.7}",0.6095355198610305,0.3980523559641109,0.6010302407195709,0.780727558025865,19.82705586314702
506,BA11_80:20_Log_window2_KPCA_95,XGBoost Regressor,"{'subsample': 0.9, 'reg_lambda': 0.1, 'reg_alpha': 0.5, 'n_estimators': 600, 'min_child_weight': 5, 'max_depth': 10, 'learning_rate': 0.1, 'gamma': 0.1, 'colsample_bytree': 0.7}",0.6095355198610305,0.3980523559641109,0.6010302407195709,0.780727558025865,19.82705586314702
507,BA11_80:20_Log_window2_KPCA_90,Multilayer Perceptron,"{'module__num_units': 10, 'module__activation_func': ReLU(), 'lr': 0.01}",1.117150545120239,0.8289977312088013,0.780144214630127,1.056953426183121,42.51789450645447
508,BA11_80:20_Log_window2_KPCA_95,Multilayer Perceptron,"{'module__num_units': 20, 'module__activation_func': Tanh(), 'lr': 0.1}",0.6340600252151489,0.4364041686058044,0.6229979395866394,0.7962788614644677,21.1571678519249
509,BA11_80:20_Log_window2_KPCA_90,Long Short-Term Memory Network,"{'module__num_layers': 1, 'module__hidden_size': 25, 'max_epochs': 20, 'lr': 0.1, 'batch_size': 16}",0.4198639392852783,0.4370133578777313,0.5328354835510254,0.647969088217392,19.37708556652069
510,BA11_80:20_Log_window2_KPCA_95,Long Short-Term Memory Network,"{'module__num_layers': 1, 'module__hidden_size': 75, 'max_epochs': 10, 'lr': 0.1, 'batch_size': 32}",0.3153021335601807,0.3602274060249329,0.4634511172771454,0.5615177054734611,16.34249240159988
511,BA11_80:20_Log_window2_KPCA_90,Convolutional neural network,{},1.729541659355164,0.9997428059577942,0.888704776763916,1.315120397285041,38.69633376598358
512,BA11_80:20_Log_window2_KPCA_95,Convolutional neural network,{},0.874224066734314,0.598359227180481,0.7117204070091248,0.9349995009273074,26.50066018104553
513,BA11_70:30_Log_window2_KPCA_90,Linear Regressor,{},0.4989948567887985,0.3240180518160452,0.5590910455497772,0.7063956800468123,17.02653389462206
514,BA11_70:30_Log_window2_KPCA_95,Linear Regressor,{},0.510405363526817,0.3061478396355368,0.5663692692732857,0.71442659771793,16.33352164143147
515,BA11_70:30_Log_window2_KPCA_90,Support Vector Regressor,"{'kernel': 'rbf', 'gamma': 0.1, 'C': 1}",0.65901814184275,0.4597817613054005,0.6443094342085299,0.811799323627921,22.18583397862454
516,BA11_70:30_Log_window2_KPCA_95,Support Vector Regressor,"{'kernel': 'rbf', 'gamma': 0.0001, 'C': 100}",0.5762335743747308,0.3043446356431257,0.6006350768673151,0.759100503474165,16.26467078830073
517,BA11_70:30_Log_window2_KPCA_90,Decision Tree Regressor,"{'splitter': 'best', 'min_samples_split': 2, 'min_samples_leaf': 1, 'min_impurity_decrease': 0.1, 'max_leaf_nodes': 10, 'max_features': 'sqrt', 'max_depth': 7, 'criterion': 'friedman_mse', 'ccp_alpha': 0.0}",0.5440884572019422,0.3692349391290017,0.5433468036089538,0.7376235199625498,19.04856062020076
518,BA11_70:30_Log_window2_KPCA_95,Decision Tree Regressor,"{'splitter': 'best', 'min_samples_split': 2, 'min_samples_leaf': 1, 'min_impurity_decrease': 0.1, 'max_leaf_nodes': 10, 'max_features': 'sqrt', 'max_depth': 7, 'criterion': 'friedman_mse', 'ccp_alpha': 0.0}",0.6116727752708141,0.3656294005741575,0.6331239977022973,0.7820951190685275,18.07711154836788
519,BA11_70:30_Log_window2_KPCA_90,K-Neighbors Regressor,"{'weights': 'distance', 'n_neighbors': 3}",0.6290639574600294,0.3183032443895281,0.6336903005238251,0.7931355227576365,16.32077787339065
520,BA11_70:30_Log_window2_KPCA_95,K-Neighbors Regressor,"{'weights': 'distance', 'n_neighbors': 2}",0.634641847588658,0.3190872234254452,0.635205571547405,0.7966441160196052,16.27908520831826
521,BA11_70:30_Log_window2_KPCA_90,Stochastic Gradient Descent Regressor,"{'tol': 0.001, 'power_t': 0.25, 'penalty': 'none', 'max_iter': 1000, 'loss': 'huber', 'learning_rate': 'adaptive', 'l1_ratio': 0.7, 'fit_intercept': True, 'eta0': 0.001, 'alpha': 0.01}",14.92498321868537,3.458798460102136,1.875973305701093,3.863286582520817,168.0941857611412
522,BA11_70:30_Log_window2_KPCA_95,Stochastic Gradient Descent Regressor,"{'tol': 0.0001, 'power_t': 0.5, 'penalty': 'l1', 'max_iter': 1000, 'loss': 'squared_loss', 'learning_rate': 'adaptive', 'l1_ratio': 0.15, 'fit_intercept': True, 'eta0': 0.001, 'alpha': 0.001}",0.4908834688505802,0.3175909028417379,0.5572312294355426,0.7006307649900768,16.89848048975398
523,BA11_70:30_Log_window2_KPCA_90,Voting Regressor,"{'rf__n_estimators': 50, 'gb__n_estimators': 200}",0.4874370777475975,0.2877321338146063,0.5387593932815522,0.6981669411735258,15.55847356116951
524,BA11_70:30_Log_window2_KPCA_95,Voting Regressor,"{'rf__n_estimators': 10, 'gb__n_estimators': 100}",0.4935597793225935,0.2829334190634643,0.5588649386635517,0.7025380981289154,15.37498608636262
525,BA11_70:30_Log_window2_KPCA_90,Stacking Regressor,{'final_estimator': LinearSVR(random_state=42)},0.4793771133372543,0.2965198832575792,0.5357926260323025,0.6923706473683401,16.03066934470132
526,BA11_70:30_Log_window2_KPCA_95,Stacking Regressor,{'final_estimator': LinearSVR(random_state=42)},0.5366906785161305,0.313041837543528,0.5819023651453337,0.7325917543326095,16.76876395760205
527,BA11_70:30_Log_window2_KPCA_90,Gradient Boosting Regressor,"{'n_estimators': 100, 'min_samples_split': 2, 'min_samples_leaf': 2, 'min_impurity_decrease': 0, 'max_leaf_nodes': 20, 'max_features': 'sqrt', 'max_depth': 30, 'learning_rate': 0.5}",0.5207699604235806,0.3311051765103966,0.5455236040744047,0.7216439291115672,17.47202596216135
528,BA11_70:30_Log_window2_KPCA_95,Gradient Boosting Regressor,"{'n_estimators': 100, 'min_samples_split': 2, 'min_samples_leaf': 2, 'min_impurity_decrease': 0, 'max_leaf_nodes': 20, 'max_features': 'sqrt', 'max_depth': 30, 'learning_rate': 0.5}",0.5847704935925458,0.3523552657111568,0.6295522453746827,0.764702879288777,18.13899274631974
529,BA11_70:30_Log_window2_KPCA_90,Random Forest Regressor,"{'n_estimators': 100, 'min_samples_split': 5, 'min_samples_leaf': 2, 'max_depth': None}",0.4945472510433725,0.3109156346223705,0.5233041232050829,0.7032405356941339,16.68680960897235
530,BA11_70:30_Log_window2_KPCA_95,Random Forest Regressor,"{'n_estimators': 10, 'min_samples_split': 2, 'min_samples_leaf': 2, 'max_depth': None}",0.5217986630611807,0.3157006216220347,0.5564985212547312,0.7223563269337236,16.80385498221837
531,BA11_70:30_Log_window2_KPCA_90,AdaBoostRegressor,"{'n_estimators': 400, 'loss': 'square', 'learning_rate': 1.0}",0.4717355224222379,0.2869735397279528,0.5026212634471594,0.6868300535228768,15.38318347677923
532,BA11_70:30_Log_window2_KPCA_95,AdaBoostRegressor,"{'n_estimators': 400, 'loss': 'square', 'learning_rate': 1.0}",0.5389376716038305,0.2887913695329944,0.5795979173976888,0.7341237440675996,14.8219198702341
533,BA11_70:30_Log_window2_KPCA_90,BaggingRegressor,"{'n_estimators': 30, 'max_samples': 0.9, 'max_features': 0.7000000000000001}",0.5479060729724112,0.3421499268333471,0.5715929331874178,0.7402067771727109,17.89181660135082
534,BA11_70:30_Log_window2_KPCA_95,BaggingRegressor,"{'n_estimators': 30, 'max_samples': 0.9, 'max_features': 0.7000000000000001}",0.5515006980824956,0.3464496325382447,0.5933289484371757,0.742630929925825,17.97552068068929
535,BA11_70:30_Log_window2_KPCA_90,ExtraTreesRegressor,"{'n_estimators': 10, 'min_samples_split': 2, 'min_samples_leaf': 2, 'max_depth': None}",0.5724217719760547,0.3255186284337718,0.5922563689560386,0.7565856012217353,17.02781602574378
536,BA11_70:30_Log_window2_KPCA_95,ExtraTreesRegressor,"{'n_estimators': 10, 'min_samples_split': 2, 'min_samples_leaf': 2, 'max_depth': None}",0.5248555748564416,0.3193690963518935,0.5801398163505044,0.7244691676368579,16.94053402399397
537,BA11_70:30_Log_window2_KPCA_90,XGBoost Regressor,"{'subsample': 0.9, 'reg_lambda': 0.5, 'reg_alpha': 0.5, 'n_estimators': 1000, 'min_child_weight': 1, 'max_depth': 8, 'learning_rate': 0.01, 'gamma': 0.3, 'colsample_bytree': 0.7}",0.5574278639508986,0.3712980419430403,0.5870638477573765,0.7466109187193143,18.94271014353479
538,BA11_70:30_Log_window2_KPCA_95,XGBoost Regressor,"{'subsample': 0.9, 'reg_lambda': 0.5, 'reg_alpha': 0.5, 'n_estimators': 1000, 'min_child_weight': 1, 'max_depth': 8, 'learning_rate': 0.01, 'gamma': 0.3, 'colsample_bytree': 0.7}",0.5449610828260236,0.3717322086586705,0.5884222293653868,0.7382147945049757,18.99667420468428
539,BA11_70:30_Log_window2_KPCA_90,Multilayer Perceptron,"{'module__num_units': 20, 'module__activation_func': Tanh(), 'lr': 0.1}",0.7672207355499268,0.4344656765460968,0.7027345299720764,0.8759113742553677,20.64858675003052
540,BA11_70:30_Log_window2_KPCA_95,Multilayer Perceptron,"{'module__num_units': 20, 'module__activation_func': ReLU(), 'lr': 0.02}",0.6529643535614014,0.3862850368022919,0.6468465328216553,0.8080620975899077,19.11248564720154
541,BA11_70:30_Log_window2_KPCA_90,Long Short-Term Memory Network,"{'module__num_layers': 1, 'module__hidden_size': 75, 'max_epochs': 10, 'lr': 0.1, 'batch_size': 32}",6.110786437988281,2.074970722198486,0.8912656903266907,2.472000493120558,111.8969559669495
542,BA11_70:30_Log_window2_KPCA_95,Long Short-Term Memory Network,"{'module__num_layers': 1, 'module__hidden_size': 75, 'max_epochs': 30, 'lr': 0.1, 'batch_size': 16}",0.3275304138660431,0.3123791515827179,0.508469820022583,0.5723027292142185,14.48194980621338
543,BA11_70:30_Log_window2_KPCA_90,Convolutional neural network,{},4029.72998046875,49.07501983642578,25.9557056427002,63.4801542253069,184.4033241271973
544,BA11_70:30_Log_window2_KPCA_95,Convolutional neural network,{},0.871346116065979,0.4907605051994324,0.7263699769973755,0.933459220355115,22.28033542633057
545,BA11_60:40_Log_window2_KPCA_90,Linear Regressor,{},0.4311107554624221,0.3228374115895111,0.2780952933198894,0.656590249289785,16.68838113885283
546,BA11_60:40_Log_window2_KPCA_95,Linear Regressor,{},0.4523736129680387,0.3407161193180728,0.2898386750359591,0.6725872530520027,17.43279782743416
547,BA11_60:40_Log_window2_KPCA_90,Support Vector Regressor,"{'kernel': 'rbf', 'gamma': 0.001, 'C': 1}",0.6384364408462848,0.3572842802755635,0.3441083994931386,0.7990221779439447,17.68138743677362
548,BA11_60:40_Log_window2_KPCA_95,Support Vector Regressor,"{'kernel': 'rbf', 'gamma': 0.0001, 'C': 1}",0.6229102197191267,0.4477299394949328,0.3643377232384257,0.7892466152725185,21.30139584023261
549,BA11_60:40_Log_window2_KPCA_90,Decision Tree Regressor,"{'splitter': 'best', 'min_samples_split': 5, 'min_samples_leaf': 2, 'min_impurity_decrease': 1.0, 'max_leaf_nodes': 50, 'max_features': 'auto', 'max_depth': 32, 'criterion': 'mae', 'ccp_alpha': 1.0}",0.672366185836622,0.4596657211954301,0.3795317704553525,0.8199793813484715,21.56715269209275
550,BA11_60:40_Log_window2_KPCA_95,Decision Tree Regressor,"{'splitter': 'best', 'min_samples_split': 2, 'min_samples_leaf': 1, 'min_impurity_decrease': 0.1, 'max_leaf_nodes': 10, 'max_features': 'sqrt', 'max_depth': 7, 'criterion': 'friedman_mse', 'ccp_alpha': 0.0}",0.5168298178044743,0.3040068211799011,0.27068719169026,0.7189087687630986,15.07905309422617
551,BA11_60:40_Log_window2_KPCA_90,K-Neighbors Regressor,"{'weights': 'uniform', 'n_neighbors': 5}",0.4877336986640099,0.2993772202175973,0.2904645389341393,0.6983793372258446,15.74945452367706
552,BA11_60:40_Log_window2_KPCA_95,K-Neighbors Regressor,"{'weights': 'uniform', 'n_neighbors': 5}",0.4900791865692159,0.2894545047876371,0.2859436007596131,0.7000565595501665,15.29488455562021
553,BA11_60:40_Log_window2_KPCA_90,Stochastic Gradient Descent Regressor,"{'tol': 1e-05, 'power_t': 0.5, 'penalty': 'l2', 'max_iter': 1000, 'loss': 'squared_loss', 'learning_rate': 'constant', 'l1_ratio': 0, 'fit_intercept': True, 'eta0': 0.001, 'alpha': 0.01}",0.4279686905369617,0.3296554870268785,0.2793522747435711,0.6541931599588624,17.06941590666621
554,BA11_60:40_Log_window2_KPCA_95,Stochastic Gradient Descent Regressor,"{'tol': 0.001, 'power_t': 0.25, 'penalty': 'none', 'max_iter': 1000, 'loss': 'huber', 'learning_rate': 'adaptive', 'l1_ratio': 0.7, 'fit_intercept': True, 'eta0': 0.001, 'alpha': 0.01}",7.970073025314451,2.493961793300526,1.12517321792414,2.823131776115747,143.1482387871324
555,BA11_60:40_Log_window2_KPCA_90,Voting Regressor,"{'rf__n_estimators': 50, 'gb__n_estimators': 10}",0.4297497739767338,0.2622301348060922,0.2568222736977658,0.6555530291110963,14.01298085559051
556,BA11_60:40_Log_window2_KPCA_95,Voting Regressor,"{'rf__n_estimators': 100, 'gb__n_estimators': 200}",0.4309633851583357,0.2615491230577069,0.255156934410369,0.6564780157464039,14.01603117774219
557,BA11_60:40_Log_window2_KPCA_90,Stacking Regressor,{'final_estimator': LinearSVR(random_state=42)},0.4620405358467248,0.3099744792126155,0.2814825272112323,0.6797356367344034,15.99490344953501
558,BA11_60:40_Log_window2_KPCA_95,Stacking Regressor,{'final_estimator': RandomForestRegressor(random_state=42)},0.6041152898568851,0.3745876136675506,0.3325234153024137,0.7772485380217097,18.48605938464332
559,BA11_60:40_Log_window2_KPCA_90,Gradient Boosting Regressor,"{'n_estimators': 10, 'min_samples_split': 2, 'min_samples_leaf': 5, 'min_impurity_decrease': 2, 'max_leaf_nodes': None, 'max_features': 'sqrt', 'max_depth': 15, 'learning_rate': 0.1}",0.5455977286861731,0.3863761847332042,0.3280872626279574,0.7386458750214294,18.9467458878866
560,BA11_60:40_Log_window2_KPCA_95,Gradient Boosting Regressor,"{'n_estimators': 100, 'min_samples_split': 2, 'min_samples_leaf': 2, 'min_impurity_decrease': 0, 'max_leaf_nodes': 20, 'max_features': 'sqrt', 'max_depth': 30, 'learning_rate': 0.5}",0.5086559264352695,0.3162785065259188,0.2903495371934222,0.7132011823008074,16.08364106469096
561,BA11_60:40_Log_window2_KPCA_90,Random Forest Regressor,"{'n_estimators': 10, 'min_samples_split': 2, 'min_samples_leaf': 4, 'max_depth': 30}",0.4399375391076169,0.2989988688334018,0.270289351747013,0.6632778747309583,15.57127409368444
562,BA11_60:40_Log_window2_KPCA_95,Random Forest Regressor,"{'n_estimators': 200, 'min_samples_split': 5, 'min_samples_leaf': 2, 'max_depth': None}",0.4504279628732788,0.265455051307216,0.2534865826428019,0.6711393021372529,13.80527810663471
563,BA11_60:40_Log_window2_KPCA_90,AdaBoostRegressor,"{'n_estimators': 400, 'loss': 'square', 'learning_rate': 1.0}",0.4412188012180575,0.2584103077004701,0.2461875937807302,0.664243028731245,13.5923609677684
564,BA11_60:40_Log_window2_KPCA_95,AdaBoostRegressor,"{'n_estimators': 200, 'loss': 'square', 'learning_rate': 0.01}",0.517183513684541,0.2886305574318462,0.2769230365904372,0.7191547216590746,14.50935146717566
565,BA11_60:40_Log_window2_KPCA_90,BaggingRegressor,"{'n_estimators': 80, 'max_samples': 0.7000000000000001, 'max_features': 0.1}",0.5588218624296429,0.4306597976755803,0.3450607915518428,0.7475438866244863,20.94436985983607
566,BA11_60:40_Log_window2_KPCA_95,BaggingRegressor,"{'n_estimators': 30, 'max_samples': 0.9, 'max_features': 0.7000000000000001}",0.4807934344792604,0.2856411893207361,0.2797047845410238,0.6933926986053865,14.92133771693254
567,BA11_60:40_Log_window2_KPCA_90,ExtraTreesRegressor,"{'n_estimators': 10, 'min_samples_split': 2, 'min_samples_leaf': 4, 'max_depth': 30}",0.4550627669799798,0.2960038356515156,0.2783683335328065,0.6745834025381738,15.51679104111131
568,BA11_60:40_Log_window2_KPCA_95,ExtraTreesRegressor,"{'n_estimators': 10, 'min_samples_split': 2, 'min_samples_leaf': 2, 'max_depth': None}",0.4402715367644731,0.2645655642806476,0.2588936878270072,0.6635296050399507,14.02474314154692
569,BA11_60:40_Log_window2_KPCA_90,XGBoost Regressor,"{'subsample': 0.9, 'reg_lambda': 1.0, 'reg_alpha': 0, 'n_estimators': 100, 'min_child_weight': 5, 'max_depth': 3, 'learning_rate': 0.1, 'gamma': 0.2, 'colsample_bytree': 1.0}",0.4786908779573188,0.2795385896733029,0.2668195377649311,0.6918749005111536,14.27741534493625
570,BA11_60:40_Log_window2_KPCA_95,XGBoost Regressor,"{'subsample': 0.9, 'reg_lambda': 1.0, 'reg_alpha': 0, 'n_estimators': 100, 'min_child_weight': 5, 'max_depth': 3, 'learning_rate': 0.1, 'gamma': 0.2, 'colsample_bytree': 1.0}",0.4762061613332538,0.2754554591345393,0.2646774928451864,0.6900769242144341,14.11667554390949
571,BA11_60:40_Log_window2_KPCA_90,Multilayer Perceptron,"{'module__num_units': 20, 'module__activation_func': ReLU(), 'lr': 0.1}",0.5686846375465393,0.3567232191562653,0.3273674249649048,0.7541118203201295,17.79945939779282
572,BA11_60:40_Log_window2_KPCA_95,Multilayer Perceptron,"{'module__num_units': 10, 'module__activation_func': Tanh(), 'lr': 0.02}",0.5959664583206177,0.5831277370452881,0.36512491106987,0.77198863872509,28.98247241973877
573,BA11_60:40_Log_window2_KPCA_90,Long Short-Term Memory Network,"{'module__num_layers': 1, 'module__hidden_size': 75, 'max_epochs': 30, 'lr': 0.1, 'batch_size': 16}",0.223244771361351,0.2258202284574509,0.1606805622577667,0.4724878531363013,10.45406013727188
574,BA11_60:40_Log_window2_KPCA_95,Long Short-Term Memory Network,"{'module__num_layers': 1, 'module__hidden_size': 25, 'max_epochs': 20, 'lr': 0.1, 'batch_size': 16}",0.1614773273468018,0.2932014763355255,0.1554796248674393,0.4018424160623189,12.91310787200928
575,BA11_60:40_Log_window2_KPCA_90,Convolutional neural network,{},1.409579992294312,0.6591973304748535,0.5340158939361572,1.18725734038342,26.04203522205353
576,BA11_60:40_Log_window2_KPCA_95,Convolutional neural network,{},67.74260711669922,6.888402938842773,3.166079998016357,8.230589718647092,156.4255833625793
577,BA11_80:20_MinMax_window2_Isomap_90,Linear Regressor,{},0.1357200749464784,0.2762345214070315,0.4198577276960171,0.3684020561105468,40.06765138804796
578,BA11_80:20_MinMax_window2_Isomap_90,Support Vector Regressor,"{'kernel': 'rbf', 'gamma': 0.0001, 'C': 100}",0.01671935275625308,0.1034175528204979,0.143015830502018,0.1293033362147051,14.54925211121829
579,BA11_80:20_MinMax_window2_Isomap_90,Decision Tree Regressor,"{'splitter': 'best', 'min_samples_split': 5, 'min_samples_leaf': 4, 'min_impurity_decrease': 0.1, 'max_leaf_nodes': 90, 'max_features': None, 'max_depth': 26, 'criterion': 'mae', 'ccp_alpha': 0.0}",0.03482935701157479,0.1492761775508428,0.2009338563891563,0.1866262495244835,21.40085768363254
580,BA11_80:20_MinMax_window2_Isomap_90,K-Neighbors Regressor,"{'weights': 'distance', 'n_neighbors': 8}",0.01095847700064517,0.07965794013228582,0.1030798099228124,0.1046827445219372,10.8191781124768
581,BA11_80:20_MinMax_window2_Isomap_90,Stochastic Gradient Descent Regressor,"{'tol': 1e-05, 'power_t': 0.5, 'penalty': 'l2', 'max_iter': 1000, 'loss': 'squared_loss', 'learning_rate': 'constant', 'l1_ratio': 0, 'fit_intercept': True, 'eta0': 0.001, 'alpha': 0.01}",0.02038857403987366,0.1112476956031913,0.1472504280743567,0.1427885641074721,15.73993630831041
582,BA11_80:20_MinMax_window2_Isomap_90,Voting Regressor,"{'rf__n_estimators': 200, 'gb__n_estimators': 200}",0.04245271744265806,0.1735571114464515,0.2499485496879179,0.2060405723217106,26.21012384639788
583,BA11_80:20_MinMax_window2_Isomap_90,Stacking Regressor,{'final_estimator': LinearSVR(random_state=42)},0.01203266941476821,0.0809597985350516,0.111521354380044,0.1096935249445846,11.55579356372299
584,BA11_80:20_MinMax_window2_Isomap_90,Gradient Boosting Regressor,"{'n_estimators': 50, 'min_samples_split': 2, 'min_samples_leaf': 2, 'min_impurity_decrease': 0, 'max_leaf_nodes': 15, 'max_features': 'log2', 'max_depth': 20, 'learning_rate': 0.05}",0.03420387782724862,0.1431814506666847,0.1862699610014123,0.1849429042360063,21.11439084353335
585,BA11_80:20_MinMax_window2_Isomap_90,Random Forest Regressor,"{'n_estimators': 50, 'min_samples_split': 2, 'min_samples_leaf': 4, 'max_depth': 20}",0.04339385383221278,0.1329234674492823,0.1786775929531769,0.208311914762965,22.08488508979352
586,BA11_80:20_MinMax_window2_Isomap_90,AdaBoostRegressor,"{'n_estimators': 400, 'loss': 'square', 'learning_rate': 1.0}",0.03484282407055021,0.1237928822016642,0.1630728030792787,0.1866623263289896,18.51333092987754
587,BA11_80:20_MinMax_window2_Isomap_90,BaggingRegressor,"{'n_estimators': 30, 'max_samples': 0.9, 'max_features': 0.7000000000000001}",0.03699533893230224,0.1357631733785367,0.1816542743617611,0.1923417243665613,20.92566819743742
588,BA11_80:20_MinMax_window2_Isomap_90,ExtraTreesRegressor,"{'n_estimators': 50, 'min_samples_split': 2, 'min_samples_leaf': 4, 'max_depth': 20}",0.02401671111168943,0.1150267880503209,0.1499021742696943,0.1549732593439573,16.53006821745408
589,BA11_80:20_MinMax_window2_Isomap_90,XGBoost Regressor,"{'subsample': 0.9, 'reg_lambda': 1.0, 'reg_alpha': 0, 'n_estimators': 100, 'min_child_weight': 5, 'max_depth': 3, 'learning_rate': 0.1, 'gamma': 0.2, 'colsample_bytree': 1.0}",0.03637772233756317,0.1414468720063614,0.1854988636491001,0.1907294480083324,20.95490596653418
590,BA11_80:20_MinMax_window2_Isomap_90,Multilayer Perceptron,"{'module__num_units': 20, 'module__activation_func': ReLU(), 'lr': 0.1}",0.02767009660601616,0.1401732265949249,0.2089361399412155,0.1663433094717553,20.01735419034958
591,BA11_80:20_MinMax_window2_Isomap_90,Long Short-Term Memory Network,"{'module__num_layers': 1, 'module__hidden_size': 75, 'max_epochs': 30, 'lr': 0.1, 'batch_size': 16}",0.01970830373466015,0.1249490976333618,0.1760486513376236,0.1403862661896104,16.73164665699005
592,BA11_80:20_MinMax_window2_Isomap_90,Convolutional neural network,{},0.02783705852925777,0.1390746831893921,0.2141223400831223,0.1668444141386153,19.86039280891418
593,BA11_70:30_MinMax_window2_Isomap_90,Linear Regressor,{},0.2707010536202166,0.4282595712591148,0.6630355071055346,0.5202893941069879,78.97475010663268
594,BA11_70:30_MinMax_window2_Isomap_90,Support Vector Regressor,"{'kernel': 'rbf', 'gamma': 0.0001, 'C': 1}",0.04222236170776843,0.1656196836728877,0.3328031903989869,0.2054808061785052,26.51739627082637
595,BA11_70:30_MinMax_window2_Isomap_90,Decision Tree Regressor,"{'splitter': 'best', 'min_samples_split': 5, 'min_samples_leaf': 4, 'min_impurity_decrease': 0.1, 'max_leaf_nodes': 90, 'max_features': None, 'max_depth': 26, 'criterion': 'mae', 'ccp_alpha': 0.0}",0.04391648603357255,0.1679726000896552,0.3390046768527005,0.2095626064773307,26.8385981240602
596,BA11_70:30_MinMax_window2_Isomap_90,K-Neighbors Regressor,"{'weights': 'uniform', 'n_neighbors': 5}",0.05318649196168811,0.1880635292554594,0.330510053618722,0.2306219676476812,31.55868502950156
597,BA11_70:30_MinMax_window2_Isomap_90,Stochastic Gradient Descent Regressor,"{'tol': 0.0001, 'power_t': 0.25, 'penalty': 'elasticnet', 'max_iter': 3000, 'loss': 'squared_loss', 'learning_rate': 'optimal', 'l1_ratio': 0, 'fit_intercept': True, 'eta0': 0.001, 'alpha': 1}",0.07706938012820704,0.2376623906410265,0.4190958201555056,0.2776137246755049,41.16945627450897
598,BA11_70:30_MinMax_window2_Isomap_90,Voting Regressor,"{'rf__n_estimators': 10, 'gb__n_estimators': 10}",0.08455987457048406,0.2377493852347353,0.4076139571417075,0.2907918062299625,39.92679110241822
599,BA11_70:30_MinMax_window2_Isomap_90,Stacking Regressor,{'final_estimator': LinearSVR(random_state=42)},0.08020423878727953,0.2120204703746846,0.3930595633666671,0.2832035289103572,35.27676263253187
600,BA11_70:30_MinMax_window2_Isomap_90,Gradient Boosting Regressor,"{'n_estimators': 50, 'min_samples_split': 2, 'min_samples_leaf': 2, 'min_impurity_decrease': 0, 'max_leaf_nodes': 15, 'max_features': 'log2', 'max_depth': 20, 'learning_rate': 0.05}",0.05976724545655956,0.1934404596921231,0.3424747138272725,0.2444734043951603,31.50264450580593
601,BA11_70:30_MinMax_window2_Isomap_90,Random Forest Regressor,"{'n_estimators': 50, 'min_samples_split': 2, 'min_samples_leaf': 4, 'max_depth': 20}",0.04628749569219074,0.1716505105180013,0.3248261130808422,0.2151452897281061,27.74166900546006
602,BA11_70:30_MinMax_window2_Isomap_90,AdaBoostRegressor,"{'n_estimators': 50, 'loss': 'linear', 'learning_rate': 0.01}",0.04893923138444232,0.1780227500356276,0.3544428779985483,0.2212221313170143,28.59314527011377
603,BA11_70:30_MinMax_window2_Isomap_90,BaggingRegressor,"{'n_estimators': 150, 'max_samples': 0.1, 'max_features': 1.0}",0.04998188430874917,0.1789824547333443,0.3433806171119433,0.2235662861630733,28.67498600145729
604,BA11_70:30_MinMax_window2_Isomap_90,ExtraTreesRegressor,"{'n_estimators': 10, 'min_samples_split': 2, 'min_samples_leaf': 2, 'max_depth': None}",0.05673821773569886,0.1872046463466384,0.3671246619156184,0.2381978541794591,30.82391390321656
605,BA11_70:30_MinMax_window2_Isomap_90,XGBoost Regressor,"{'subsample': 1.0, 'reg_lambda': 0, 'reg_alpha': 1.0, 'n_estimators': 700, 'min_child_weight': 1, 'max_depth': 9, 'learning_rate': 0.01, 'gamma': 0.3, 'colsample_bytree': 0.8}",0.04857253880210374,0.1759669053103863,0.3354370410745176,0.2203917847881444,28.18623365217133
606,BA11_70:30_MinMax_window2_Isomap_90,Multilayer Perceptron,"{'module__num_units': 20, 'module__activation_func': Tanh(), 'lr': 0.1}",0.04739318788051605,0.178186446428299,0.3664966821670532,0.2176997654581099,28.23442816734314
607,BA11_70:30_MinMax_window2_Isomap_90,Long Short-Term Memory Network,"{'module__num_layers': 1, 'module__hidden_size': 75, 'max_epochs': 30, 'lr': 0.1, 'batch_size': 16}",0.02421441860496998,0.1307744681835175,0.1866393238306046,0.1556098281117551,18.08118224143982
608,BA11_70:30_MinMax_window2_Isomap_90,Convolutional neural network,{},0.04230044409632683,0.1643566489219666,0.3368240594863892,0.2056707176443132,25.37647485733032
609,BA11_60:40_MinMax_window2_Isomap_90,Linear Regressor,{},5.261798357621153,1.545981378406001,2.454039263522625,2.293861015323543,111.0350009936198
610,BA11_60:40_MinMax_window2_Isomap_90,Support Vector Regressor,"{'kernel': 'rbf', 'gamma': 0.01, 'C': 1000}",0.1133886820512435,0.2708239193586375,0.5238386060213486,0.3367323596734408,47.81065928508386
611,BA11_60:40_MinMax_window2_Isomap_90,Decision Tree Regressor,"{'splitter': 'best', 'min_samples_split': 5, 'min_samples_leaf': 4, 'min_impurity_decrease': 0.1, 'max_leaf_nodes': 90, 'max_features': None, 'max_depth': 26, 'criterion': 'mae', 'ccp_alpha': 0.0}",0.05396811629456583,0.1842442790310237,0.5103780368010534,0.2323103878318097,30.89228775050308
612,BA11_60:40_MinMax_window2_Isomap_90,K-Neighbors Regressor,"{'weights': 'uniform', 'n_neighbors': 1}",0.04671013927256275,0.1465582625080237,0.4877055452028135,0.2161252860554793,23.73979176269873
613,BA11_60:40_MinMax_window2_Isomap_90,Stochastic Gradient Descent Regressor,"{'tol': 0.0001, 'power_t': 0.25, 'penalty': 'elasticnet', 'max_iter': 3000, 'loss': 'squared_loss', 'learning_rate': 'optimal', 'l1_ratio': 0, 'fit_intercept': True, 'eta0': 0.001, 'alpha': 1}",0.05416642155735302,0.1825288370776698,0.4705924783213175,0.2327368074829442,30.95162101447211
614,BA11_60:40_MinMax_window2_Isomap_90,Voting Regressor,"{'rf__n_estimators': 10, 'gb__n_estimators': 100}",0.6453265942754173,0.5934116075065233,1.067248642888109,0.8033222231927966,79.78219375509667
615,BA11_60:40_MinMax_window2_Isomap_90,Stacking Regressor,{'final_estimator': LinearSVR(random_state=42)},0.05638022945451865,0.1915145726028762,0.5450511029378764,0.2374452135851945,31.58978138297257
616,BA11_60:40_MinMax_window2_Isomap_90,Gradient Boosting Regressor,"{'n_estimators': 50, 'min_samples_split': 2, 'min_samples_leaf': 2, 'min_impurity_decrease': 0, 'max_leaf_nodes': 15, 'max_features': 'log2', 'max_depth': 20, 'learning_rate': 0.05}",0.05203225424249499,0.1776171154806623,0.4722878259485336,0.2281057961615509,30.6884674277964
617,BA11_60:40_MinMax_window2_Isomap_90,Random Forest Regressor,"{'n_estimators': 10, 'min_samples_split': 2, 'min_samples_leaf': 4, 'max_depth': 30}",0.04098028607774572,0.1518981620949777,0.4200002930392226,0.2024358813988907,26.16831981089648
618,BA11_60:40_MinMax_window2_Isomap_90,AdaBoostRegressor,"{'n_estimators': 400, 'loss': 'square', 'learning_rate': 1.0}",0.03509140531838064,0.1283465268051563,0.4648285531545203,0.1873270010393073,22.03191516923334
619,BA11_60:40_MinMax_window2_Isomap_90,BaggingRegressor,"{'n_estimators': 100, 'max_samples': 1.0, 'max_features': 0.6}",0.04248333247411983,0.1553295389942406,0.4380387964650321,0.2061148526286251,26.5354280731084
620,BA11_60:40_MinMax_window2_Isomap_90,ExtraTreesRegressor,"{'n_estimators': 10, 'min_samples_split': 10, 'min_samples_leaf': 2, 'max_depth': 10}",0.04503148181764344,0.1626593016611514,0.404551223961622,0.2122062247382094,28.71759117313533
621,BA11_60:40_MinMax_window2_Isomap_90,XGBoost Regressor,"{'subsample': 0.9, 'reg_lambda': 1.0, 'reg_alpha': 0, 'n_estimators': 100, 'min_child_weight': 5, 'max_depth': 3, 'learning_rate': 0.1, 'gamma': 0.2, 'colsample_bytree': 1.0}",0.03929444588778564,0.1523308860440497,0.4647336214802634,0.1982282671260223,26.0928436266239
622,BA11_60:40_MinMax_window2_Isomap_90,Multilayer Perceptron,"{'module__num_units': 20, 'module__activation_func': Tanh(), 'lr': 0.1}",0.05622359365224838,0.1864823848009109,0.571018397808075,0.2371151485085851,30.76172173023224
623,BA11_60:40_MinMax_window2_Isomap_90,Long Short-Term Memory Network,"{'module__num_layers': 1, 'module__hidden_size': 75, 'max_epochs': 30, 'lr': 0.1, 'batch_size': 16}",0.03049172833561897,0.1438256800174713,0.2384230643510818,0.174618808653647,21.18883579969406
624,BA11_60:40_MinMax_window2_Isomap_90,Convolutional neural network,{},0.05435044318437576,0.1600736081600189,0.5561851263046265,0.2331318150411388,26.55532658100128
625,BA11_80:20_Log_window2_Isomap_90,Linear Regressor,{},1.411499133476325,0.9969020456077008,0.3717921286784316,1.188065290073035,39.87150844420502
626,BA11_80:20_Log_window2_Isomap_90,Support Vector Regressor,"{'kernel': 'rbf', 'gamma': 0.1, 'C': 1}",0.03858821196506058,0.1503143527994431,0.05274002064261478,0.1964388249940948,5.420354311138619
627,BA11_80:20_Log_window2_Isomap_90,Decision Tree Regressor,"{'splitter': 'best', 'min_samples_split': 5, 'min_samples_leaf': 2, 'min_impurity_decrease': 1.0, 'max_leaf_nodes': 50, 'max_features': 'auto', 'max_depth': 32, 'criterion': 'mae', 'ccp_alpha': 1.0}",0.0672608414458546,0.2155105058152709,0.0765684654293943,0.2593469518730741,7.834417109646166
628,BA11_80:20_Log_window2_Isomap_90,K-Neighbors Regressor,"{'weights': 'uniform', 'n_neighbors': 9}",0.08997818103603812,0.2354515502005913,0.08507491463842322,0.2999636328557816,9.088162510386042
629,BA11_80:20_Log_window2_Isomap_90,Stochastic Gradient Descent Regressor,"{'tol': 0.0001, 'power_t': 0.25, 'penalty': 'elasticnet', 'max_iter': 3000, 'loss': 'squared_loss', 'learning_rate': 'optimal', 'l1_ratio': 0, 'fit_intercept': True, 'eta0': 0.001, 'alpha': 1}",0.1751885660158428,0.3463950500272504,0.1190325399000632,0.4185553320838749,12.99439137621602
630,BA11_80:20_Log_window2_Isomap_90,Voting Regressor,"{'rf__n_estimators': 50, 'gb__n_estimators': 10}",0.441680583531078,0.5532081803402884,0.2042043096426209,0.6645905382497391,23.50486664720259
631,BA11_80:20_Log_window2_Isomap_90,Stacking Regressor,{'final_estimator': LinearSVR(random_state=42)},0.06196416313458827,0.1939492512535947,0.07026415422668218,0.2489260194005204,7.0248931815971
632,BA11_80:20_Log_window2_Isomap_90,Gradient Boosting Regressor,"{'n_estimators': 100, 'min_samples_split': 2, 'min_samples_leaf': 2, 'min_impurity_decrease': 0, 'max_leaf_nodes': 20, 'max_features': 'sqrt', 'max_depth': 30, 'learning_rate': 0.5}",0.5188602587888257,0.5621528105094237,0.1997524864077492,0.7203195532462142,23.844742990343
633,BA11_80:20_Log_window2_Isomap_90,Random Forest Regressor,"{'n_estimators': 50, 'min_samples_split': 2, 'min_samples_leaf': 4, 'max_depth': 20}",0.439396199505767,0.5766557116788784,0.2090349822234515,0.6628696700753226,24.36694867719684
634,BA11_80:20_Log_window2_Isomap_90,AdaBoostRegressor,"{'n_estimators': 100, 'loss': 'square', 'learning_rate': 0.01}",0.06721289463153875,0.2100964702530001,0.07480457215258458,0.2592544978038737,7.858021591050226
635,BA11_80:20_Log_window2_Isomap_90,BaggingRegressor,"{'n_estimators': 150, 'max_samples': 0.1, 'max_features': 1.0}",0.2734610039072681,0.4661783678913126,0.162541012858944,0.5229349901347854,18.02892442028551
636,BA11_80:20_Log_window2_Isomap_90,ExtraTreesRegressor,"{'n_estimators': 10, 'min_samples_split': 10, 'min_samples_leaf': 2, 'max_depth': 10}",0.239669925335936,0.3916945577575054,0.1424973795419317,0.4895609516045331,16.08603019697908
637,BA11_80:20_Log_window2_Isomap_90,XGBoost Regressor,"{'subsample': 1.0, 'reg_lambda': 0, 'reg_alpha': 1.0, 'n_estimators': 700, 'min_child_weight': 1, 'max_depth': 9, 'learning_rate': 0.01, 'gamma': 0.3, 'colsample_bytree': 0.8}",0.5322012600901121,0.495291168116549,0.1812055603391162,0.7295212540359,23.67131647433326
638,BA11_80:20_Log_window2_Isomap_90,Multilayer Perceptron,"{'module__num_units': 20, 'module__activation_func': ReLU(), 'lr': 0.1}",0.0549335666000843,0.191901296377182,0.06972930580377579,0.2343791087108326,6.967493891716003
639,BA11_80:20_Log_window2_Isomap_90,Long Short-Term Memory Network,"{'module__num_layers': 1, 'module__hidden_size': 25, 'max_epochs': 20, 'lr': 0.1, 'batch_size': 16}",0.05737745761871338,0.2072916775941849,0.07245238870382309,0.2395359213535903,7.345712929964066
640,BA11_80:20_Log_window2_Isomap_90,Convolutional neural network,{},0.05893507599830627,0.1782571375370026,0.06818737089633942,0.2427654753013827,6.480737775564194
641,BA11_70:30_Log_window2_Isomap_90,Linear Regressor,{},3.292202107244362,1.317806767841799,0.4941589558865436,1.814442643690994,42.55044220587806
642,BA11_70:30_Log_window2_Isomap_90,Support Vector Regressor,"{'kernel': 'rbf', 'gamma': 0.0001, 'C': 100}",0.1304783798699847,0.2420470801750289,0.1121723932902718,0.361217911889741,9.709427778451534
643,BA11_70:30_Log_window2_Isomap_90,Decision Tree Regressor,"{'splitter': 'best', 'min_samples_split': 5, 'min_samples_leaf': 2, 'min_impurity_decrease': 1.0, 'max_leaf_nodes': 50, 'max_features': 'auto', 'max_depth': 32, 'criterion': 'mae', 'ccp_alpha': 1.0}",0.1529578787043435,0.2777347546232478,0.1255895264380591,0.3910982980074746,11.02166239305382
644,BA11_70:30_Log_window2_Isomap_90,K-Neighbors Regressor,"{'weights': 'uniform', 'n_neighbors': 9}",0.1695399074800248,0.275232803484476,0.1109644610191269,0.4117522404068068,11.22175271152987
645,BA11_70:30_Log_window2_Isomap_90,Stochastic Gradient Descent Regressor,"{'tol': 0.0001, 'power_t': 0.25, 'penalty': 'elasticnet', 'max_iter': 3000, 'loss': 'squared_loss', 'learning_rate': 'optimal', 'l1_ratio': 0, 'fit_intercept': True, 'eta0': 0.001, 'alpha': 1}",0.2309588002972173,0.3931306295245982,0.1572899000354111,0.4805817311313626,15.64433005854967
646,BA11_70:30_Log_window2_Isomap_90,Voting Regressor,"{'rf__n_estimators': 10, 'gb__n_estimators': 10}",0.420996652305161,0.534337525034205,0.2053382286320416,0.6488425481618487,19.61800386689782
647,BA11_70:30_Log_window2_Isomap_90,Stacking Regressor,{'final_estimator': LinearSVR(random_state=42)},0.09070611865218253,0.2046413727828948,0.09547608999130985,0.3011745650817521,8.358634635272269
648,BA11_70:30_Log_window2_Isomap_90,Gradient Boosting Regressor,"{'n_estimators': 10, 'min_samples_split': 10, 'min_samples_leaf': 10, 'min_impurity_decrease': 2, 'max_leaf_nodes': 10, 'max_features': 'sqrt', 'max_depth': None, 'learning_rate': 0.05}",0.2322207260414492,0.3902974677054113,0.1550086190030864,0.4818928574293763,15.51205758208062
649,BA11_70:30_Log_window2_Isomap_90,Random Forest Regressor,"{'n_estimators': 10, 'min_samples_split': 2, 'min_samples_leaf': 2, 'max_depth': None}",0.1942305250845044,0.3504794369347881,0.1326021643004159,0.4407159233389513,14.45794990974336
650,BA11_70:30_Log_window2_Isomap_90,AdaBoostRegressor,"{'n_estimators': 400, 'loss': 'square', 'learning_rate': 1.0}",0.0864460194815733,0.2271359362798529,0.09779829674429666,0.2940170394408686,9.110743077592476
651,BA11_70:30_Log_window2_Isomap_90,BaggingRegressor,"{'n_estimators': 150, 'max_samples': 0.1, 'max_features': 1.0}",0.246076322637456,0.4261571404796762,0.1654760236415842,0.4960608053832272,17.05690053050337
652,BA11_70:30_Log_window2_Isomap_90,ExtraTreesRegressor,"{'n_estimators': 100, 'min_samples_split': 10, 'min_samples_leaf': 1, 'max_depth': 20}",0.1364206699923988,0.3039108222409158,0.1204218950023132,0.3693516887634315,12.39014732286348
653,BA11_70:30_Log_window2_Isomap_90,XGBoost Regressor,"{'subsample': 1.0, 'reg_lambda': 0, 'reg_alpha': 1.0, 'n_estimators': 700, 'min_child_weight': 1, 'max_depth': 9, 'learning_rate': 0.01, 'gamma': 0.3, 'colsample_bytree': 0.8}",0.19740052038159,0.3095634707177017,0.1275721064097398,0.4442977834533839,12.71144712028139
654,BA11_70:30_Log_window2_Isomap_90,Multilayer Perceptron,"{'module__num_units': 10, 'module__activation_func': ReLU(), 'lr': 0.1}",0.1543756127357483,0.2646827399730682,0.1241735070943832,0.3929066208856098,10.52642837166786
655,BA11_70:30_Log_window2_Isomap_90,Long Short-Term Memory Network,"{'module__num_layers': 1, 'module__hidden_size': 25, 'max_epochs': 20, 'lr': 0.1, 'batch_size': 16}",0.06260927021503448,0.2062396109104156,0.07710407674312592,0.2502184449936385,7.469600439071655
656,BA11_70:30_Log_window2_Isomap_90,Convolutional neural network,{},0.3727709650993347,0.4839229583740234,0.2178178876638412,0.610549723691146,17.59818196296692
657,BA11_60:40_Log_window2_Isomap_90,Linear Regressor,{},1.482975404958893,0.9919540534564515,0.434441255701347,1.217774775957727,46.202488186386
658,BA11_60:40_Log_window2_Isomap_90,Support Vector Regressor,"{'kernel': 'rbf', 'gamma': 0.1, 'C': 1}",0.1866553979363277,0.2462039741001616,0.1624602190778928,0.4320363386757272,11.10550564488411
659,BA11_60:40_Log_window2_Isomap_90,Decision Tree Regressor,"{'splitter': 'best', 'min_samples_split': 5, 'min_samples_leaf': 2, 'min_impurity_decrease': 1.0, 'max_leaf_nodes': 50, 'max_features': 'auto', 'max_depth': 32, 'criterion': 'mae', 'ccp_alpha': 1.0}",0.2616953232759602,0.3308489167878408,0.2031787550172416,0.5115616514907663,14.2017972742216
660,BA11_60:40_Log_window2_Isomap_90,K-Neighbors Regressor,"{'weights': 'distance', 'n_neighbors': 8}",0.2606594611230345,0.318393763949794,0.1751530491553364,0.5105481966700445,14.15702082356035
661,BA11_60:40_Log_window2_Isomap_90,Stochastic Gradient Descent Regressor,"{'tol': 0.0001, 'power_t': 0.25, 'penalty': 'elasticnet', 'max_iter': 3000, 'loss': 'squared_loss', 'learning_rate': 'optimal', 'l1_ratio': 0, 'fit_intercept': True, 'eta0': 0.001, 'alpha': 1}",0.2944677060769736,0.4241657950751955,0.2180843184261853,0.5426487870409126,18.02626723375442
662,BA11_60:40_Log_window2_Isomap_90,Voting Regressor,"{'rf__n_estimators': 100, 'gb__n_estimators': 200}",0.9092553636166536,0.7099662940552917,0.2865850907141627,0.953548826026572,38.39836760841316
663,BA11_60:40_Log_window2_Isomap_90,Stacking Regressor,{'final_estimator': LinearSVR(random_state=42)},0.338185877778075,0.3391028143398095,0.2206244270357556,0.5815375119268533,13.82261766281033
664,BA11_60:40_Log_window2_Isomap_90,Gradient Boosting Regressor,"{'n_estimators': 10, 'min_samples_split': 10, 'min_samples_leaf': 10, 'min_impurity_decrease': 2, 'max_leaf_nodes': 10, 'max_features': 'sqrt', 'max_depth': None, 'learning_rate': 0.05}",0.2949130138505059,0.4306177478124328,0.2196171675164687,0.5430589414147473,18.3037955532347
665,BA11_60:40_Log_window2_Isomap_90,Random Forest Regressor,"{'n_estimators': 10, 'min_samples_split': 2, 'min_samples_leaf': 2, 'max_depth': None}",0.7271231557757593,0.5753709318853844,0.2199730723118092,0.8527151668498452,27.51370519620234
666,BA11_60:40_Log_window2_Isomap_90,AdaBoostRegressor,"{'n_estimators': 400, 'loss': 'square', 'learning_rate': 1.0}",2.158826373230468,0.8389518797949118,0.3623402199909719,1.469294515483696,49.52417853201725
667,BA11_60:40_Log_window2_Isomap_90,BaggingRegressor,"{'n_estimators': 150, 'max_samples': 0.1, 'max_features': 1.0}",0.3233223985296389,0.4802737716656944,0.2306193149816176,0.5686144550832655,20.42428336202245
668,BA11_60:40_Log_window2_Isomap_90,ExtraTreesRegressor,"{'n_estimators': 200, 'min_samples_split': 5, 'min_samples_leaf': 2, 'max_depth': None}",1.002403331568604,0.6458215064840692,0.2513391176848511,1.001200944650276,34.04401681931481
669,BA11_60:40_Log_window2_Isomap_90,XGBoost Regressor,"{'subsample': 1.0, 'reg_lambda': 0, 'reg_alpha': 1.0, 'n_estimators': 700, 'min_child_weight': 1, 'max_depth': 9, 'learning_rate': 0.01, 'gamma': 0.3, 'colsample_bytree': 0.8}",0.5782381896765529,0.4536291520444006,0.1818892323184358,0.7604197457171618,22.50211539043995
670,BA11_60:40_Log_window2_Isomap_90,Multilayer Perceptron,"{'module__num_units': 10, 'module__activation_func': ReLU(), 'lr': 0.1}",0.2751383185386658,0.3247320652008057,0.206699013710022,0.5245362890579314,13.92877697944641
671,BA11_60:40_Log_window2_Isomap_90,Long Short-Term Memory Network,"{'module__num_layers': 1, 'module__hidden_size': 75, 'max_epochs': 30, 'lr': 0.1, 'batch_size': 16}",0.07789451628923416,0.2183056771755219,0.08547353744506836,0.2790958908497833,8.167500793933868
672,BA11_60:40_Log_window2_Isomap_90,Convolutional neural network,{},0.4395884573459625,0.446157842874527,0.2718798518180847,0.663014673552526,17.75363236665726
1,BA47_80:20_MinMax_window3_PCA_90,Linear Regressor,{},0.04691346051182278,0.1865129431110523,0.2643682770640485,0.2165951534818422,31.91825104663497
2,BA47_80:20_MinMax_window3_PCA_95,Linear Regressor,{},0.0288524161813012,0.1334341014862882,0.1803507468632584,0.1698599899367158,20.41689859926328
3,BA47_80:20_MinMax_window3_PCA_90,Support Vector Regressor,"{'kernel': 'rbf', 'gamma': 0.0001, 'C': 100}",0.01928320153630556,0.1001234402937396,0.1262673951564363,0.1388639677393151,13.77130760945853
4,BA47_80:20_MinMax_window3_PCA_95,Support Vector Regressor,"{'kernel': 'rbf', 'gamma': 0.0001, 'C': 100}",0.01925166548824931,0.1004036928624093,0.1268994631216827,0.13875037112833,13.8182180202851
5,BA47_80:20_MinMax_window3_PCA_90,Decision Tree Regressor,"{'splitter': 'best', 'min_samples_split': 5, 'min_samples_leaf': 4, 'min_impurity_decrease': 0.1, 'max_leaf_nodes': 90, 'max_features': None, 'max_depth': 26, 'criterion': 'mae', 'ccp_alpha': 0.0}",0.02882234164840508,0.1346358438386558,0.1782026335640415,0.1697714394366882,19.23936576403386
6,BA47_80:20_MinMax_window3_PCA_95,Decision Tree Regressor,"{'splitter': 'best', 'min_samples_split': 5, 'min_samples_leaf': 4, 'min_impurity_decrease': 0.1, 'max_leaf_nodes': 90, 'max_features': None, 'max_depth': 26, 'criterion': 'mae', 'ccp_alpha': 0.0}",0.02882234164840508,0.1346358438386558,0.1782026335640415,0.1697714394366882,19.23936576403386
7,BA47_80:20_MinMax_window3_PCA_90,K-Neighbors Regressor,"{'weights': 'distance', 'n_neighbors': 8}",0.01528998417808545,0.08670261594067336,0.1086895953641374,0.1236526755799706,11.96515203724905
8,BA47_80:20_MinMax_window3_PCA_95,K-Neighbors Regressor,"{'weights': 'distance', 'n_neighbors': 7}",0.0189530549207272,0.09227082658041726,0.1135212951227853,0.1376700945039525,12.75667006033527
9,BA47_80:20_MinMax_window3_PCA_90,Stochastic Gradient Descent Regressor,"{'tol': 1e-05, 'power_t': 0.5, 'penalty': 'l2', 'max_iter': 1000, 'loss': 'squared_loss', 'learning_rate': 'constant', 'l1_ratio': 0, 'fit_intercept': True, 'eta0': 0.001, 'alpha': 0.01}",0.02506994377512808,0.1204394333749333,0.1554113476381891,0.1583349101592194,17.29366000081036
10,BA47_80:20_MinMax_window3_PCA_95,Stochastic Gradient Descent Regressor,"{'tol': 1e-05, 'power_t': 0.5, 'penalty': 'l2', 'max_iter': 1000, 'loss': 'squared_loss', 'learning_rate': 'constant', 'l1_ratio': 0, 'fit_intercept': True, 'eta0': 0.001, 'alpha': 0.01}",0.02413834745883446,0.1168507912056944,0.1501579673264291,0.1553652067189899,16.6144468604101
11,BA47_80:20_MinMax_window3_PCA_90,Voting Regressor,"{'rf__n_estimators': 10, 'gb__n_estimators': 10}",0.02821789379289999,0.1385456533353092,0.1851045031404543,0.167981825781541,21.12458799111075
12,BA47_80:20_MinMax_window3_PCA_95,Voting Regressor,"{'rf__n_estimators': 50, 'gb__n_estimators': 10}",0.02357028139626367,0.1156920885822566,0.1514837698054686,0.1535261586709694,17.12729000988461
13,BA47_80:20_MinMax_window3_PCA_90,Stacking Regressor,{'final_estimator': RandomForestRegressor(random_state=42)},0.00989039363226189,0.07716239985938217,0.1048602246011035,0.09945045818025118,10.77211330156281
14,BA47_80:20_MinMax_window3_PCA_95,Stacking Regressor,{'final_estimator': LinearSVR(random_state=42)},0.02716994418788552,0.1286117344213913,0.1628233632604213,0.1648330797743145,18.19226260754601
15,BA47_80:20_MinMax_window3_PCA_90,Gradient Boosting Regressor,"{'n_estimators': 100, 'min_samples_split': 2, 'min_samples_leaf': 2, 'min_impurity_decrease': 0, 'max_leaf_nodes': 20, 'max_features': 'sqrt', 'max_depth': 30, 'learning_rate': 0.5}",0.0396494621076318,0.1470163728875122,0.1932988811718289,0.1991217268598075,23.58036597373403
16,BA47_80:20_MinMax_window3_PCA_95,Gradient Boosting Regressor,"{'n_estimators': 10, 'min_samples_split': 10, 'min_samples_leaf': 10, 'min_impurity_decrease': 2, 'max_leaf_nodes': 10, 'max_features': 'sqrt', 'max_depth': None, 'learning_rate': 0.05}",0.03536005889571182,0.1469572205787142,0.1888127833578952,0.1880427049787144,21.21716892169941
17,BA47_80:20_MinMax_window3_PCA_90,Random Forest Regressor,"{'n_estimators': 10, 'min_samples_split': 2, 'min_samples_leaf': 4, 'max_depth': 30}",0.02844571759943918,0.1429777862725558,0.1893349271856318,0.1686585829403271,21.4862259109232
18,BA47_80:20_MinMax_window3_PCA_95,Random Forest Regressor,"{'n_estimators': 10, 'min_samples_split': 2, 'min_samples_leaf': 4, 'max_depth': 30}",0.02944764200406303,0.1466205407408009,0.1948523566721407,0.1716031526635307,22.21091920924268
19,BA47_80:20_MinMax_window3_PCA_90,AdaBoostRegressor,"{'n_estimators': 400, 'loss': 'square', 'learning_rate': 1.0}",0.01939718884886394,0.1197960101877554,0.1616682021066557,0.1392737909617741,17.9508482224712
20,BA47_80:20_MinMax_window3_PCA_95,AdaBoostRegressor,"{'n_estimators': 400, 'loss': 'square', 'learning_rate': 1.0}",0.01844870504145972,0.1119564287566911,0.1470179569967989,0.1358260101801556,16.29765059531649
21,BA47_80:20_MinMax_window3_PCA_90,BaggingRegressor,"{'n_estimators': 150, 'max_samples': 0.1, 'max_features': 1.0}",0.02319372574442289,0.111059824247018,0.1366466982331491,0.1522948644715996,15.42473924319622
22,BA47_80:20_MinMax_window3_PCA_95,BaggingRegressor,"{'n_estimators': 150, 'max_samples': 0.1, 'max_features': 1.0}",0.02134687974782326,0.1046190133776853,0.1282043673036208,0.1461057142887411,14.409329238291
23,BA47_80:20_MinMax_window3_PCA_90,ExtraTreesRegressor,"{'n_estimators': 200, 'min_samples_split': 5, 'min_samples_leaf': 2, 'max_depth': None}",0.02654827621582046,0.1326293961645472,0.1730935185909024,0.1629364177089347,19.55871694136202
24,BA47_80:20_MinMax_window3_PCA_95,ExtraTreesRegressor,"{'n_estimators': 50, 'min_samples_split': 2, 'min_samples_leaf': 4, 'max_depth': 20}",0.02024166268333004,0.1076347356219888,0.1357247834380678,0.1422731973469706,15.15449776856281
25,BA47_80:20_MinMax_window3_PCA_90,XGBoost Regressor,"{'subsample': 1.0, 'reg_lambda': 0, 'reg_alpha': 1.0, 'n_estimators': 700, 'min_child_weight': 1, 'max_depth': 9, 'learning_rate': 0.01, 'gamma': 0.3, 'colsample_bytree': 0.8}",0.03485647438575197,0.1494625637586017,0.1900878887310976,0.1866988869429916,21.68009911413364
26,BA47_80:20_MinMax_window3_PCA_95,XGBoost Regressor,"{'subsample': 1.0, 'reg_lambda': 0, 'reg_alpha': 1.0, 'n_estimators': 700, 'min_child_weight': 1, 'max_depth': 9, 'learning_rate': 0.01, 'gamma': 0.3, 'colsample_bytree': 0.8}",0.03551863922390231,0.14971308303678,0.1897318938956792,0.18846389368763,21.69794069798611
27,BA47_80:20_MinMax_window3_PCA_90,Multilayer Perceptron,"{'module__num_units': 20, 'module__activation_func': Tanh(), 'lr': 0.1}",0.01739936880767345,0.1103539690375328,0.160321369767189,0.1319066670326919,15.6946986913681
28,BA47_80:20_MinMax_window3_PCA_95,Multilayer Perceptron,"{'module__num_units': 20, 'module__activation_func': Tanh(), 'lr': 0.1}",0.02195267751812935,0.1223767697811127,0.1770309954881668,0.1481643598107499,17.39418059587479
29,BA47_80:20_MinMax_window3_PCA_90,Long Short-Term Memory Network,"{'module__num_layers': 1, 'module__hidden_size': 75, 'max_epochs': 30, 'lr': 0.1, 'batch_size': 16}",0.01281689573079348,0.0925532653927803,0.1183720976114273,0.1132117296519821,12.23139688372612
30,BA47_80:20_MinMax_window3_PCA_95,Long Short-Term Memory Network,"{'module__num_layers': 1, 'module__hidden_size': 25, 'max_epochs': 20, 'lr': 0.1, 'batch_size': 16}",0.0210088025778532,0.1191018521785736,0.1518351137638092,0.1449441360588734,15.93685746192932
31,BA47_60:40_MinMax_window3_PCA_90,Linear Regressor,{},0.032872352980105,0.1193170587321526,0.1710301538722946,0.1813073439773056,18.84215654103123
32,BA47_60:40_MinMax_window3_PCA_95,Linear Regressor,{},0.03241142083640991,0.118477669977406,0.15830141244492,0.1800317217503902,17.60310688830729
33,BA47_60:40_MinMax_window3_PCA_90,Support Vector Regressor,"{'kernel': 'linear', 'gamma': 0.001, 'C': 10}",0.02901473928999066,0.1155726405311145,0.1775619980264072,0.1703371342074025,18.63715808442019
34,BA47_60:40_MinMax_window3_PCA_95,Support Vector Regressor,"{'kernel': 'rbf', 'gamma': 0.001, 'C': 1}",0.03499736856557327,0.138673775054118,0.3054171499758191,0.1870758364021748,22.77584014935304
35,BA47_60:40_MinMax_window3_PCA_90,Decision Tree Regressor,"{'splitter': 'best', 'min_samples_split': 5, 'min_samples_leaf': 4, 'min_impurity_decrease': 0.1, 'max_leaf_nodes': 90, 'max_features': None, 'max_depth': 26, 'criterion': 'mae', 'ccp_alpha': 0.0}",0.0466440454529416,0.1721431343595131,0.3804385996473661,0.2159723256645203,27.92300018704432
36,BA47_60:40_MinMax_window3_PCA_95,Decision Tree Regressor,"{'splitter': 'best', 'min_samples_split': 5, 'min_samples_leaf': 4, 'min_impurity_decrease': 0.1, 'max_leaf_nodes': 90, 'max_features': None, 'max_depth': 26, 'criterion': 'mae', 'ccp_alpha': 0.0}",0.0466440454529416,0.1721431343595131,0.3804385996473661,0.2159723256645203,27.92300018704432
37,BA47_60:40_MinMax_window3_PCA_90,K-Neighbors Regressor,"{'weights': 'distance', 'n_neighbors': 7}",0.02157515797500366,0.09857896923336476,0.1669448932833444,0.1468848459678658,15.30227785270654
38,BA47_60:40_MinMax_window3_PCA_95,K-Neighbors Regressor,"{'weights': 'distance', 'n_neighbors': 8}",0.01866065047471532,0.09167158865383364,0.1643179179189025,0.1366039914303946,14.64372294458053
39,BA47_60:40_MinMax_window3_PCA_90,Stochastic Gradient Descent Regressor,"{'tol': 0.0001, 'power_t': 0.25, 'penalty': 'elasticnet', 'max_iter': 3000, 'loss': 'squared_loss', 'learning_rate': 'optimal', 'l1_ratio': 0, 'fit_intercept': True, 'eta0': 0.001, 'alpha': 1}",0.03761583540505219,0.144287205281267,0.2937016910191205,0.1939480224314035,23.56078596066331
40,BA47_60:40_MinMax_window3_PCA_95,Stochastic Gradient Descent Regressor,"{'tol': 0.0001, 'power_t': 0.25, 'penalty': 'elasticnet', 'max_iter': 3000, 'loss': 'squared_loss', 'learning_rate': 'optimal', 'l1_ratio': 0, 'fit_intercept': True, 'eta0': 0.001, 'alpha': 1}",0.0375569925801675,0.1441331411762939,0.2934467865006318,0.1937962656507279,23.54026873223562
41,BA47_60:40_MinMax_window3_PCA_90,Voting Regressor,"{'rf__n_estimators': 10, 'gb__n_estimators': 10}",0.03202663670239734,0.1164685606459949,0.1674561545586678,0.1789598745596268,18.13235273608843
42,BA47_60:40_MinMax_window3_PCA_95,Voting Regressor,"{'rf__n_estimators': 10, 'gb__n_estimators': 10}",0.03199583570573197,0.1179217733880048,0.1682568430489785,0.1788737982649554,18.22699699429581
43,BA47_60:40_MinMax_window3_PCA_90,Stacking Regressor,{'final_estimator': GradientBoostingRegressor(random_state=42)},0.07406428434505442,0.1689621719383237,0.4973707245425751,0.2721475415010292,25.16359572199364
44,BA47_60:40_MinMax_window3_PCA_95,Stacking Regressor,{'final_estimator': GradientBoostingRegressor(random_state=42)},0.09210347834777445,0.2177711534603289,0.5586255547204305,0.3034855488285636,35.93618284010698
45,BA47_60:40_MinMax_window3_PCA_90,Gradient Boosting Regressor,"{'n_estimators': 200, 'min_samples_split': 2, 'min_samples_leaf': 10, 'min_impurity_decrease': 0, 'max_leaf_nodes': 5, 'max_features': 'log2', 'max_depth': 30, 'learning_rate': 0.1}",0.03356568759170706,0.1275215698063292,0.1786801426428051,0.1832094091243871,19.35344549717325
46,BA47_60:40_MinMax_window3_PCA_95,Gradient Boosting Regressor,"{'n_estimators': 200, 'min_samples_split': 2, 'min_samples_leaf': 10, 'min_impurity_decrease': 0, 'max_leaf_nodes': 5, 'max_features': 'log2', 'max_depth': 30, 'learning_rate': 0.1}",0.03425538072017113,0.1319349691448008,0.1796863093991801,0.185082091840813,19.97839325382581
47,BA47_60:40_MinMax_window3_PCA_90,Random Forest Regressor,"{'n_estimators': 10, 'min_samples_split': 10, 'min_samples_leaf': 2, 'max_depth': 10}",0.02430890907436996,0.1038403233392478,0.1524162650567403,0.1559131459318616,16.42825585437643
48,BA47_60:40_MinMax_window3_PCA_95,Random Forest Regressor,"{'n_estimators': 10, 'min_samples_split': 2, 'min_samples_leaf': 4, 'max_depth': 30}",0.02360599373682272,0.0992702056705561,0.1496462951198317,0.1536424216706529,15.86059328896298
49,BA47_60:40_MinMax_window3_PCA_90,AdaBoostRegressor,"{'n_estimators': 400, 'loss': 'square', 'learning_rate': 1.0}",0.02430025643710861,0.08907931170583336,0.116101998447642,0.1558853952014383,13.56347612756473
50,BA47_60:40_MinMax_window3_PCA_95,AdaBoostRegressor,"{'n_estimators': 400, 'loss': 'square', 'learning_rate': 1.0}",0.0266335913787259,0.09563571305013616,0.1271879698397027,0.1631980127903704,14.89561324783565
51,BA47_60:40_MinMax_window3_PCA_90,BaggingRegressor,"{'n_estimators': 150, 'max_samples': 0.1, 'max_features': 1.0}",0.0262400426636443,0.1234715786985906,0.2568176058471835,0.1619877855384297,20.53880881380323
52,BA47_60:40_MinMax_window3_PCA_95,BaggingRegressor,"{'n_estimators': 150, 'max_samples': 0.1, 'max_features': 1.0}",0.02886182843655077,0.127609999468871,0.258834732512888,0.1698876935994799,21.12539557398501
53,BA47_60:40_MinMax_window3_PCA_90,ExtraTreesRegressor,"{'n_estimators': 50, 'min_samples_split': 2, 'min_samples_leaf': 4, 'max_depth': 20}",0.02112620602895443,0.1076365434563508,0.198467727159317,0.1453485673440039,17.80486113380109
54,BA47_60:40_MinMax_window3_PCA_95,ExtraTreesRegressor,"{'n_estimators': 50, 'min_samples_split': 2, 'min_samples_leaf': 4, 'max_depth': 20}",0.019798015029203,0.1060847976098935,0.1996725964989044,0.1407054193313214,17.56144104478094
55,BA47_60:40_MinMax_window3_PCA_90,XGBoost Regressor,"{'subsample': 0.9, 'reg_lambda': 1.0, 'reg_alpha': 0, 'n_estimators': 100, 'min_child_weight': 5, 'max_depth': 3, 'learning_rate': 0.1, 'gamma': 0.2, 'colsample_bytree': 1.0}",0.03949482705945737,0.1384310754752542,0.2136236453377862,0.1987330547731237,22.34454461069003
56,BA47_60:40_MinMax_window3_PCA_95,XGBoost Regressor,"{'subsample': 0.7, 'reg_lambda': 1.0, 'reg_alpha': 0.1, 'n_estimators': 200, 'min_child_weight': 5, 'max_depth': 6, 'learning_rate': 0.2, 'gamma': 0.1, 'colsample_bytree': 0.7}",0.04102615452960526,0.1522040238021732,0.2522822565427116,0.2025491410241111,24.95887497445856
57,BA47_60:40_MinMax_window3_PCA_90,Multilayer Perceptron,"{'module__num_units': 50, 'module__activation_func': Tanh(), 'lr': 0.1}",0.02103750593960285,0.0884322002530098,0.2778967320919037,0.1450431175189049,15.71995764970779
58,BA47_60:40_MinMax_window3_PCA_95,Multilayer Perceptron,"{'module__num_units': 50, 'module__activation_func': Tanh(), 'lr': 0.1}",0.0315731093287468,0.1205312460660934,0.3397062718868256,0.1776882363262881,20.16828209161758
59,BA47_60:40_MinMax_window3_PCA_90,Long Short-Term Memory Network,"{'module__num_layers': 1, 'module__hidden_size': 25, 'max_epochs': 20, 'lr': 0.1, 'batch_size': 16}",0.01190789323300123,0.08592894673347473,0.1180657893419266,0.1091232937232067,11.89703941345215
60,BA47_60:40_MinMax_window3_PCA_95,Long Short-Term Memory Network,"{'module__num_layers': 1, 'module__hidden_size': 75, 'max_epochs': 30, 'lr': 0.1, 'batch_size': 16}",0.009108913131058216,0.07436900585889816,0.102371484041214,0.09544062620843503,10.27852818369865
61,BA47_70:30_MinMax_window3_PCA_90,Linear Regressor,{},0.03318441325406175,0.1252566644950565,0.168321046524123,0.1821658948707517,18.32138605344867
62,BA47_70:30_MinMax_window3_PCA_95,Linear Regressor,{},0.03796050833193025,0.1360457340208823,0.1916771712754864,0.1948345665736197,20.06547374668843
63,BA47_70:30_MinMax_window3_PCA_90,Support Vector Regressor,"{'kernel': 'rbf', 'gamma': 0.001, 'C': 1}",0.0304351902556928,0.1335977524194209,0.2079534345872572,0.1744568435335593,20.30585575863302
64,BA47_70:30_MinMax_window3_PCA_95,Support Vector Regressor,"{'kernel': 'rbf', 'gamma': 0.001, 'C': 1}",0.03043557470024422,0.1335853661498178,0.2079854663560257,0.1744579453628989,20.30418461296802
65,BA47_70:30_MinMax_window3_PCA_90,Decision Tree Regressor,"{'splitter': 'best', 'min_samples_split': 5, 'min_samples_leaf': 4, 'min_impurity_decrease': 0.1, 'max_leaf_nodes': 90, 'max_features': None, 'max_depth': 26, 'criterion': 'mae', 'ccp_alpha': 0.0}",0.03533873515809639,0.1523987492672792,0.2472339444519311,0.1879859972394125,23.32505932938447
66,BA47_70:30_MinMax_window3_PCA_95,Decision Tree Regressor,"{'splitter': 'best', 'min_samples_split': 5, 'min_samples_leaf': 4, 'min_impurity_decrease': 0.1, 'max_leaf_nodes': 90, 'max_features': None, 'max_depth': 26, 'criterion': 'mae', 'ccp_alpha': 0.0}",0.03533873515809639,0.1523987492672792,0.2472339444519311,0.1879859972394125,23.32505932938447
67,BA47_70:30_MinMax_window3_PCA_90,K-Neighbors Regressor,"{'weights': 'distance', 'n_neighbors': 8}",0.01812020447878937,0.09197033698622345,0.1328152945757326,0.1346113088814954,13.63164490818529
68,BA47_70:30_MinMax_window3_PCA_95,K-Neighbors Regressor,"{'weights': 'distance', 'n_neighbors': 6}",0.02297515461301185,0.1033306760926629,0.150077306149106,0.1515755739326487,15.56475665151889
69,BA47_70:30_MinMax_window3_PCA_90,Stochastic Gradient Descent Regressor,"{'tol': 0.0001, 'power_t': 0.25, 'penalty': 'elasticnet', 'max_iter': 3000, 'loss': 'squared_loss', 'learning_rate': 'optimal', 'l1_ratio': 0, 'fit_intercept': True, 'eta0': 0.001, 'alpha': 1}",0.03276160607942207,0.1386943970567567,0.209562535576002,0.1810016742448038,21.07593419249233
70,BA47_70:30_MinMax_window3_PCA_95,Stochastic Gradient Descent Regressor,"{'tol': 0.0001, 'power_t': 0.25, 'penalty': 'elasticnet', 'max_iter': 3000, 'loss': 'squared_loss', 'learning_rate': 'optimal', 'l1_ratio': 0, 'fit_intercept': True, 'eta0': 0.001, 'alpha': 1}",0.03279917212787829,0.1387850170384421,0.2097839925653552,0.1811054171687813,21.09133306001202
71,BA47_70:30_MinMax_window3_PCA_90,Voting Regressor,"{'rf__n_estimators': 100, 'gb__n_estimators': 200}",0.02215333849899682,0.1039239150284761,0.1367754526310311,0.1488399761455128,14.91800545121162
72,BA47_70:30_MinMax_window3_PCA_95,Voting Regressor,"{'rf__n_estimators': 100, 'gb__n_estimators': 10}",0.02265053509902282,0.1056080763682137,0.1406283479067658,0.1505009471698528,15.1776347570151
73,BA47_70:30_MinMax_window3_PCA_90,Stacking Regressor,{'final_estimator': LinearSVR(random_state=42)},0.02788632626805512,0.1289690328526019,0.20325910539491,0.1669919946226618,19.62532934966739
74,BA47_70:30_MinMax_window3_PCA_95,Stacking Regressor,{'final_estimator': GradientBoostingRegressor(random_state=42)},0.05681180683986995,0.1762971568999051,0.318596080207506,0.2383522746689654,30.53856824733273
75,BA47_70:30_MinMax_window3_PCA_90,Gradient Boosting Regressor,"{'n_estimators': 10, 'min_samples_split': 10, 'min_samples_leaf': 10, 'min_impurity_decrease': 2, 'max_leaf_nodes': 10, 'max_features': 'sqrt', 'max_depth': None, 'learning_rate': 0.05}",0.03862129749547437,0.1564013768976993,0.2415489555737164,0.1965230202685537,23.98007015450338
76,BA47_70:30_MinMax_window3_PCA_95,Gradient Boosting Regressor,"{'n_estimators': 10, 'min_samples_split': 10, 'min_samples_leaf': 10, 'min_impurity_decrease': 2, 'max_leaf_nodes': 10, 'max_features': 'sqrt', 'max_depth': None, 'learning_rate': 0.05}",0.03928414133125136,0.1583265539750578,0.2457944690059714,0.1982022737792162,24.28600248719698
77,BA47_70:30_MinMax_window3_PCA_90,Random Forest Regressor,"{'n_estimators': 100, 'min_samples_split': 10, 'min_samples_leaf': 1, 'max_depth': 20}",0.0172551711935927,0.09724317720236095,0.1321637527337065,0.1313589402880242,14.37927831127017
78,BA47_70:30_MinMax_window3_PCA_95,Random Forest Regressor,"{'n_estimators': 100, 'min_samples_split': 10, 'min_samples_leaf': 1, 'max_depth': 20}",0.01755282820061482,0.09913616984372252,0.1351299863131381,0.1324870869202535,14.73337084663285
79,BA47_70:30_MinMax_window3_PCA_90,AdaBoostRegressor,"{'n_estimators': 400, 'loss': 'square', 'learning_rate': 1.0}",0.01152834384551033,0.08049304027375079,0.1223191334925994,0.1073701254796246,13.17363842512736
80,BA47_70:30_MinMax_window3_PCA_95,AdaBoostRegressor,"{'n_estimators': 400, 'loss': 'square', 'learning_rate': 1.0}",0.01218078823120261,0.08207095062933212,0.1241194121098908,0.1103666083161144,13.24554491145832
81,BA47_70:30_MinMax_window3_PCA_90,BaggingRegressor,"{'n_estimators': 150, 'max_samples': 0.1, 'max_features': 1.0}",0.02315776846379315,0.1133491165008421,0.1674369819891022,0.1521767671617227,17.00025076914854
82,BA47_70:30_MinMax_window3_PCA_95,BaggingRegressor,"{'n_estimators': 150, 'max_samples': 0.1, 'max_features': 1.0}",0.0255191610171188,0.1178726404559098,0.1807329351617729,0.159747178432418,17.84641926615085
83,BA47_70:30_MinMax_window3_PCA_90,ExtraTreesRegressor,"{'n_estimators': 10, 'min_samples_split': 2, 'min_samples_leaf': 2, 'max_depth': None}",0.0112449285179405,0.07759412826497684,0.1043975794117267,0.1060421072873437,11.24414719480335
84,BA47_70:30_MinMax_window3_PCA_95,ExtraTreesRegressor,"{'n_estimators': 100, 'min_samples_split': 5, 'min_samples_leaf': 4, 'max_depth': 10}",0.01688063453207747,0.09141388921714759,0.1232127407380098,0.1299254960817063,13.33598295231827
85,BA47_70:30_MinMax_window3_PCA_90,XGBoost Regressor,"{'subsample': 0.9, 'reg_lambda': 1.0, 'reg_alpha': 0, 'n_estimators': 100, 'min_child_weight': 5, 'max_depth': 3, 'learning_rate': 0.1, 'gamma': 0.2, 'colsample_bytree': 1.0}",0.02774189867184202,0.1179710030776995,0.1592210354720269,0.1665589945690175,18.27949283434923
86,BA47_70:30_MinMax_window3_PCA_95,XGBoost Regressor,"{'subsample': 0.9, 'reg_lambda': 1.0, 'reg_alpha': 0, 'n_estimators': 100, 'min_child_weight': 5, 'max_depth': 3, 'learning_rate': 0.1, 'gamma': 0.2, 'colsample_bytree': 1.0}",0.02774189867184202,0.1179710030776995,0.1592210354720269,0.1665589945690175,18.27949283434923
87,BA47_70:30_MinMax_window3_PCA_90,Multilayer Perceptron,"{'module__num_units': 10, 'module__activation_func': ReLU(), 'lr': 0.1}",0.03068258427083492,0.1457339525222778,0.262952595949173,0.1751644492208248,22.25175946950912
88,BA47_70:30_MinMax_window3_PCA_95,Multilayer Perceptron,"{'module__num_units': 50, 'module__activation_func': Tanh(), 'lr': 0.1}",0.02848780527710915,0.1386776864528656,0.2496126145124435,0.1687833086448691,21.24917954206467
89,BA47_70:30_MinMax_window3_PCA_90,Long Short-Term Memory Network,"{'module__num_layers': 1, 'module__hidden_size': 25, 'max_epochs': 20, 'lr': 0.1, 'batch_size': 16}",0.01420374307781458,0.1050339341163635,0.1546357572078705,0.1191794574489017,14.78481292724609
90,BA47_70:30_MinMax_window3_PCA_95,Long Short-Term Memory Network,"{'module__num_layers': 1, 'module__hidden_size': 25, 'max_epochs': 20, 'lr': 0.1, 'batch_size': 16}",0.01239380892366171,0.09992359578609467,0.1468510329723358,0.1113274850325009,13.97263407707214
91,BA47_80:20_Log_window3_PCA_90,Linear Regressor,{},0.1598974865623923,0.3031012090569072,0.105392530394474,0.3998718376710121,11.41564632551585
92,BA47_80:20_Log_window3_PCA_95,Linear Regressor,{},0.3044080361402861,0.4577233799393349,0.1619838810195003,0.5517318516637281,18.28631078947365
93,BA47_80:20_Log_window3_PCA_90,Support Vector Regressor,"{'kernel': 'rbf', 'gamma': 0.1, 'C': 1}",0.03143061745773403,0.1352774070383198,0.04649068353347148,0.1772868225721642,4.800078328879363
94,BA47_80:20_Log_window3_PCA_95,Support Vector Regressor,"{'kernel': 'rbf', 'gamma': 0.0001, 'C': 100}",0.04360065869546446,0.1633221481470438,0.05708132944690149,0.2088077074618283,5.880424057445919
95,BA47_80:20_Log_window3_PCA_90,Decision Tree Regressor,"{'splitter': 'best', 'min_samples_split': 5, 'min_samples_leaf': 2, 'min_impurity_decrease': 1.0, 'max_leaf_nodes': 50, 'max_features': 'auto', 'max_depth': 32, 'criterion': 'mae', 'ccp_alpha': 1.0}",0.05505449741040632,0.1934678660365473,0.06811094267651545,0.2346369480930195,7.006314959143742
96,BA47_80:20_Log_window3_PCA_95,Decision Tree Regressor,"{'splitter': 'best', 'min_samples_split': 5, 'min_samples_leaf': 2, 'min_impurity_decrease': 1.0, 'max_leaf_nodes': 50, 'max_features': 'auto', 'max_depth': 32, 'criterion': 'mae', 'ccp_alpha': 1.0}",0.05505449741040632,0.1934678660365473,0.06811094267651545,0.2346369480930195,7.006314959143742
97,BA47_80:20_Log_window3_PCA_90,K-Neighbors Regressor,"{'weights': 'uniform', 'n_neighbors': 9}",0.06985986070134569,0.1837278606288942,0.0636846092243766,0.2643101600418449,6.804280983685882
98,BA47_80:20_Log_window3_PCA_95,K-Neighbors Regressor,"{'weights': 'uniform', 'n_neighbors': 9}",0.0759735121643687,0.2027538530858375,0.07058157641585595,0.275632930116067,7.530528885098986
99,BA47_80:20_Log_window3_PCA_90,Stochastic Gradient Descent Regressor,"{'tol': 0.0001, 'power_t': 0.25, 'penalty': 'elasticnet', 'max_iter': 3000, 'loss': 'squared_loss', 'learning_rate': 'optimal', 'l1_ratio': 0, 'fit_intercept': True, 'eta0': 0.001, 'alpha': 1}",0.1349141427263523,0.3080651952724868,0.1062190252014451,0.3673066058844467,11.45670496717436
100,BA47_80:20_Log_window3_PCA_95,Stochastic Gradient Descent Regressor,"{'tol': 0.0001, 'power_t': 0.25, 'penalty': 'elasticnet', 'max_iter': 3000, 'loss': 'squared_loss', 'learning_rate': 'optimal', 'l1_ratio': 0, 'fit_intercept': True, 'eta0': 0.001, 'alpha': 1}",0.1352097579729732,0.3085247078463091,0.1063826626360497,0.3677087950715528,11.47516630745956
101,BA47_80:20_Log_window3_PCA_90,Voting Regressor,"{'rf__n_estimators': 100, 'gb__n_estimators': 10}",0.09227796100915821,0.205424006771278,0.06975642409332185,0.3037728773428566,7.52415997685336
102,BA47_80:20_Log_window3_PCA_95,Voting Regressor,"{'rf__n_estimators': 200, 'gb__n_estimators': 100}",0.06697125093826933,0.1905047569123018,0.0654212860389743,0.2587880424947593,6.943495204296035
103,BA47_80:20_Log_window3_PCA_90,Stacking Regressor,{'final_estimator': LinearSVR(random_state=42)},0.02114102233028979,0.1126146550932104,0.03963832714667655,0.145399526582069,4.026961135715025
104,BA47_80:20_Log_window3_PCA_95,Stacking Regressor,{'final_estimator': LinearSVR(random_state=42)},0.06145625336661358,0.1772805811642523,0.06028530167585641,0.2479037179362455,6.389093832684356
105,BA47_80:20_Log_window3_PCA_90,Gradient Boosting Regressor,"{'n_estimators': 10, 'min_samples_split': 10, 'min_samples_leaf': 10, 'min_impurity_decrease': 2, 'max_leaf_nodes': 10, 'max_features': 'sqrt', 'max_depth': None, 'learning_rate': 0.05}",0.1075141081653425,0.265579198373935,0.09139029333893883,0.3278934402597016,9.786263838085492
106,BA47_80:20_Log_window3_PCA_95,Gradient Boosting Regressor,"{'n_estimators': 100, 'min_samples_split': 2, 'min_samples_leaf': 2, 'min_impurity_decrease': 0, 'max_leaf_nodes': 20, 'max_features': 'sqrt', 'max_depth': 30, 'learning_rate': 0.5}",0.06843807807443342,0.2127556657678591,0.0753015521234775,0.2616067240619656,7.772300077636547
107,BA47_80:20_Log_window3_PCA_90,Random Forest Regressor,"{'n_estimators': 10, 'min_samples_split': 2, 'min_samples_leaf': 4, 'max_depth': 30}",0.1013839724659983,0.2377685262462712,0.08286965862825071,0.3184084993620589,8.848624986803065
108,BA47_80:20_Log_window3_PCA_95,Random Forest Regressor,"{'n_estimators': 50, 'min_samples_split': 2, 'min_samples_leaf': 4, 'max_depth': 20}",0.02887429679665391,0.1471649684050837,0.05282394633943586,0.1699243855267804,5.325559841604569
109,BA47_80:20_Log_window3_PCA_90,AdaBoostRegressor,"{'n_estimators': 200, 'loss': 'linear', 'learning_rate': 0.1}",0.04691390160773441,0.192446547623125,0.06919028745303195,0.2165961717291753,6.924308782531155
110,BA47_80:20_Log_window3_PCA_95,AdaBoostRegressor,"{'n_estimators': 50, 'loss': 'exponential', 'learning_rate': 0.01}",0.03130592936330465,0.1514281215749914,0.05520381538490986,0.1769348167074662,5.453358643642509
111,BA47_80:20_Log_window3_PCA_90,BaggingRegressor,"{'n_estimators': 150, 'max_samples': 0.1, 'max_features': 1.0}",0.0506889178941531,0.1636525413491424,0.05600652577882186,0.2251419949590771,5.869391334494996
112,BA47_80:20_Log_window3_PCA_95,BaggingRegressor,"{'n_estimators': 80, 'max_samples': 0.7000000000000001, 'max_features': 0.1}",0.1477051886547107,0.3105469003398199,0.1072252865471077,0.3843243274302457,11.60176634231441
113,BA47_80:20_Log_window3_PCA_90,ExtraTreesRegressor,"{'n_estimators': 10, 'min_samples_split': 2, 'min_samples_leaf': 4, 'max_depth': 30}",0.04334891244758281,0.1714977056971227,0.05969074144840397,0.2082040164059829,6.195675023369406
114,BA47_80:20_Log_window3_PCA_95,ExtraTreesRegressor,"{'n_estimators': 10, 'min_samples_split': 10, 'min_samples_leaf': 2, 'max_depth': 10}",0.09903631394612943,0.2068825649741321,0.07103939965514415,0.3147003558087112,7.705349551602398
115,BA47_80:20_Log_window3_PCA_90,XGBoost Regressor,"{'subsample': 0.9, 'reg_lambda': 0, 'reg_alpha': 0.1, 'n_estimators': 400, 'min_child_weight': 5, 'max_depth': 9, 'learning_rate': 0.01, 'gamma': 0.2, 'colsample_bytree': 0.9}",0.1366968007371658,0.2318914564387668,0.07910432471411942,0.369725304431771,8.79407632155677
116,BA47_80:20_Log_window3_PCA_95,XGBoost Regressor,"{'subsample': 0.7, 'reg_lambda': 0.1, 'reg_alpha': 0.1, 'n_estimators': 100, 'min_child_weight': 1, 'max_depth': 9, 'learning_rate': 0.3, 'gamma': 0.3, 'colsample_bytree': 0.8}",0.02334571127836997,0.1288045414736246,0.04543740649835742,0.1527930341290792,4.614896694156101
117,BA47_80:20_Log_window3_PCA_90,Multilayer Perceptron,"{'module__num_units': 50, 'module__activation_func': Tanh(), 'lr': 0.1}",0.04692952334880829,0.180448904633522,0.06473195552825928,0.2166322306324899,6.524310261011124
118,BA47_80:20_Log_window3_PCA_95,Multilayer Perceptron,"{'module__num_units': 50, 'module__activation_func': Tanh(), 'lr': 0.1}",0.04206384345889091,0.1664751172065735,0.06024700775742531,0.2050947182618093,6.016013398766518
119,BA47_80:20_Log_window3_PCA_90,Long Short-Term Memory Network,"{'module__num_layers': 1, 'module__hidden_size': 25, 'max_epochs': 20, 'lr': 0.1, 'batch_size': 16}",0.03053893521428108,0.1384026706218719,0.04734020307660103,0.1747539276075965,4.860635474324226
120,BA47_80:20_Log_window3_PCA_95,Long Short-Term Memory Network,"{'module__num_layers': 1, 'module__hidden_size': 75, 'max_epochs': 30, 'lr': 0.1, 'batch_size': 16}",0.03407745063304901,0.1461411416530609,0.04993113875389099,0.1846007871950957,5.140367895364761
121,BA47_60:40_Log_window3_PCA_90,Linear Regressor,{},0.2598561042740906,0.393082015214089,0.1672503804963263,0.5097608304627678,15.93818039721589
122,BA47_60:40_Log_window3_PCA_95,Linear Regressor,{},0.1486769443332642,0.2709992587839502,0.1089293902373044,0.3855864939715397,11.06225236777087
123,BA47_60:40_Log_window3_PCA_90,Support Vector Regressor,"{'kernel': 'rbf', 'gamma': 0.001, 'C': 1}",0.1807929090092646,0.2959986178713888,0.1409942399801362,0.4251974941239242,12.0184108856889
124,BA47_60:40_Log_window3_PCA_95,Support Vector Regressor,"{'kernel': 'rbf', 'gamma': 0.01, 'C': 10}",0.1508242614152916,0.2535040659147077,0.1235099098962082,0.3883609936840872,10.42740173883605
125,BA47_60:40_Log_window3_PCA_90,Decision Tree Regressor,"{'splitter': 'best', 'min_samples_split': 5, 'min_samples_leaf': 4, 'min_impurity_decrease': 0.1, 'max_leaf_nodes': 90, 'max_features': None, 'max_depth': 26, 'criterion': 'mae', 'ccp_alpha': 0.0}",0.1802082435197614,0.2915329542000943,0.1408903489756715,0.4245094151132121,11.84296891915625
126,BA47_60:40_Log_window3_PCA_95,Decision Tree Regressor,"{'splitter': 'best', 'min_samples_split': 5, 'min_samples_leaf': 2, 'min_impurity_decrease': 1.0, 'max_leaf_nodes': 50, 'max_features': 'auto', 'max_depth': 32, 'criterion': 'mae', 'ccp_alpha': 1.0}",0.1802082435197614,0.2915329542000943,0.1408903489756715,0.4245094151132121,11.84296891915625
127,BA47_60:40_Log_window3_PCA_90,K-Neighbors Regressor,"{'weights': 'uniform', 'n_neighbors': 9}",0.2867240990067954,0.4187769928783452,0.1815385919234964,0.5354662445073409,17.04783183492802
128,BA47_60:40_Log_window3_PCA_95,K-Neighbors Regressor,"{'weights': 'uniform', 'n_neighbors': 9}",0.1657051379093022,0.276230910747485,0.1239108385664755,0.4070689596484878,11.46186663935297
129,BA47_60:40_Log_window3_PCA_90,Stochastic Gradient Descent Regressor,"{'tol': 0.0001, 'power_t': 0.25, 'penalty': 'elasticnet', 'max_iter': 3000, 'loss': 'squared_loss', 'learning_rate': 'optimal', 'l1_ratio': 0, 'fit_intercept': True, 'eta0': 0.001, 'alpha': 1}",0.2200047216950324,0.3745178591485536,0.1617106832036531,0.4690466092991531,15.12624704382832
130,BA47_60:40_Log_window3_PCA_95,Stochastic Gradient Descent Regressor,"{'tol': 0.0001, 'power_t': 0.25, 'penalty': 'elasticnet', 'max_iter': 3000, 'loss': 'squared_loss', 'learning_rate': 'optimal', 'l1_ratio': 0, 'fit_intercept': True, 'eta0': 0.001, 'alpha': 1}",0.2192108084431282,0.3737149996280753,0.1613450494797529,0.4681995391316914,15.09449289593078
131,BA47_60:40_Log_window3_PCA_90,Voting Regressor,"{'rf__n_estimators': 10, 'gb__n_estimators': 10}",0.2398024527903499,0.3800366116121982,0.1684871666052887,0.4896962862737984,15.35874254675666
132,BA47_60:40_Log_window3_PCA_95,Voting Regressor,"{'rf__n_estimators': 10, 'gb__n_estimators': 10}",0.07234448555108439,0.1960454645522804,0.08566707667609452,0.2689693022467144,8.133997274971486
133,BA47_60:40_Log_window3_PCA_90,Stacking Regressor,{'final_estimator': LinearSVR(random_state=42)},0.1729360828727185,0.2914640879171743,0.1395920902017454,0.4158558438602474,11.89032531210782
134,BA47_60:40_Log_window3_PCA_95,Stacking Regressor,{'final_estimator': GradientBoostingRegressor(random_state=42)},0.2565222437288635,0.4028941381270844,0.1751003326165178,0.5064802500876648,17.34327411207282
135,BA47_60:40_Log_window3_PCA_90,Gradient Boosting Regressor,"{'n_estimators': 10, 'min_samples_split': 10, 'min_samples_leaf': 10, 'min_impurity_decrease': 2, 'max_leaf_nodes': 10, 'max_features': 'sqrt', 'max_depth': None, 'learning_rate': 0.05}",0.2177642223187337,0.3720347392581498,0.1612307884815137,0.4666521427345359,15.02619878983708
136,BA47_60:40_Log_window3_PCA_95,Gradient Boosting Regressor,"{'n_estimators': 10, 'min_samples_split': 10, 'min_samples_leaf': 10, 'min_impurity_decrease': 2, 'max_leaf_nodes': 10, 'max_features': 'sqrt', 'max_depth': None, 'learning_rate': 0.05}",0.158372748563613,0.3096871277684344,0.1342968305595437,0.3979607374649075,12.55449287450733
137,BA47_60:40_Log_window3_PCA_90,Random Forest Regressor,"{'n_estimators': 50, 'min_samples_split': 2, 'min_samples_leaf': 4, 'max_depth': 20}",0.2758513452976978,0.4122015457332493,0.1839089130251693,0.5252155227120556,16.73903433548151
138,BA47_60:40_Log_window3_PCA_95,Random Forest Regressor,"{'n_estimators': 10, 'min_samples_split': 2, 'min_samples_leaf': 4, 'max_depth': 30}",0.0319313418602683,0.1230184938264981,0.05645517033529398,0.1786934298184136,5.341219717616604
139,BA47_60:40_Log_window3_PCA_90,AdaBoostRegressor,"{'n_estimators': 50, 'loss': 'exponential', 'learning_rate': 0.01}",0.1994849735684566,0.3326657187876498,0.1521307800140111,0.4466374072650617,13.49733041284842
140,BA47_60:40_Log_window3_PCA_95,AdaBoostRegressor,"{'n_estimators': 250, 'loss': 'exponential', 'learning_rate': 0.01}",0.05325271602953684,0.1370662521804933,0.07053630528529894,0.2307655000851229,6.102579719033967
141,BA47_60:40_Log_window3_PCA_90,BaggingRegressor,"{'n_estimators': 150, 'max_samples': 0.1, 'max_features': 1.0}",0.2650953649864923,0.4020280099604114,0.1730893791548236,0.5148741253806529,16.28150582360716
142,BA47_60:40_Log_window3_PCA_95,BaggingRegressor,"{'n_estimators': 150, 'max_samples': 0.1, 'max_features': 1.0}",0.110536621336795,0.2400254656637785,0.1052438509890497,0.3324704819029729,9.912125082807353
143,BA47_60:40_Log_window3_PCA_90,ExtraTreesRegressor,"{'n_estimators': 10, 'min_samples_split': 2, 'min_samples_leaf': 4, 'max_depth': 30}",0.2739168253260197,0.4038790210904019,0.1758047026132415,0.5233706385784549,16.33289449289102
144,BA47_60:40_Log_window3_PCA_95,ExtraTreesRegressor,"{'n_estimators': 100, 'min_samples_split': 5, 'min_samples_leaf': 4, 'max_depth': 10}",0.1258122135020326,0.2330362369337515,0.09673120067048366,0.3547001740936035,9.647897913634724
145,BA47_60:40_Log_window3_PCA_90,XGBoost Regressor,"{'subsample': 1.0, 'reg_lambda': 0, 'reg_alpha': 1.0, 'n_estimators': 700, 'min_child_weight': 1, 'max_depth': 9, 'learning_rate': 0.01, 'gamma': 0.3, 'colsample_bytree': 0.8}",0.2160373522009475,0.3671907442235911,0.1618212381578926,0.4647981843778518,14.86288474066159
146,BA47_60:40_Log_window3_PCA_95,XGBoost Regressor,"{'subsample': 0.9, 'reg_lambda': 0.5, 'reg_alpha': 0.5, 'n_estimators': 1000, 'min_child_weight': 1, 'max_depth': 8, 'learning_rate': 0.01, 'gamma': 0.3, 'colsample_bytree': 0.7}",0.05992295846009434,0.1910265001257446,0.0850309281834026,0.2447916633794835,8.021044479997697
147,BA47_60:40_Log_window3_PCA_90,Multilayer Perceptron,"{'module__num_units': 50, 'module__activation_func': Tanh(), 'lr': 0.1}",0.1849822849035263,0.3049384653568268,0.1430524438619614,0.4300956694777643,12.36377060413361
148,BA47_60:40_Log_window3_PCA_95,Multilayer Perceptron,"{'module__num_units': 50, 'module__activation_func': Tanh(), 'lr': 0.1}",0.1881921887397766,0.2760287225246429,0.1410861760377884,0.4338112362995876,11.24662309885025
149,BA47_60:40_Log_window3_PCA_90,Long Short-Term Memory Network,"{'module__num_layers': 1, 'module__hidden_size': 25, 'max_epochs': 20, 'lr': 0.1, 'batch_size': 16}",0.06415686011314392,0.2123559564352036,0.08022994548082352,0.2532920451043497,7.765202969312668
150,BA47_60:40_Log_window3_PCA_95,Long Short-Term Memory Network,"{'module__num_layers': 1, 'module__hidden_size': 75, 'max_epochs': 30, 'lr': 0.1, 'batch_size': 16}",0.06286875158548355,0.211047351360321,0.07947999238967896,0.2507364185464161,7.718848437070847
151,BA47_70:30_Log_window3_PCA_90,Linear Regressor,{},0.1934730861495593,0.3508298263297101,0.1257689352277472,0.4398557560718733,13.53529625332182
152,BA47_70:30_Log_window3_PCA_95,Linear Regressor,{},0.1522180623770018,0.286408596400033,0.1002288701696343,0.3901513326608046,10.95373872239175
153,BA47_70:30_Log_window3_PCA_90,Support Vector Regressor,"{'kernel': 'rbf', 'gamma': 0.01, 'C': 10}",0.06401095821356592,0.1804747764851038,0.07164295286326046,0.2530038699576865,6.852157736117675
154,BA47_70:30_Log_window3_PCA_95,Support Vector Regressor,"{'kernel': 'rbf', 'gamma': 0.01, 'C': 10}",0.05864872225077793,0.176334166574739,0.06790107987306944,0.2421749827103905,6.667150107722983
155,BA47_70:30_Log_window3_PCA_90,Decision Tree Regressor,"{'splitter': 'best', 'min_samples_split': 5, 'min_samples_leaf': 2, 'min_impurity_decrease': 1.0, 'max_leaf_nodes': 50, 'max_features': 'auto', 'max_depth': 32, 'criterion': 'mae', 'ccp_alpha': 1.0}",0.09105884694568628,0.2365740226678129,0.09208973487925085,0.3017595846790724,8.937532340375366
156,BA47_70:30_Log_window3_PCA_95,Decision Tree Regressor,"{'splitter': 'best', 'min_samples_split': 5, 'min_samples_leaf': 2, 'min_impurity_decrease': 1.0, 'max_leaf_nodes': 50, 'max_features': 'auto', 'max_depth': 32, 'criterion': 'mae', 'ccp_alpha': 1.0}",0.09105884694568628,0.2365740226678129,0.09208973487925085,0.3017595846790724,8.937532340375366
157,BA47_70:30_Log_window3_PCA_90,K-Neighbors Regressor,"{'weights': 'uniform', 'n_neighbors': 9}",0.1782205413401206,0.3378773677245486,0.1239563524577602,0.4221617478409438,13.09573300760045
158,BA47_70:30_Log_window3_PCA_95,K-Neighbors Regressor,"{'weights': 'uniform', 'n_neighbors': 9}",0.1232627833694056,0.2499820661682672,0.0917098278995136,0.3510879994665235,9.61912008243333
159,BA47_70:30_Log_window3_PCA_90,Stochastic Gradient Descent Regressor,"{'tol': 0.0001, 'power_t': 0.25, 'penalty': 'elasticnet', 'max_iter': 3000, 'loss': 'squared_loss', 'learning_rate': 'optimal', 'l1_ratio': 0, 'fit_intercept': True, 'eta0': 0.001, 'alpha': 1}",0.1547082517482206,0.3312114155012318,0.1205223023542923,0.3933296985332033,12.63624153432465
160,BA47_70:30_Log_window3_PCA_95,Stochastic Gradient Descent Regressor,"{'tol': 0.0001, 'power_t': 0.25, 'penalty': 'elasticnet', 'max_iter': 3000, 'loss': 'squared_loss', 'learning_rate': 'optimal', 'l1_ratio': 0, 'fit_intercept': True, 'eta0': 0.001, 'alpha': 1}",0.1541164284317134,0.3304209979708719,0.1202040167927454,0.3925766529376313,12.60435484142015
161,BA47_70:30_Log_window3_PCA_90,Voting Regressor,"{'rf__n_estimators': 100, 'gb__n_estimators': 10}",0.1370078244359006,0.2963505055187179,0.1091680326981805,0.3701456800178824,11.39418543230788
162,BA47_70:30_Log_window3_PCA_95,Voting Regressor,"{'rf__n_estimators': 10, 'gb__n_estimators': 10}",0.1079102139809386,0.2135775653392368,0.07664592800359549,0.3284969010218188,8.294443549028397
163,BA47_70:30_Log_window3_PCA_90,Stacking Regressor,{'final_estimator': LinearSVR(random_state=42)},0.04461938399975212,0.1193074840944512,0.05115232915415571,0.2112330087835519,4.677637261453571
164,BA47_70:30_Log_window3_PCA_95,Stacking Regressor,{'final_estimator': RandomForestRegressor(random_state=42)},0.2493312960807466,0.3009416779645835,0.1101032228518157,0.4993308483167714,12.69463139235895
165,BA47_70:30_Log_window3_PCA_90,Gradient Boosting Regressor,"{'n_estimators': 10, 'min_samples_split': 10, 'min_samples_leaf': 10, 'min_impurity_decrease': 2, 'max_leaf_nodes': 10, 'max_features': 'sqrt', 'max_depth': None, 'learning_rate': 0.05}",0.1501693528587633,0.3274075941919375,0.1195808368448076,0.3875169065457187,12.48281410683203
166,BA47_70:30_Log_window3_PCA_95,Gradient Boosting Regressor,"{'n_estimators': 10, 'min_samples_split': 10, 'min_samples_leaf': 10, 'min_impurity_decrease': 2, 'max_leaf_nodes': 10, 'max_features': 'sqrt', 'max_depth': None, 'learning_rate': 0.05}",0.09570697258735793,0.2565683708116451,0.09325216511175177,0.3093654353468692,9.684550871362447
167,BA47_70:30_Log_window3_PCA_90,Random Forest Regressor,"{'n_estimators': 10, 'min_samples_split': 2, 'min_samples_leaf': 4, 'max_depth': 30}",0.1229309823200688,0.2688161600850261,0.1012175888453028,0.3506151484463683,10.53054107605526
168,BA47_70:30_Log_window3_PCA_95,Random Forest Regressor,"{'n_estimators': 10, 'min_samples_split': 2, 'min_samples_leaf': 4, 'max_depth': 30}",0.06335598664013456,0.1458780022861983,0.05498106870127556,0.2517061513752387,5.8965739517222
169,BA47_70:30_Log_window3_PCA_90,AdaBoostRegressor,"{'n_estimators': 400, 'loss': 'square', 'learning_rate': 1.0}",0.206412123341227,0.3887859866890552,0.142201818451152,0.4543260099765662,15.13527161887219
170,BA47_70:30_Log_window3_PCA_95,AdaBoostRegressor,"{'n_estimators': 400, 'loss': 'square', 'learning_rate': 1.0}",0.04750289655452618,0.1457829609537991,0.05756569007512276,0.2179515922275545,5.937173861702152
171,BA47_70:30_Log_window3_PCA_90,BaggingRegressor,"{'n_estimators': 150, 'max_samples': 0.1, 'max_features': 1.0}",0.1498536969275126,0.3097418771061246,0.1135170713300538,0.3871094120885109,12.05006012431725
172,BA47_70:30_Log_window3_PCA_95,BaggingRegressor,"{'n_estimators': 150, 'max_samples': 0.1, 'max_features': 1.0}",0.04642637106035417,0.1671793160960065,0.06230363269939104,0.2154677958776071,6.35557532315706
173,BA47_70:30_Log_window3_PCA_90,ExtraTreesRegressor,"{'n_estimators': 10, 'min_samples_split': 2, 'min_samples_leaf': 4, 'max_depth': 30}",0.2045755130944766,0.3259845221886228,0.1175204435791723,0.4523002466221709,12.64964880978137
174,BA47_70:30_Log_window3_PCA_95,ExtraTreesRegressor,"{'n_estimators': 100, 'min_samples_split': 5, 'min_samples_leaf': 4, 'max_depth': 10}",0.088537583558322,0.2189786656820732,0.0786291175373433,0.2975526567824963,8.30408757412142
175,BA47_70:30_Log_window3_PCA_90,XGBoost Regressor,"{'subsample': 1.0, 'reg_lambda': 0, 'reg_alpha': 1.0, 'n_estimators': 700, 'min_child_weight': 1, 'max_depth': 9, 'learning_rate': 0.01, 'gamma': 0.3, 'colsample_bytree': 0.8}",0.1273639915365012,0.2820927580211137,0.1037172565148792,0.3568809206675263,10.74144994979506
176,BA47_70:30_Log_window3_PCA_95,XGBoost Regressor,"{'subsample': 1.0, 'reg_lambda': 0, 'reg_alpha': 1.0, 'n_estimators': 700, 'min_child_weight': 1, 'max_depth': 9, 'learning_rate': 0.01, 'gamma': 0.3, 'colsample_bytree': 0.8}",0.1092839826800974,0.2061224747067276,0.07623204349785448,0.3305812799904093,8.402351827435641
177,BA47_70:30_Log_window3_PCA_90,Multilayer Perceptron,"{'module__num_units': 50, 'module__activation_func': Tanh(), 'lr': 0.1}",0.1120880246162415,0.2354562431573868,0.09945029020309448,0.3347954967084257,8.872614055871964
178,BA47_70:30_Log_window3_PCA_95,Multilayer Perceptron,"{'module__num_units': 20, 'module__activation_func': Tanh(), 'lr': 0.1}",0.08949633687734604,0.2402492165565491,0.09325114637613297,0.2991593837360714,9.081646800041199
179,BA47_70:30_Log_window3_PCA_90,Long Short-Term Memory Network,"{'module__num_layers': 1, 'module__hidden_size': 75, 'max_epochs': 30, 'lr': 0.1, 'batch_size': 16}",0.05102121084928513,0.1925952881574631,0.07139845192432404,0.2258787525405724,6.958042830228806
180,BA47_70:30_Log_window3_PCA_95,Long Short-Term Memory Network,"{'module__num_layers': 1, 'module__hidden_size': 75, 'max_epochs': 30, 'lr': 0.1, 'batch_size': 16}",0.05227043107151985,0.1966389715671539,0.07275769859552383,0.2286272754321318,7.101069390773773
181,BA47_80:20_MinMax_window3_ICA_90,Linear Regressor,{},0.0001396594965973927,0.009484259124140394,0.01317203992458562,0.01181776191152084,1.32685388485254
182,BA47_80:20_MinMax_window3_ICA_95,Linear Regressor,{},9.601332243228422e-05,0.00780972260480095,0.01068584628189183,0.009798638805073092,1.072846166768947
183,BA47_80:20_MinMax_window3_ICA_90,Support Vector Regressor,"{'kernel': 'rbf', 'gamma': 0.0001, 'C': 1}",0.02947271629285747,0.1355996583568053,0.1786149494397918,0.1716761960577455,19.38856632813762
184,BA47_80:20_MinMax_window3_ICA_95,Support Vector Regressor,"{'kernel': 'rbf', 'gamma': 0.0001, 'C': 1}",0.0294672495778199,0.1355903757359152,0.1786086379436207,0.1716602737322177,19.38712022287586
185,BA47_80:20_MinMax_window3_ICA_90,Decision Tree Regressor,"{'splitter': 'best', 'min_samples_split': 5, 'min_samples_leaf': 4, 'min_impurity_decrease': 0.1, 'max_leaf_nodes': 90, 'max_features': None, 'max_depth': 26, 'criterion': 'mae', 'ccp_alpha': 0.0}",0.02882234164840508,0.1346358438386558,0.1782026335640415,0.1697714394366882,19.23936576403386
186,BA47_80:20_MinMax_window3_ICA_95,Decision Tree Regressor,"{'splitter': 'best', 'min_samples_split': 5, 'min_samples_leaf': 4, 'min_impurity_decrease': 0.1, 'max_leaf_nodes': 90, 'max_features': None, 'max_depth': 26, 'criterion': 'mae', 'ccp_alpha': 0.0}",0.02882234164840508,0.1346358438386558,0.1782026335640415,0.1697714394366882,19.23936576403386
187,BA47_80:20_MinMax_window3_ICA_90,K-Neighbors Regressor,"{'weights': 'uniform', 'n_neighbors': 5}",0.04019311844868969,0.162122619267356,0.2154489639400279,0.2004822147939554,24.24740493612717
188,BA47_80:20_MinMax_window3_ICA_95,K-Neighbors Regressor,"{'weights': 'distance', 'n_neighbors': 6}",0.02586634429145888,0.1284773352475608,0.1663026553366596,0.1608301722049034,18.53530484328341
189,BA47_80:20_MinMax_window3_ICA_90,Stochastic Gradient Descent Regressor,"{'tol': 0.0001, 'power_t': 0.25, 'penalty': 'elasticnet', 'max_iter': 3000, 'loss': 'squared_loss', 'learning_rate': 'optimal', 'l1_ratio': 0, 'fit_intercept': True, 'eta0': 0.001, 'alpha': 1}",0.03305308846285483,0.1404249348871292,0.1807210410393746,0.1818050837101505,20.14459964807436
190,BA47_80:20_MinMax_window3_ICA_95,Stochastic Gradient Descent Regressor,"{'tol': 0.0001, 'power_t': 0.25, 'penalty': 'elasticnet', 'max_iter': 3000, 'loss': 'squared_loss', 'learning_rate': 'optimal', 'l1_ratio': 0, 'fit_intercept': True, 'eta0': 0.001, 'alpha': 1}",0.03305653648278354,0.1404242948339218,0.1807094449721701,0.1818145662007958,20.14438756250593
191,BA47_80:20_MinMax_window3_ICA_90,Voting Regressor,"{'rf__n_estimators': 10, 'gb__n_estimators': 100}",0.04676403910525208,0.2011469466555553,0.2760496189776974,0.2162499459080905,32.45097759554976
192,BA47_80:20_MinMax_window3_ICA_95,Voting Regressor,"{'rf__n_estimators': 100, 'gb__n_estimators': 200}",0.05141911310846302,0.1989783341780924,0.2614620170052657,0.2267578292109514,30.98340652655246
193,BA47_80:20_MinMax_window3_ICA_90,Stacking Regressor,{'final_estimator': LinearSVR(random_state=42)},0.001561829613556769,0.03459082175394172,0.05084415660871069,0.03951999005005909,5.009695760780708
194,BA47_80:20_MinMax_window3_ICA_95,Stacking Regressor,{'final_estimator': GradientBoostingRegressor(random_state=42)},0.03277577800954715,0.1439722483341016,0.1965523023180261,0.1810408186281402,20.50418065868925
195,BA47_80:20_MinMax_window3_ICA_90,Gradient Boosting Regressor,"{'n_estimators': 100, 'min_samples_split': 2, 'min_samples_leaf': 2, 'min_impurity_decrease': 0, 'max_leaf_nodes': 20, 'max_features': 'sqrt', 'max_depth': 30, 'learning_rate': 0.5}",0.03117289530280035,0.1494026062257104,0.2239603241110298,0.1765584755903844,24.12565751280635
196,BA47_80:20_MinMax_window3_ICA_95,Gradient Boosting Regressor,"{'n_estimators': 100, 'min_samples_split': 2, 'min_samples_leaf': 2, 'min_impurity_decrease': 0, 'max_leaf_nodes': 20, 'max_features': 'sqrt', 'max_depth': 30, 'learning_rate': 0.5}",0.1403804268142267,0.3144191227690513,0.4125458331621844,0.3746737605093619,56.13455302188071
197,BA47_80:20_MinMax_window3_ICA_90,Random Forest Regressor,"{'n_estimators': 10, 'min_samples_split': 10, 'min_samples_leaf': 2, 'max_depth': 10}",0.09638894835982094,0.2878160214815867,0.3950002816454873,0.3104656959469451,50.26771071022399
198,BA47_80:20_MinMax_window3_ICA_95,Random Forest Regressor,"{'n_estimators': 100, 'min_samples_split': 10, 'min_samples_leaf': 1, 'max_depth': 20}",0.06763003101345708,0.2091801474241789,0.2632736480868145,0.2600577455363656,32.43474219181096
199,BA47_80:20_MinMax_window3_ICA_90,AdaBoostRegressor,"{'n_estimators': 400, 'loss': 'square', 'learning_rate': 1.0}",0.0779953752135241,0.2297985125559913,0.2944169623071779,0.2792765210566834,36.84301029648344
200,BA47_80:20_MinMax_window3_ICA_95,AdaBoostRegressor,"{'n_estimators': 400, 'loss': 'square', 'learning_rate': 1.0}",0.06256097201752993,0.2036376568317183,0.2588202587577872,0.2501219143088624,31.44953754390541
201,BA47_80:20_MinMax_window3_ICA_90,BaggingRegressor,"{'n_estimators': 130, 'max_samples': 0.8, 'max_features': 0.6}",0.07178776497778581,0.2299949841461413,0.3023454230720411,0.2679323888181229,36.94434214084693
202,BA47_80:20_MinMax_window3_ICA_95,BaggingRegressor,"{'n_estimators': 130, 'max_samples': 0.8, 'max_features': 0.6}",0.06726067592529583,0.2208859765627692,0.2849643613343688,0.2593466327625941,34.70533835623753
203,BA47_80:20_MinMax_window3_ICA_90,ExtraTreesRegressor,"{'n_estimators': 100, 'min_samples_split': 10, 'min_samples_leaf': 1, 'max_depth': 20}",0.08237803175479391,0.255760758179249,0.3457957353683711,0.287015734333144,43.10275389625756
204,BA47_80:20_MinMax_window3_ICA_95,ExtraTreesRegressor,"{'n_estimators': 100, 'min_samples_split': 10, 'min_samples_leaf': 1, 'max_depth': 20}",0.06457214405574575,0.194576783266955,0.2420229976494992,0.2541104957606941,29.82261688615657
205,BA47_80:20_MinMax_window3_ICA_90,XGBoost Regressor,"{'subsample': 0.9, 'reg_lambda': 1.0, 'reg_alpha': 0, 'n_estimators': 100, 'min_child_weight': 5, 'max_depth': 3, 'learning_rate': 0.1, 'gamma': 0.2, 'colsample_bytree': 1.0}",0.05027167756281909,0.1890445082057441,0.2574086094636781,0.2242134642763879,30.96596441416187
206,BA47_80:20_MinMax_window3_ICA_95,XGBoost Regressor,"{'subsample': 1.0, 'reg_lambda': 0, 'reg_alpha': 1.0, 'n_estimators': 700, 'min_child_weight': 1, 'max_depth': 9, 'learning_rate': 0.01, 'gamma': 0.3, 'colsample_bytree': 0.8}",0.03161272506548164,0.1433138771344301,0.188392573581647,0.177799676786775,20.64566583433371
207,BA47_80:20_MinMax_window3_ICA_90,Multilayer Perceptron,"{'module__num_units': 50, 'module__activation_func': Tanh(), 'lr': 0.1}",0.03417801856994629,0.1621211022138596,0.2390279024839401,0.1848729795560895,22.9714572429657
208,BA47_80:20_MinMax_window3_ICA_95,Multilayer Perceptron,"{'module__num_units': 20, 'module__activation_func': Tanh(), 'lr': 0.1}",0.02888938039541245,0.1352366209030151,0.1897674053907394,0.1699687629990065,19.27059143781662
209,BA47_80:20_MinMax_window3_ICA_90,Long Short-Term Memory Network,"{'module__num_layers': 1, 'module__hidden_size': 75, 'max_epochs': 30, 'lr': 0.1, 'batch_size': 16}",0.02465183660387993,0.1386799663305283,0.1799302399158478,0.1570090335104319,18.69126856327057
210,BA47_80:20_MinMax_window3_ICA_95,Long Short-Term Memory Network,"{'module__num_layers': 1, 'module__hidden_size': 25, 'max_epochs': 20, 'lr': 0.1, 'batch_size': 16}",0.02029100246727467,0.1220085620880127,0.1774448305368423,0.1424464898383764,16.17254614830017
211,BA47_80:20_MinMax_window3_ICA_90,Convolutional neural network,{},0.04244143888354301,0.16582091152668,0.275130033493042,0.2060132007506874,22.59526699781418
212,BA47_80:20_MinMax_window3_ICA_95,Convolutional neural network,{},0.01906481571495533,0.1224914714694023,0.1810214221477509,0.1380753986594112,17.43560284376144
213,BA47_60:40_MinMax_window3_ICA_90,Linear Regressor,{},0.004514684671383713,0.04488304587443668,0.08095307078881556,0.06719140325505721,7.624689627706626
214,BA47_60:40_MinMax_window3_ICA_95,Linear Regressor,{},0.004233676707906693,0.04370332809499319,0.07789120348924737,0.06506670967481522,7.369230013606014
215,BA47_60:40_MinMax_window3_ICA_90,Support Vector Regressor,"{'kernel': 'rbf', 'gamma': 0.0001, 'C': 1}",0.04715851812021767,0.1729572574690065,0.378044307867223,0.2171601209251313,28.06679894566264
216,BA47_60:40_MinMax_window3_ICA_95,Support Vector Regressor,"{'kernel': 'rbf', 'gamma': 0.0001, 'C': 1}",0.04715387618176899,0.1729500943837445,0.3780308924726398,0.2171494328377788,28.06572957006713
217,BA47_60:40_MinMax_window3_ICA_90,Decision Tree Regressor,"{'splitter': 'best', 'min_samples_split': 5, 'min_samples_leaf': 4, 'min_impurity_decrease': 0.1, 'max_leaf_nodes': 90, 'max_features': None, 'max_depth': 26, 'criterion': 'mae', 'ccp_alpha': 0.0}",0.0466440454529416,0.1721431343595131,0.3804385996473661,0.2159723256645203,27.92300018704432
218,BA47_60:40_MinMax_window3_ICA_95,Decision Tree Regressor,"{'splitter': 'best', 'min_samples_split': 5, 'min_samples_leaf': 4, 'min_impurity_decrease': 0.1, 'max_leaf_nodes': 90, 'max_features': None, 'max_depth': 26, 'criterion': 'mae', 'ccp_alpha': 0.0}",0.0466440454529416,0.1721431343595131,0.3804385996473661,0.2159723256645203,27.92300018704432
219,BA47_60:40_MinMax_window3_ICA_90,K-Neighbors Regressor,"{'weights': 'uniform', 'n_neighbors': 1}",0.04710775067272221,0.1722202067542601,0.3169341517062453,0.217043200014933,27.90270962411047
220,BA47_60:40_MinMax_window3_ICA_95,K-Neighbors Regressor,"{'weights': 'uniform', 'n_neighbors': 1}",0.05705529212881678,0.1931132233837013,0.3794682707764431,0.2388624962793799,31.90767605985479
221,BA47_60:40_MinMax_window3_ICA_90,Stochastic Gradient Descent Regressor,"{'tol': 0.0001, 'power_t': 0.25, 'penalty': 'elasticnet', 'max_iter': 3000, 'loss': 'squared_loss', 'learning_rate': 'optimal', 'l1_ratio': 0, 'fit_intercept': True, 'eta0': 0.001, 'alpha': 1}",0.04923392475364935,0.1760133648423235,0.3673839646209872,0.2218871892508654,28.62579820002837
222,BA47_60:40_MinMax_window3_ICA_95,Stochastic Gradient Descent Regressor,"{'tol': 0.0001, 'power_t': 0.25, 'penalty': 'elasticnet', 'max_iter': 3000, 'loss': 'squared_loss', 'learning_rate': 'optimal', 'l1_ratio': 0, 'fit_intercept': True, 'eta0': 0.001, 'alpha': 1}",0.04921990192127042,0.1759957317742719,0.3673842120922761,0.2218555879874799,28.62294200339532
223,BA47_60:40_MinMax_window3_ICA_90,Voting Regressor,"{'rf__n_estimators': 10, 'gb__n_estimators': 10}",0.03974542779578519,0.1679978882827709,0.2910804513375337,0.1993625536448236,27.67202225041781
224,BA47_60:40_MinMax_window3_ICA_95,Voting Regressor,"{'rf__n_estimators': 50, 'gb__n_estimators': 10}",0.0383282551586279,0.1489694890660377,0.2857206012989794,0.1957760331568394,24.39528178793136
225,BA47_60:40_MinMax_window3_ICA_90,Stacking Regressor,{'final_estimator': LinearSVR(random_state=42)},0.2623126291950487,0.4321485679737311,0.9151229128501495,0.5121646504738967,73.06936286091178
226,BA47_60:40_MinMax_window3_ICA_95,Stacking Regressor,{'final_estimator': LinearSVR(random_state=42)},0.2951433990803344,0.458142095438453,0.9820474035080073,0.5432710180750805,76.81354898617543
227,BA47_60:40_MinMax_window3_ICA_90,Gradient Boosting Regressor,"{'n_estimators': 100, 'min_samples_split': 2, 'min_samples_leaf': 2, 'min_impurity_decrease': 0, 'max_leaf_nodes': 20, 'max_features': 'sqrt', 'max_depth': 30, 'learning_rate': 0.5}",0.08640726438454895,0.2599880351981274,0.453089035659486,0.2939511258433091,46.29421620327702
228,BA47_60:40_MinMax_window3_ICA_95,Gradient Boosting Regressor,"{'n_estimators': 10, 'min_samples_split': 10, 'min_samples_leaf': 10, 'min_impurity_decrease': 2, 'max_leaf_nodes': 10, 'max_features': 'sqrt', 'max_depth': None, 'learning_rate': 0.05}",0.05016420995472174,0.1779620615006171,0.3714125642462172,0.2239736813885099,28.92868340338037
229,BA47_60:40_MinMax_window3_ICA_90,Random Forest Regressor,"{'n_estimators': 10, 'min_samples_split': 2, 'min_samples_leaf': 2, 'max_depth': None}",0.1042918554656885,0.2768274759707217,0.4362092471935619,0.322942495602063,48.558326862203
230,BA47_60:40_MinMax_window3_ICA_95,Random Forest Regressor,"{'n_estimators': 10, 'min_samples_split': 2, 'min_samples_leaf': 4, 'max_depth': 30}",0.06028271906142878,0.2025365619711826,0.3845450164247076,0.2455253939237829,33.30577702113244
231,BA47_60:40_MinMax_window3_ICA_90,AdaBoostRegressor,"{'n_estimators': 50, 'loss': 'exponential', 'learning_rate': 0.01}",0.0674912901004007,0.2170939339218202,0.371917732229485,0.2597908583849722,36.18827037134245
232,BA47_60:40_MinMax_window3_ICA_95,AdaBoostRegressor,"{'n_estimators': 200, 'loss': 'square', 'learning_rate': 0.01}",0.05810457281080196,0.1962462277298974,0.3726677001002635,0.2410489012851997,32.22491920875085
233,BA47_60:40_MinMax_window3_ICA_90,BaggingRegressor,"{'n_estimators': 30, 'max_samples': 0.9, 'max_features': 0.7000000000000001}",0.0673205691090504,0.2111704635098259,0.3806878567737817,0.2594620764370978,35.09809428201572
234,BA47_60:40_MinMax_window3_ICA_95,BaggingRegressor,"{'n_estimators': 30, 'max_samples': 0.9, 'max_features': 0.7000000000000001}",0.05891345947927564,0.1922918856237649,0.370173518602871,0.2427209498153706,31.4197261038936
235,BA47_60:40_MinMax_window3_ICA_90,ExtraTreesRegressor,"{'n_estimators': 100, 'min_samples_split': 10, 'min_samples_leaf': 1, 'max_depth': 20}",0.1908089859898172,0.3909753121057886,0.5617345797507846,0.4368168792409666,77.4950662462224
236,BA47_60:40_MinMax_window3_ICA_95,ExtraTreesRegressor,"{'n_estimators': 10, 'min_samples_split': 2, 'min_samples_leaf': 2, 'max_depth': None}",0.05128517585557655,0.1851059266135314,0.4251620659657248,0.2264623055953828,29.99764168259442
237,BA47_60:40_MinMax_window3_ICA_90,XGBoost Regressor,"{'subsample': 1.0, 'reg_lambda': 0, 'reg_alpha': 1.0, 'n_estimators': 700, 'min_child_weight': 1, 'max_depth': 9, 'learning_rate': 0.01, 'gamma': 0.3, 'colsample_bytree': 0.8}",0.05016421035023868,0.1779620624788568,0.3714125642024546,0.2239736822714639,28.9286835700689
238,BA47_60:40_MinMax_window3_ICA_95,XGBoost Regressor,"{'subsample': 1.0, 'reg_lambda': 0, 'reg_alpha': 1.0, 'n_estimators': 700, 'min_child_weight': 1, 'max_depth': 9, 'learning_rate': 0.01, 'gamma': 0.3, 'colsample_bytree': 0.8}",0.05016421035023868,0.1779620624788568,0.3714125642024546,0.2239736822714639,28.9286835700689
239,BA47_60:40_MinMax_window3_ICA_90,Multilayer Perceptron,"{'module__num_units': 20, 'module__activation_func': Tanh(), 'lr': 0.1}",0.05269794166088104,0.1953217536211014,0.433904230594635,0.2295603224881884,31.20788335800171
240,BA47_60:40_MinMax_window3_ICA_95,Multilayer Perceptron,"{'module__num_units': 20, 'module__activation_func': Tanh(), 'lr': 0.1}",0.04810850322246552,0.1696216315031052,0.4238005578517914,0.2193365068165022,27.26119458675385
241,BA47_60:40_MinMax_window3_ICA_90,Long Short-Term Memory Network,"{'module__num_layers': 1, 'module__hidden_size': 75, 'max_epochs': 30, 'lr': 0.1, 'batch_size': 16}",0.0340394452214241,0.1680559515953064,0.2638488113880157,0.1844978190153588,23.84868264198303
242,BA47_60:40_MinMax_window3_ICA_95,Long Short-Term Memory Network,"{'module__num_layers': 1, 'module__hidden_size': 75, 'max_epochs': 30, 'lr': 0.1, 'batch_size': 16}",0.0343606136739254,0.1633262783288956,0.2631617784500122,0.185366161081049,23.12334924936295
243,BA47_60:40_MinMax_window3_ICA_90,Convolutional neural network,{},0.1003910824656487,0.2584886848926544,0.6556024551391602,0.31684551829819,36.53540909290314
244,BA47_60:40_MinMax_window3_ICA_95,Convolutional neural network,{},0.0515858381986618,0.1644536852836609,0.4424513280391693,0.2271251597658476,26.16004049777985
245,BA47_70:30_MinMax_window3_ICA_90,Linear Regressor,{},0.002582452554968695,0.03592060236116754,0.04926472141522862,0.05081783697648588,4.999594455065064
246,BA47_70:30_MinMax_window3_ICA_95,Linear Regressor,{},0.00246019861729254,0.03601510489323051,0.04851128792034116,0.04960038928569553,4.937807798398258
247,BA47_70:30_MinMax_window3_ICA_90,Support Vector Regressor,"{'kernel': 'rbf', 'gamma': 0.001, 'C': 1}",0.0356853770046781,0.1524966718114787,0.2447815689208191,0.1889057357643703,23.3445845265956
248,BA47_70:30_MinMax_window3_ICA_95,Support Vector Regressor,"{'kernel': 'rbf', 'gamma': 0.001, 'C': 1}",0.03569239738273725,0.1525323759891772,0.2448156565686947,0.1889243165469635,23.35038074820974
249,BA47_70:30_MinMax_window3_ICA_90,Decision Tree Regressor,"{'splitter': 'best', 'min_samples_split': 5, 'min_samples_leaf': 4, 'min_impurity_decrease': 0.1, 'max_leaf_nodes': 90, 'max_features': None, 'max_depth': 26, 'criterion': 'mae', 'ccp_alpha': 0.0}",0.03533873515809639,0.1523987492672792,0.2472339444519311,0.1879859972394125,23.32505932938447
250,BA47_70:30_MinMax_window3_ICA_95,Decision Tree Regressor,"{'splitter': 'best', 'min_samples_split': 5, 'min_samples_leaf': 4, 'min_impurity_decrease': 0.1, 'max_leaf_nodes': 90, 'max_features': None, 'max_depth': 26, 'criterion': 'mae', 'ccp_alpha': 0.0}",0.03533873515809639,0.1523987492672792,0.2472339444519311,0.1879859972394125,23.32505932938447
251,BA47_70:30_MinMax_window3_ICA_90,K-Neighbors Regressor,"{'weights': 'uniform', 'n_neighbors': 1}",0.06360147372171573,0.1867049937192669,0.2758720048524909,0.2521933260848029,28.45261054611647
252,BA47_70:30_MinMax_window3_ICA_95,K-Neighbors Regressor,"{'weights': 'uniform', 'n_neighbors': 1}",0.05275484756181111,0.1532762939110149,0.2217218583444334,0.2296842344650827,24.91604434783902
253,BA47_70:30_MinMax_window3_ICA_90,Stochastic Gradient Descent Regressor,"{'tol': 0.0001, 'power_t': 0.25, 'penalty': 'elasticnet', 'max_iter': 3000, 'loss': 'squared_loss', 'learning_rate': 'optimal', 'l1_ratio': 0, 'fit_intercept': True, 'eta0': 0.001, 'alpha': 1}",0.03866084845000534,0.1569770101213317,0.2436191478703021,0.1966236212920649,24.06875521113116
254,BA47_70:30_MinMax_window3_ICA_95,Stochastic Gradient Descent Regressor,"{'tol': 0.0001, 'power_t': 0.25, 'penalty': 'elasticnet', 'max_iter': 3000, 'loss': 'squared_loss', 'learning_rate': 'optimal', 'l1_ratio': 0, 'fit_intercept': True, 'eta0': 0.001, 'alpha': 1}",0.03865893860654303,0.1569673272606375,0.2436192704876844,0.1966187646348716,24.06718148168309
255,BA47_70:30_MinMax_window3_ICA_90,Voting Regressor,"{'rf__n_estimators': 10, 'gb__n_estimators': 10}",0.03977272238650194,0.1538444503584589,0.2057670925521302,0.1994309965539508,23.26973579291244
256,BA47_70:30_MinMax_window3_ICA_95,Voting Regressor,"{'rf__n_estimators': 50, 'gb__n_estimators': 50}",0.02101081189714714,0.118656496349468,0.179662177943483,0.1449510672508041,18.18535288766688
257,BA47_70:30_MinMax_window3_ICA_90,Stacking Regressor,{'final_estimator': LinearSVR(random_state=42)},0.0820985291769738,0.2072111081878472,0.41812205224434,0.2865284090225153,29.06189639750212
258,BA47_70:30_MinMax_window3_ICA_95,Stacking Regressor,{'final_estimator': LinearRegression()},0.3344263310150096,0.4309069918248266,0.8878551895199605,0.5782960582737959,48.46585752861683
259,BA47_70:30_MinMax_window3_ICA_90,Gradient Boosting Regressor,"{'n_estimators': 10, 'min_samples_split': 10, 'min_samples_leaf': 10, 'min_impurity_decrease': 2, 'max_leaf_nodes': 10, 'max_features': 'sqrt', 'max_depth': None, 'learning_rate': 0.05}",0.03928414133125136,0.1583265539750578,0.2457944690059714,0.1982022737792162,24.28600248719698
260,BA47_70:30_MinMax_window3_ICA_95,Gradient Boosting Regressor,"{'n_estimators': 10, 'min_samples_split': 10, 'min_samples_leaf': 10, 'min_impurity_decrease': 2, 'max_leaf_nodes': 10, 'max_features': 'sqrt', 'max_depth': None, 'learning_rate': 0.05}",0.03928414133125136,0.1583265539750578,0.2457944690059714,0.1982022737792162,24.28600248719698
261,BA47_70:30_MinMax_window3_ICA_90,Random Forest Regressor,"{'n_estimators': 10, 'min_samples_split': 2, 'min_samples_leaf': 2, 'max_depth': None}",0.07320703195060774,0.2119611581341822,0.2866579263123252,0.2705679802759516,34.12995165139983
262,BA47_70:30_MinMax_window3_ICA_95,Random Forest Regressor,"{'n_estimators': 50, 'min_samples_split': 10, 'min_samples_leaf': 1, 'max_depth': 30}",0.05558735402491313,0.1966362320679094,0.2772252371529076,0.2357697054859108,31.25153238408679
263,BA47_70:30_MinMax_window3_ICA_90,AdaBoostRegressor,"{'n_estimators': 100, 'loss': 'square', 'learning_rate': 0.01}",0.04994030540487199,0.1876898481305615,0.2839963821257219,0.2234732767130602,29.56529862042153
264,BA47_70:30_MinMax_window3_ICA_95,AdaBoostRegressor,"{'n_estimators': 50, 'loss': 'exponential', 'learning_rate': 0.01}",0.03500913985503729,0.1563475193109001,0.2526334432067287,0.1871072950342591,24.02888121948481
265,BA47_70:30_MinMax_window3_ICA_90,BaggingRegressor,"{'n_estimators': 30, 'max_samples': 0.9, 'max_features': 0.7000000000000001}",0.06240747477441169,0.201308401689954,0.2844864251631732,0.249814881010743,32.41652994500173
266,BA47_70:30_MinMax_window3_ICA_95,BaggingRegressor,"{'n_estimators': 50, 'max_samples': 0.7000000000000001, 'max_features': 0.9}",0.05254619711816116,0.1842733201320998,0.2644527807279113,0.2292295729572456,28.79021785737842
267,BA47_70:30_MinMax_window3_ICA_90,ExtraTreesRegressor,"{'n_estimators': 100, 'min_samples_split': 10, 'min_samples_leaf': 1, 'max_depth': 20}",0.1342648228635566,0.3025785511307652,0.4011886570486596,0.3664216462813798,55.15219259977928
268,BA47_70:30_MinMax_window3_ICA_95,ExtraTreesRegressor,"{'n_estimators': 100, 'min_samples_split': 10, 'min_samples_leaf': 1, 'max_depth': 20}",0.08149874486625042,0.2357914542297302,0.3168903021351642,0.2854798501930573,39.82133268535814
269,BA47_70:30_MinMax_window3_ICA_90,XGBoost Regressor,"{'subsample': 1.0, 'reg_lambda': 0, 'reg_alpha': 1.0, 'n_estimators': 700, 'min_child_weight': 1, 'max_depth': 9, 'learning_rate': 0.01, 'gamma': 0.3, 'colsample_bytree': 0.8}",0.03928414323802915,0.1583265585977369,0.2457944721322727,0.1982022785893975,24.28600325196454
270,BA47_70:30_MinMax_window3_ICA_95,XGBoost Regressor,"{'subsample': 0.9, 'reg_lambda': 1.0, 'reg_alpha': 0, 'n_estimators': 100, 'min_child_weight': 5, 'max_depth': 3, 'learning_rate': 0.1, 'gamma': 0.2, 'colsample_bytree': 1.0}",0.04235283195936576,0.1697655806035547,0.2439579802029459,0.2057980368209711,26.41839017711171
271,BA47_70:30_MinMax_window3_ICA_90,Multilayer Perceptron,"{'module__num_units': 20, 'module__activation_func': Tanh(), 'lr': 0.1}",0.03228908404707909,0.1521541774272919,0.2714212834835052,0.1796916359964456,23.17832112312317
272,BA47_70:30_MinMax_window3_ICA_95,Multilayer Perceptron,"{'module__num_units': 20, 'module__activation_func': ReLU(), 'lr': 0.1}",0.03297989815473557,0.1490799784660339,0.2681490480899811,0.1816036843093652,22.70784378051758
273,BA47_70:30_MinMax_window3_ICA_90,Long Short-Term Memory Network,"{'module__num_layers': 1, 'module__hidden_size': 75, 'max_epochs': 30, 'lr': 0.1, 'batch_size': 16}",0.02743694745004177,0.1419489234685898,0.223912313580513,0.1656410198291527,20.01020610332489
274,BA47_70:30_MinMax_window3_ICA_95,Long Short-Term Memory Network,"{'module__num_layers': 1, 'module__hidden_size': 75, 'max_epochs': 30, 'lr': 0.1, 'batch_size': 16}",0.0248093493282795,0.1366299390792847,0.2180973440408707,0.1575098388300855,19.31075751781464
275,BA47_70:30_MinMax_window3_ICA_90,Convolutional neural network,{},0.02780336886644363,0.1350712031126022,0.2467616647481918,0.1667434222584016,20.8129420876503
276,BA47_70:30_MinMax_window3_ICA_95,Convolutional neural network,{},0.03822236880660057,0.1550113260746002,0.2534651756286621,0.1955054188676124,23.6982986330986
277,BA47_60:40_Log_window3_ICA_90,Linear Regressor,{},2.151490204321804e-08,0.0001149290634032826,4.49660728309747e-05,0.0001466795897295122,0.004496634602316195
278,BA47_60:40_Log_window3_ICA_95,Linear Regressor,{},1.54859876634327e-08,9.62240024337665e-05,3.910750176858316e-05,0.0001244427083578331,0.003910714390463805
279,BA47_60:40_Log_window3_ICA_90,Support Vector Regressor,"{'kernel': 'rbf', 'gamma': 0.0001, 'C': 1}",0.1807046075663367,0.2959036855615252,0.1409651261443811,0.4250936456433296,12.01483191433087
280,BA47_60:40_Log_window3_ICA_95,Support Vector Regressor,"{'kernel': 'rbf', 'gamma': 0.0001, 'C': 1}",0.1806990701646555,0.2958386112292254,0.1409407995068785,0.4250871324383456,12.0123632744619
281,BA47_60:40_Log_window3_ICA_90,Decision Tree Regressor,"{'splitter': 'best', 'min_samples_split': 5, 'min_samples_leaf': 4, 'min_impurity_decrease': 0.1, 'max_leaf_nodes': 90, 'max_features': None, 'max_depth': 26, 'criterion': 'mae', 'ccp_alpha': 0.0}",0.1802082435197614,0.2915329542000943,0.1408903489756715,0.4245094151132121,11.84296891915625
282,BA47_60:40_Log_window3_ICA_95,Decision Tree Regressor,"{'splitter': 'best', 'min_samples_split': 5, 'min_samples_leaf': 4, 'min_impurity_decrease': 0.1, 'max_leaf_nodes': 90, 'max_features': None, 'max_depth': 26, 'criterion': 'mae', 'ccp_alpha': 0.0}",0.1802082435197614,0.2915329542000943,0.1408903489756715,0.4245094151132121,11.84296891915625
283,BA47_60:40_Log_window3_ICA_90,K-Neighbors Regressor,"{'weights': 'uniform', 'n_neighbors': 2}",0.2179133048437242,0.326883457326102,0.1486848951567715,0.4668118516530232,13.55525515185113
284,BA47_60:40_Log_window3_ICA_95,K-Neighbors Regressor,"{'weights': 'uniform', 'n_neighbors': 1}",0.1852544605435194,0.3306568276277132,0.1497356366216644,0.430411966078453,13.14967287196429
285,BA47_60:40_Log_window3_ICA_90,Stochastic Gradient Descent Regressor,"{'tol': 1e-05, 'power_t': 0.5, 'penalty': 'l1', 'max_iter': 3000, 'loss': 'squared_epsilon_insensitive', 'learning_rate': 'adaptive', 'l1_ratio': 1, 'fit_intercept': True, 'eta0': 0.1, 'alpha': 0.01}",0.1336579474116222,0.3015403207439115,0.115546993731271,0.3655925975886577,12.17975309491342
286,BA47_60:40_Log_window3_ICA_95,Stochastic Gradient Descent Regressor,"{'tol': 1e-05, 'power_t': 0.5, 'penalty': 'l1', 'max_iter': 3000, 'loss': 'squared_epsilon_insensitive', 'learning_rate': 'adaptive', 'l1_ratio': 1, 'fit_intercept': True, 'eta0': 0.1, 'alpha': 0.01}",0.4318035258278941,0.5295030046170794,0.197126125936152,0.6571175890416373,20.76315611636617
287,BA47_60:40_Log_window3_ICA_90,Voting Regressor,"{'rf__n_estimators': 10, 'gb__n_estimators': 100}",0.2503045596954094,0.4205064629857364,0.1650867830184104,0.5003044669952582,17.57253275831635
288,BA47_60:40_Log_window3_ICA_95,Voting Regressor,"{'rf__n_estimators': 10, 'gb__n_estimators': 10}",0.5424936241338881,0.5940548170399905,0.2305802511840812,0.7365416649001523,26.33320846476349
289,BA47_60:40_Log_window3_ICA_90,Stacking Regressor,{'final_estimator': LinearSVR(random_state=42)},0.6742717316293358,0.6799640123859835,0.2890951666560383,0.8211405066304645,28.10964629980228
290,BA47_60:40_Log_window3_ICA_95,Stacking Regressor,{'final_estimator': GradientBoostingRegressor(random_state=42)},0.6010198460340449,0.6623926343441987,0.2823925063772501,0.7752546975246554,26.61225460467416
291,BA47_60:40_Log_window3_ICA_90,Gradient Boosting Regressor,"{'n_estimators': 10, 'min_samples_split': 10, 'min_samples_leaf': 10, 'min_impurity_decrease': 2, 'max_leaf_nodes': 10, 'max_features': 'sqrt', 'max_depth': None, 'learning_rate': 0.05}",0.2099515013299361,0.3545270103927367,0.1554520811534604,0.4582046500527206,14.32222888003724
292,BA47_60:40_Log_window3_ICA_95,Gradient Boosting Regressor,"{'n_estimators': 10, 'min_samples_split': 2, 'min_samples_leaf': 5, 'min_impurity_decrease': 2, 'max_leaf_nodes': None, 'max_features': 'sqrt', 'max_depth': 15, 'learning_rate': 0.1}",0.1953416481346125,0.342083278244558,0.1470890866218519,0.4419747143611413,13.86321933717597
293,BA47_60:40_Log_window3_ICA_90,Random Forest Regressor,"{'n_estimators': 100, 'min_samples_split': 10, 'min_samples_leaf': 1, 'max_depth': 20}",0.9143174721320545,0.7787985769118732,0.2991629141616671,0.9561994938986605,36.9560721664222
294,BA47_60:40_Log_window3_ICA_95,Random Forest Regressor,"{'n_estimators': 100, 'min_samples_split': 10, 'min_samples_leaf': 1, 'max_depth': 20}",1.572876686901274,1.017927629275721,0.3877942163551493,1.254143806308222,52.41284345886994
295,BA47_60:40_Log_window3_ICA_90,AdaBoostRegressor,"{'n_estimators': 50, 'loss': 'exponential', 'learning_rate': 0.01}",1.123396146200551,0.6996818317416887,0.2863897546380894,1.059903838185593,34.2436142769505
296,BA47_60:40_Log_window3_ICA_95,AdaBoostRegressor,"{'n_estimators': 50, 'loss': 'exponential', 'learning_rate': 0.01}",2.284671364905653,0.9599864579963759,0.3803629169925575,1.51151293904672,51.42060188766339
297,BA47_60:40_Log_window3_ICA_90,BaggingRegressor,"{'n_estimators': 50, 'max_samples': 0.7000000000000001, 'max_features': 0.9}",0.7803068611611964,0.7512715230520056,0.2919954481813,0.8833497954724371,33.93730258588248
298,BA47_60:40_Log_window3_ICA_95,BaggingRegressor,"{'n_estimators': 160, 'max_samples': 0.7000000000000001, 'max_features': 0.8}",0.8612561323074759,0.7817629233959406,0.3046076294441339,0.9280388635760228,35.2859249278901
299,BA47_60:40_Log_window3_ICA_90,ExtraTreesRegressor,"{'n_estimators': 50, 'min_samples_split': 10, 'min_samples_leaf': 1, 'max_depth': 30}",3.312035930204457,1.748193928940633,0.6542718766672884,1.819899978076943,100.9784800170002
300,BA47_60:40_Log_window3_ICA_95,ExtraTreesRegressor,"{'n_estimators': 50, 'min_samples_split': 10, 'min_samples_leaf': 1, 'max_depth': 30}",4.404839355700966,2.013628283043457,0.7451863093257928,2.098770915488626,122.6910102015175
301,BA47_60:40_Log_window3_ICA_90,XGBoost Regressor,"{'subsample': 1.0, 'reg_lambda': 0, 'reg_alpha': 1.0, 'n_estimators': 700, 'min_child_weight': 1, 'max_depth': 9, 'learning_rate': 0.01, 'gamma': 0.3, 'colsample_bytree': 0.8}",0.3423929111659405,0.4839555227707612,0.1938734210168741,0.5851434962177573,19.96800514515278
302,BA47_60:40_Log_window3_ICA_95,XGBoost Regressor,"{'subsample': 0.9, 'reg_lambda': 0, 'reg_alpha': 0.1, 'n_estimators': 400, 'min_child_weight': 5, 'max_depth': 9, 'learning_rate': 0.01, 'gamma': 0.2, 'colsample_bytree': 0.9}",0.3088447832401675,0.4654480590533094,0.1738569664602071,0.5557380527192353,19.09060244731515
303,BA47_60:40_Log_window3_ICA_90,Multilayer Perceptron,"{'module__num_units': 20, 'module__activation_func': Tanh(), 'lr': 0.1}",0.1724896281957626,0.2985257804393768,0.1448453664779663,0.4153187067731992,12.10699081420898
304,BA47_60:40_Log_window3_ICA_95,Multilayer Perceptron,"{'module__num_units': 10, 'module__activation_func': ReLU(), 'lr': 0.1}",0.1895295232534409,0.2949280142784119,0.1466304361820221,0.4353498860151922,11.9822733104229
305,BA47_60:40_Log_window3_ICA_90,Long Short-Term Memory Network,"{'module__num_layers': 1, 'module__hidden_size': 25, 'max_epochs': 20, 'lr': 0.1, 'batch_size': 16}",0.07264487445354462,0.2331793159246445,0.08358174562454224,0.2695271312011921,8.522087335586548
306,BA47_60:40_Log_window3_ICA_95,Long Short-Term Memory Network,"{'module__num_layers': 1, 'module__hidden_size': 25, 'max_epochs': 20, 'lr': 0.1, 'batch_size': 16}",0.06280169636011124,0.2022973895072937,0.07621831446886063,0.2506026663068676,7.292462140321732
307,BA47_60:40_Log_window3_ICA_90,Convolutional neural network,{},0.5453993082046509,0.5973783731460571,0.2701853811740875,0.7385115491342372,21.23518586158752
308,BA47_60:40_Log_window3_ICA_95,Convolutional neural network,{},5.097017765045166,2.226131439208984,0.9029881954193115,2.257657583657266,59.76799726486206
309,BA47_70:30_Log_window3_ICA_90,Linear Regressor,{},2.515470481186856e-08,0.0001085290845360099,3.827987958348157e-05,0.0001586023480654324,0.00382811502566884
310,BA47_70:30_Log_window3_ICA_95,Linear Regressor,{},2.482851004198971e-08,0.0001064385411138787,3.745256903489967e-05,0.0001575706509537538,0.003745373181580746
311,BA47_70:30_Log_window3_ICA_90,Support Vector Regressor,"{'kernel': 'rbf', 'gamma': 0.0001, 'C': 1}",0.09461243926146205,0.241632922347776,0.09298031319954365,0.3075913510836448,9.12864528934565
312,BA47_70:30_Log_window3_ICA_95,Support Vector Regressor,"{'kernel': 'rbf', 'gamma': 0.0001, 'C': 1}",0.09453450241510174,0.241522452247024,0.09294050142302138,0.3074646360398245,9.124482855304466
313,BA47_70:30_Log_window3_ICA_90,Decision Tree Regressor,"{'splitter': 'best', 'min_samples_split': 5, 'min_samples_leaf': 4, 'min_impurity_decrease': 0.1, 'max_leaf_nodes': 90, 'max_features': None, 'max_depth': 26, 'criterion': 'mae', 'ccp_alpha': 0.0}",0.09105884694568628,0.2365740226678129,0.09208973487925085,0.3017595846790724,8.937532340375366
314,BA47_70:30_Log_window3_ICA_95,Decision Tree Regressor,"{'splitter': 'best', 'min_samples_split': 5, 'min_samples_leaf': 2, 'min_impurity_decrease': 1.0, 'max_leaf_nodes': 50, 'max_features': 'auto', 'max_depth': 32, 'criterion': 'mae', 'ccp_alpha': 1.0}",0.09105884694568628,0.2365740226678129,0.09208973487925085,0.3017595846790724,8.937532340375366
315,BA47_70:30_Log_window3_ICA_90,K-Neighbors Regressor,"{'weights': 'distance', 'n_neighbors': 2}",0.165057626614064,0.3657245281525631,0.1365044190327726,0.4062728474979149,14.03656891048017
316,BA47_70:30_Log_window3_ICA_95,K-Neighbors Regressor,"{'weights': 'uniform', 'n_neighbors': 1}",0.1609711595223997,0.3359071720735753,0.1259121460533678,0.4012121128809544,12.99295224438907
317,BA47_70:30_Log_window3_ICA_90,Stochastic Gradient Descent Regressor,"{'tol': 1e-05, 'power_t': 0.5, 'penalty': 'l1', 'max_iter': 3000, 'loss': 'squared_epsilon_insensitive', 'learning_rate': 'adaptive', 'l1_ratio': 1, 'fit_intercept': True, 'eta0': 0.1, 'alpha': 0.01}",0.1408443292089583,0.3133846287408427,0.1169136822588358,0.3752923250067317,11.5858057811182
318,BA47_70:30_Log_window3_ICA_95,Stochastic Gradient Descent Regressor,"{'tol': 1e-05, 'power_t': 0.5, 'penalty': 'l1', 'max_iter': 3000, 'loss': 'squared_epsilon_insensitive', 'learning_rate': 'adaptive', 'l1_ratio': 1, 'fit_intercept': True, 'eta0': 0.1, 'alpha': 0.01}",0.543743623869112,0.6499955999854622,0.2520025263077346,0.7373897367533074,27.04244575039206
319,BA47_70:30_Log_window3_ICA_90,Voting Regressor,"{'rf__n_estimators': 10, 'gb__n_estimators': 10}",0.2382062891308186,0.3960136663667142,0.1438305799016356,0.4880638166580459,16.25741282234345
320,BA47_70:30_Log_window3_ICA_95,Voting Regressor,"{'rf__n_estimators': 100, 'gb__n_estimators': 200}",0.5117506526463595,0.5515745487056173,0.2031275451842583,0.7153674948209204,24.40317416331813
321,BA47_70:30_Log_window3_ICA_90,Stacking Regressor,{'final_estimator': LinearSVR(random_state=42)},0.3628507746375009,0.4667868953178131,0.1715961063250794,0.6023709609845921,18.38070916880978
322,BA47_70:30_Log_window3_ICA_95,Stacking Regressor,{'final_estimator': GradientBoostingRegressor(random_state=42)},1.586565428181118,1.14402142735721,0.4170278149970758,1.259589388722022,53.27617607293192
323,BA47_70:30_Log_window3_ICA_90,Gradient Boosting Regressor,"{'n_estimators': 10, 'min_samples_split': 10, 'min_samples_leaf': 10, 'min_impurity_decrease': 2, 'max_leaf_nodes': 10, 'max_features': 'sqrt', 'max_depth': None, 'learning_rate': 0.05}",0.1635245149188788,0.3360080777608856,0.1212795443322353,0.4043816451310306,12.84095080587134
324,BA47_70:30_Log_window3_ICA_95,Gradient Boosting Regressor,"{'n_estimators': 100, 'min_samples_split': 2, 'min_samples_leaf': 2, 'min_impurity_decrease': 0, 'max_leaf_nodes': 20, 'max_features': 'sqrt', 'max_depth': 30, 'learning_rate': 0.5}",0.6862533615030815,0.5530357048321376,0.2059431961730487,0.8284041051944887,25.64670096364963
325,BA47_70:30_Log_window3_ICA_90,Random Forest Regressor,"{'n_estimators': 50, 'min_samples_split': 10, 'min_samples_leaf': 1, 'max_depth': 30}",0.7132743142570801,0.7100823945964493,0.2564923045197516,0.8445556904414772,32.24006359283341
326,BA47_70:30_Log_window3_ICA_95,Random Forest Regressor,"{'n_estimators': 100, 'min_samples_split': 10, 'min_samples_leaf': 1, 'max_depth': 20}",1.331645356469705,0.9597580996473573,0.3534128450327611,1.153969391478693,47.80278529126645
327,BA47_70:30_Log_window3_ICA_90,AdaBoostRegressor,"{'n_estimators': 50, 'loss': 'exponential', 'learning_rate': 0.01}",0.7147987741383188,0.427171307723151,0.156859899554821,0.84545773054501,20.69546117987825
328,BA47_70:30_Log_window3_ICA_95,AdaBoostRegressor,"{'n_estimators': 50, 'loss': 'exponential', 'learning_rate': 0.01}",0.8338187894401412,0.5889693845233548,0.2199152048715588,0.913136785722786,28.35065873937062
329,BA47_70:30_Log_window3_ICA_90,BaggingRegressor,"{'n_estimators': 50, 'max_samples': 0.7000000000000001, 'max_features': 0.9}",0.4961515940573445,0.6355707297994377,0.2298642102740325,0.7043802907927965,26.74103597680372
330,BA47_70:30_Log_window3_ICA_95,BaggingRegressor,"{'n_estimators': 50, 'max_samples': 0.7000000000000001, 'max_features': 0.9}",0.8999307094483407,0.8126233505749105,0.2983900205689163,0.9486467780203234,36.92879985294301
331,BA47_70:30_Log_window3_ICA_90,ExtraTreesRegressor,"{'n_estimators': 100, 'min_samples_split': 10, 'min_samples_leaf': 1, 'max_depth': 20}",3.234455848085814,1.767666771162196,0.6591528921861263,1.798459298423463,101.888665289249
332,BA47_70:30_Log_window3_ICA_95,ExtraTreesRegressor,"{'n_estimators': 50, 'min_samples_split': 10, 'min_samples_leaf': 1, 'max_depth': 30}",4.548938046054671,2.05870655253721,0.7479105362886731,2.132823960399608,124.719004612589
333,BA47_70:30_Log_window3_ICA_90,XGBoost Regressor,"{'subsample': 0.7, 'reg_lambda': 0.1, 'reg_alpha': 0.1, 'n_estimators': 100, 'min_child_weight': 1, 'max_depth': 9, 'learning_rate': 0.3, 'gamma': 0.3, 'colsample_bytree': 0.8}",3.636082291854108,1.802031276144567,0.6587131787063392,1.90685140791151,104.7303008137749
334,BA47_70:30_Log_window3_ICA_95,XGBoost Regressor,"{'subsample': 0.9, 'reg_lambda': 1.0, 'reg_alpha': 0, 'n_estimators': 100, 'min_child_weight': 5, 'max_depth': 3, 'learning_rate': 0.1, 'gamma': 0.2, 'colsample_bytree': 1.0}",0.6436750472823586,0.6901213223468707,0.2597569254713324,0.8022936166282009,30.67440185745149
335,BA47_70:30_Log_window3_ICA_90,Multilayer Perceptron,"{'module__num_units': 50, 'module__activation_func': Tanh(), 'lr': 0.1}",0.1834346204996109,0.3586750626564026,0.1424244940280914,0.4282926808849422,13.19847404956818
336,BA47_70:30_Log_window3_ICA_95,Multilayer Perceptron,"{'module__num_units': 50, 'module__activation_func': Tanh(), 'lr': 0.1}",0.07419449836015701,0.2062943130731583,0.07990295439958572,0.2723866706726983,7.750660926103592
337,BA47_70:30_Log_window3_ICA_90,Long Short-Term Memory Network,"{'module__num_layers': 1, 'module__hidden_size': 25, 'max_epochs': 20, 'lr': 0.1, 'batch_size': 16}",0.1272600889205933,0.297924667596817,0.1099778562784195,0.3567353205397431,10.62337309122086
338,BA47_70:30_Log_window3_ICA_95,Long Short-Term Memory Network,"{'module__num_layers': 1, 'module__hidden_size': 25, 'max_epochs': 20, 'lr': 0.1, 'batch_size': 16}",0.04377743601799011,0.1665138155221939,0.05986662209033966,0.2092305809818204,6.070364639163017
339,BA47_70:30_Log_window3_ICA_90,Convolutional neural network,{},2.531233549118042,1.565035462379456,0.5957322716712952,1.590985087647914,45.10211646556854
340,BA47_70:30_Log_window3_ICA_95,Convolutional neural network,{},2.732872724533081,1.609195113182068,0.613434910774231,1.653140261603074,45.90989351272583
341,BA47_80:20_Log_window3_ICA_90,Linear Regressor,{},7.021215941080112e-07,0.0007023216807098393,0.0002582451862575858,0.0008379269622753591,0.02582913566748826
342,BA47_80:20_Log_window3_ICA_95,Linear Regressor,{},6.554230804551622e-07,0.0006687757049799648,0.0002482800141315288,0.0008095820405957399,0.02483249892048195
343,BA47_80:20_Log_window3_ICA_90,Support Vector Regressor,"{'kernel': 'rbf', 'gamma': 0.0001, 'C': 1}",0.05967407734050363,0.1987996397245534,0.06958299692510261,0.2442827815064001,7.205746391029093
344,BA47_80:20_Log_window3_ICA_95,Support Vector Regressor,"{'kernel': 'rbf', 'gamma': 0.0001, 'C': 1}",0.05967036221688934,0.1987745421390368,0.06957290980988913,0.2442751772425707,7.204799643655559
345,BA47_80:20_Log_window3_ICA_90,Decision Tree Regressor,"{'splitter': 'best', 'min_samples_split': 5, 'min_samples_leaf': 2, 'min_impurity_decrease': 1.0, 'max_leaf_nodes': 50, 'max_features': 'auto', 'max_depth': 32, 'criterion': 'mae', 'ccp_alpha': 1.0}",0.05505449741040632,0.1934678660365473,0.06811094267651545,0.2346369480930195,7.006314959143742
346,BA47_80:20_Log_window3_ICA_95,Decision Tree Regressor,"{'splitter': 'best', 'min_samples_split': 5, 'min_samples_leaf': 4, 'min_impurity_decrease': 0.1, 'max_leaf_nodes': 90, 'max_features': None, 'max_depth': 26, 'criterion': 'mae', 'ccp_alpha': 0.0}",0.05505449741040632,0.1934678660365473,0.06811094267651545,0.2346369480930195,7.006314959143742
347,BA47_80:20_Log_window3_ICA_90,K-Neighbors Regressor,"{'weights': 'uniform', 'n_neighbors': 1}",0.2766664527038692,0.373175630513826,0.1371131157389106,0.5259909245451572,15.06850266469109
348,BA47_80:20_Log_window3_ICA_95,K-Neighbors Regressor,"{'weights': 'distance', 'n_neighbors': 3}",0.09012410497777036,0.238993514348048,0.0874818420947243,0.3002067703729721,8.907258006325847
349,BA47_80:20_Log_window3_ICA_90,Stochastic Gradient Descent Regressor,"{'tol': 1e-05, 'power_t': 0.5, 'penalty': 'l1', 'max_iter': 3000, 'loss': 'squared_epsilon_insensitive', 'learning_rate': 'adaptive', 'l1_ratio': 1, 'fit_intercept': True, 'eta0': 0.1, 'alpha': 0.01}",0.02544986690562601,0.1310614917356446,0.04662453162893012,0.1595301441910776,4.765421001351303
350,BA47_80:20_Log_window3_ICA_95,Stochastic Gradient Descent Regressor,"{'tol': 1e-05, 'power_t': 0.5, 'penalty': 'l1', 'max_iter': 3000, 'loss': 'squared_epsilon_insensitive', 'learning_rate': 'adaptive', 'l1_ratio': 1, 'fit_intercept': True, 'eta0': 0.1, 'alpha': 0.01}",0.1257272827346897,0.2932312417948107,0.1057463284917834,0.3545804319681075,11.36888077758185
351,BA47_80:20_Log_window3_ICA_90,Voting Regressor,"{'rf__n_estimators': 50, 'gb__n_estimators': 200}",0.4451392587638142,0.6257893083173726,0.2225143384144811,0.6671875738979363,25.44180102105928
352,BA47_80:20_Log_window3_ICA_95,Voting Regressor,"{'rf__n_estimators': 10, 'gb__n_estimators': 100}",0.6532148836160618,0.7643073657535737,0.2725607330623244,0.8082171017839587,32.18153669825107
353,BA47_80:20_Log_window3_ICA_90,Stacking Regressor,{'final_estimator': LinearSVR(random_state=42)},7.473884192309715e-05,0.007912645919432373,0.002793415485591434,0.008645162920564144,0.2788825811832166
354,BA47_80:20_Log_window3_ICA_95,Stacking Regressor,{'final_estimator': LinearSVR(random_state=42)},0.2835704940766048,0.4799716452899362,0.1679744585389702,0.5325133745518555,18.69995390713679
355,BA47_80:20_Log_window3_ICA_90,Gradient Boosting Regressor,"{'n_estimators': 100, 'min_samples_split': 2, 'min_samples_leaf': 5, 'min_impurity_decrease': 2, 'max_leaf_nodes': 20, 'max_features': 'sqrt', 'max_depth': 20, 'learning_rate': 0.5}",0.7804483265465989,0.8081100964499517,0.28701129046679,0.8834298650977331,34.52910710592393
356,BA47_80:20_Log_window3_ICA_95,Gradient Boosting Regressor,"{'n_estimators': 100, 'min_samples_split': 2, 'min_samples_leaf': 5, 'min_impurity_decrease': 2, 'max_leaf_nodes': 20, 'max_features': 'sqrt', 'max_depth': 20, 'learning_rate': 0.5}",0.5559771930407077,0.6680133177140994,0.2442995961491017,0.7456387818781341,28.98654240184395
357,BA47_80:20_Log_window3_ICA_90,Random Forest Regressor,"{'n_estimators': 100, 'min_samples_split': 10, 'min_samples_leaf': 1, 'max_depth': 20}",1.048169289479404,0.9868627760377475,0.3521515217728868,1.02380139161822,43.38763516924756
358,BA47_80:20_Log_window3_ICA_95,Random Forest Regressor,"{'n_estimators': 100, 'min_samples_split': 10, 'min_samples_leaf': 1, 'max_depth': 20}",1.424591038368544,1.161469519400692,0.4156909502980263,1.193562331161864,53.22855039031322
359,BA47_80:20_Log_window3_ICA_90,AdaBoostRegressor,"{'n_estimators': 400, 'loss': 'square', 'learning_rate': 1.0}",0.5299594400192502,0.6540405706978704,0.2322743787566589,0.7279831316859273,27.19284689213993
360,BA47_80:20_Log_window3_ICA_95,AdaBoostRegressor,"{'n_estimators': 400, 'loss': 'square', 'learning_rate': 1.0}",0.9204206761722754,0.7889490564041796,0.2767209720220765,0.9593855722139433,35.07274655917604
361,BA47_80:20_Log_window3_ICA_90,BaggingRegressor,"{'n_estimators': 50, 'max_samples': 0.7000000000000001, 'max_features': 0.9}",0.9914719002426257,0.9587275851547841,0.3423727844834898,0.9957268200880328,41.92635788488236
362,BA47_80:20_Log_window3_ICA_95,BaggingRegressor,"{'n_estimators': 50, 'max_samples': 0.7000000000000001, 'max_features': 0.9}",0.9224328285634108,0.9248283894822722,0.3298674116128356,0.9604336669252129,40.06862747429311
363,BA47_80:20_Log_window3_ICA_90,ExtraTreesRegressor,"{'n_estimators': 50, 'min_samples_split': 10, 'min_samples_leaf': 1, 'max_depth': 30}",2.968359573630038,1.675213739535672,0.6011979188161148,1.722892792262489,88.69114311311078
364,BA47_80:20_Log_window3_ICA_95,ExtraTreesRegressor,"{'n_estimators': 50, 'min_samples_split': 10, 'min_samples_leaf': 1, 'max_depth': 30}",3.03220473944226,1.7008217668014,0.6126053485069695,1.741322698250459,90.93484386784174
365,BA47_80:20_Log_window3_ICA_90,XGBoost Regressor,"{'subsample': 0.9, 'reg_lambda': 0.1, 'reg_alpha': 0.5, 'n_estimators': 200, 'min_child_weight': 1, 'max_depth': 10, 'learning_rate': 0.1, 'gamma': 0.3, 'colsample_bytree': 0.9}",1.262405961308577,1.051402340560426,0.3817444481449406,1.123568405264485,49.33337541641126
366,BA47_80:20_Log_window3_ICA_95,XGBoost Regressor,"{'subsample': 0.9, 'reg_lambda': 0.1, 'reg_alpha': 0.5, 'n_estimators': 200, 'min_child_weight': 1, 'max_depth': 10, 'learning_rate': 0.1, 'gamma': 0.3, 'colsample_bytree': 0.9}",1.834166403530452,1.14669439114793,0.4061029749656641,1.354313997391466,58.07544514961383
367,BA47_80:20_Log_window3_ICA_90,Multilayer Perceptron,"{'module__num_units': 10, 'module__activation_func': ReLU(), 'lr': 0.1}",0.0563512034714222,0.2051762342453003,0.07384829223155975,0.2373840842841453,7.424246519804001
368,BA47_80:20_Log_window3_ICA_95,Multilayer Perceptron,"{'module__num_units': 20, 'module__activation_func': Tanh(), 'lr': 0.1}",0.03951679542660713,0.1757783740758896,0.0644954964518547,0.1987883181341578,6.348834931850433
369,BA47_80:20_Log_window3_ICA_90,Long Short-Term Memory Network,"{'module__num_layers': 1, 'module__hidden_size': 25, 'max_epochs': 20, 'lr': 0.1, 'batch_size': 16}",0.03705678507685661,0.1579838246107101,0.05443144217133522,0.1925013898050001,5.566664412617683
370,BA47_80:20_Log_window3_ICA_95,Long Short-Term Memory Network,"{'module__num_layers': 1, 'module__hidden_size': 25, 'max_epochs': 20, 'lr': 0.1, 'batch_size': 16}",0.05089017003774643,0.1705498844385147,0.05750125646591187,0.2255884971308298,6.036223098635674
371,BA47_80:20_Log_window3_ICA_90,Convolutional neural network,{},1.158000588417053,1.041758894920349,0.3842527568340302,1.076104357586686,31.78111016750336
372,BA47_80:20_Log_window3_ICA_95,Convolutional neural network,{},0.05194117873907089,0.1795404851436615,0.06820665299892426,0.2279060743794928,6.479314714670181
373,BA47_80:20_MinMax_window3_KPCA_90,Linear Regressor,{},0.06259979109947537,0.1531860723716411,1.387247866103559,0.2501995025963788,29.49183187031828
374,BA47_80:20_MinMax_window3_KPCA_95,Linear Regressor,{},0.0610690473509852,0.1560491118486841,1.365485768840762,0.2471215234474432,30.12491575558445
375,BA47_80:20_MinMax_window3_KPCA_90,Support Vector Regressor,"{'kernel': 'linear', 'gamma': 1, 'C': 100}",0.06391337659720804,0.1721974257851195,1.373589929759911,0.252810950311113,32.82623313494143
376,BA47_80:20_MinMax_window3_KPCA_95,Support Vector Regressor,"{'kernel': 'linear', 'gamma': 1, 'C': 100}",0.06386009051805167,0.1717891275032839,1.375439316246664,0.2527055411304858,32.7635467679668
377,BA47_80:20_MinMax_window3_KPCA_90,Decision Tree Regressor,"{'splitter': 'best', 'min_samples_split': 5, 'min_samples_leaf': 2, 'min_impurity_decrease': 1.0, 'max_leaf_nodes': 30, 'max_features': 'sqrt', 'max_depth': 11, 'criterion': 'friedman_mse', 'ccp_alpha': 0.0}",0.07104648092786248,0.2083070480006544,1.318157745146223,0.266545457526221,38.324410485385
378,BA47_80:20_MinMax_window3_KPCA_95,Decision Tree Regressor,"{'splitter': 'best', 'min_samples_split': 5, 'min_samples_leaf': 2, 'min_impurity_decrease': 1.0, 'max_leaf_nodes': 30, 'max_features': 'sqrt', 'max_depth': 11, 'criterion': 'friedman_mse', 'ccp_alpha': 0.0}",0.07104648092786248,0.2083070480006544,1.318157745146223,0.266545457526221,38.324410485385
379,BA47_80:20_MinMax_window3_KPCA_90,K-Neighbors Regressor,"{'weights': 'uniform', 'n_neighbors': 2}",0.08247547808794264,0.1756574709719522,1.55614290264398,0.2871854419846915,31.27954035619874
380,BA47_80:20_MinMax_window3_KPCA_95,K-Neighbors Regressor,"{'weights': 'uniform', 'n_neighbors': 2}",0.08239244220268874,0.1790082307748459,1.555752250035457,0.2870408371690146,31.62966089765071
381,BA47_80:20_MinMax_window3_KPCA_90,Stochastic Gradient Descent Regressor,"{'tol': 1e-05, 'power_t': 0.5, 'penalty': 'l2', 'max_iter': 1000, 'loss': 'squared_loss', 'learning_rate': 'constant', 'l1_ratio': 0, 'fit_intercept': True, 'eta0': 0.001, 'alpha': 0.01}",0.4940958805296309,0.587322878439373,1.47060352983894,0.7029195405803077,128.0849738559002
382,BA47_80:20_MinMax_window3_KPCA_95,Stochastic Gradient Descent Regressor,"{'tol': 1e-05, 'power_t': 0.75, 'penalty': 'l1', 'max_iter': 1000, 'loss': 'huber', 'learning_rate': 'invscaling', 'l1_ratio': 0, 'fit_intercept': True, 'eta0': 0.01, 'alpha': 0.01}",0.3506672841065752,0.4853348753837012,1.193904683134807,0.5921716677675276,100.0316918607779
383,BA47_80:20_MinMax_window3_KPCA_90,Voting Regressor,"{'rf__n_estimators': 50, 'gb__n_estimators': 200}",0.06828906907754269,0.1660031454688604,1.404716770989868,0.26132177306444,30.96782358708862
384,BA47_80:20_MinMax_window3_KPCA_95,Voting Regressor,"{'rf__n_estimators': 50, 'gb__n_estimators': 200}",0.06716504698153289,0.1665150944084904,1.396522440531627,0.2591622020695396,31.18378620901696
385,BA47_80:20_MinMax_window3_KPCA_90,Stacking Regressor,{'final_estimator': RandomForestRegressor(random_state=42)},0.05760261576273392,0.1453050101850462,1.354148316875703,0.2400054494438281,28.62232494390161
386,BA47_80:20_MinMax_window3_KPCA_95,Stacking Regressor,{'final_estimator': RandomForestRegressor(random_state=42)},0.06312743794671924,0.1568151349877399,1.413957698251817,0.2512517421764857,29.88357244860168
387,BA47_80:20_MinMax_window3_KPCA_90,Gradient Boosting Regressor,"{'n_estimators': 100, 'min_samples_split': 2, 'min_samples_leaf': 2, 'min_impurity_decrease': 0, 'max_leaf_nodes': 20, 'max_features': 'sqrt', 'max_depth': 30, 'learning_rate': 0.5}",0.06463203557576735,0.184330598493316,1.416011776441965,0.2542283138750823,33.71111611898986
388,BA47_80:20_MinMax_window3_KPCA_95,Gradient Boosting Regressor,"{'n_estimators': 50, 'min_samples_split': 2, 'min_samples_leaf': 2, 'min_impurity_decrease': 0, 'max_leaf_nodes': 15, 'max_features': 'log2', 'max_depth': 20, 'learning_rate': 0.05}",0.05817360983179948,0.1620114341350009,1.339526699756952,0.2411920600513199,31.27637477552414
389,BA47_80:20_MinMax_window3_KPCA_90,Random Forest Regressor,"{'n_estimators': 100, 'min_samples_split': 10, 'min_samples_leaf': 1, 'max_depth': 20}",0.07107756352936272,0.1829827662531934,1.421130755764505,0.2666037575304645,34.02297243097372
390,BA47_80:20_MinMax_window3_KPCA_95,Random Forest Regressor,"{'n_estimators': 100, 'min_samples_split': 10, 'min_samples_leaf': 1, 'max_depth': 20}",0.0731470851810448,0.1867286761655723,1.433799455357939,0.270457178091181,34.48688595621417
391,BA47_80:20_MinMax_window3_KPCA_90,AdaBoostRegressor,"{'n_estimators': 100, 'loss': 'linear', 'learning_rate': 0.1}",0.0648410656507822,0.1708118412872026,1.41798135618579,0.2546390890079177,31.54766652911988
392,BA47_80:20_MinMax_window3_KPCA_95,AdaBoostRegressor,"{'n_estimators': 100, 'loss': 'linear', 'learning_rate': 0.1}",0.07054101955033959,0.175142241212748,1.451304842529798,0.2655955939964735,31.86600958432159
393,BA47_80:20_MinMax_window3_KPCA_90,BaggingRegressor,"{'n_estimators': 100, 'max_samples': 1.0, 'max_features': 0.6}",0.07329802751971846,0.1858589856471209,1.457293716966848,0.2707360846280349,34.21951316829636
394,BA47_80:20_MinMax_window3_KPCA_95,BaggingRegressor,"{'n_estimators': 130, 'max_samples': 0.8, 'max_features': 0.6}",0.06813670750814504,0.1822789669474415,1.403109030600282,0.2610300892773572,33.98478157891402
395,BA47_80:20_MinMax_window3_KPCA_90,ExtraTreesRegressor,"{'n_estimators': 10, 'min_samples_split': 2, 'min_samples_leaf': 2, 'max_depth': None}",0.07142849497332625,0.1676243942485526,1.452335580193027,0.2672610988777196,31.3431632039122
396,BA47_80:20_MinMax_window3_KPCA_95,ExtraTreesRegressor,"{'n_estimators': 50, 'min_samples_split': 10, 'min_samples_leaf': 1, 'max_depth': 30}",0.06555298193364943,0.173937097623051,1.38462852410859,0.2560331656907937,32.90057760237733
397,BA47_80:20_MinMax_window3_KPCA_90,XGBoost Regressor,"{'subsample': 1.0, 'reg_lambda': 0, 'reg_alpha': 1.0, 'n_estimators': 700, 'min_child_weight': 1, 'max_depth': 9, 'learning_rate': 0.01, 'gamma': 0.3, 'colsample_bytree': 0.8}",0.07104647936608449,0.208307045930266,1.318157728768604,0.2665454545965556,38.32441026911053
398,BA47_80:20_MinMax_window3_KPCA_95,XGBoost Regressor,"{'subsample': 1.0, 'reg_lambda': 0, 'reg_alpha': 1.0, 'n_estimators': 700, 'min_child_weight': 1, 'max_depth': 9, 'learning_rate': 0.01, 'gamma': 0.3, 'colsample_bytree': 0.8}",0.07104647936608449,0.208307045930266,1.318157728768604,0.2665454545965556,38.32441026911053
399,BA47_80:20_MinMax_window3_KPCA_90,Multilayer Perceptron,"{'module__num_units': 20, 'module__activation_func': Tanh(), 'lr': 0.1}",0.07252340763807297,0.1650125086307526,1.437147974967957,0.2693017037414969,30.38118183612823
400,BA47_80:20_MinMax_window3_KPCA_95,Multilayer Perceptron,"{'module__num_units': 20, 'module__activation_func': Tanh(), 'lr': 0.1}",0.06776273250579834,0.1829807758331299,1.376032710075378,0.2603127590146099,33.8833749294281
401,BA47_80:20_MinMax_window3_KPCA_90,Long Short-Term Memory Network,"{'module__num_layers': 1, 'module__hidden_size': 25, 'max_epochs': 20, 'lr': 0.1, 'batch_size': 16}",0.05056529119610786,0.1850549727678299,0.4761934876441956,0.2248672746224045,33.62641334533691
402,BA47_80:20_MinMax_window3_KPCA_95,Long Short-Term Memory Network,"{'module__num_layers': 1, 'module__hidden_size': 25, 'max_epochs': 20, 'lr': 0.1, 'batch_size': 16}",0.06258589774370193,0.1923695355653763,0.5866785645484924,0.2501717365005526,33.91199707984924
403,BA47_80:20_MinMax_window3_KPCA_90,Convolutional neural network,{},0.1164936944842339,0.2165600657463074,1.675744891166687,0.3413117262624211,35.58731377124786
404,BA47_80:20_MinMax_window3_KPCA_95,Convolutional neural network,{},0.1252924203872681,0.2487041354179382,1.606785655021667,0.3539666938954399,42.0164167881012
405,BA47_70:30_MinMax_window3_KPCA_90,Linear Regressor,{},0.05118941941207775,0.1273370174838717,1.321598690600179,0.226250788754598,25.40619142710907
406,BA47_70:30_MinMax_window3_KPCA_95,Linear Regressor,{},0.05123666249868927,0.1288673666514994,1.320984477050705,0.2263551689241694,25.61218087449124
407,BA47_70:30_MinMax_window3_KPCA_90,Support Vector Regressor,"{'kernel': 'rbf', 'gamma': 0.0001, 'C': 1}",0.05989322317441108,0.1635534555848069,1.393025564153141,0.2447309199394533,31.62286258371078
408,BA47_70:30_MinMax_window3_KPCA_95,Support Vector Regressor,"{'kernel': 'linear', 'gamma': 1, 'C': 100}",0.0484135526626783,0.129151534073663,1.283693261301582,0.220030799350178,25.36559650380275
409,BA47_70:30_MinMax_window3_KPCA_90,Decision Tree Regressor,"{'splitter': 'best', 'min_samples_split': 10, 'min_samples_leaf': 2, 'min_impurity_decrease': 0.01, 'max_leaf_nodes': 20, 'max_features': None, 'max_depth': 14, 'criterion': 'friedman_mse', 'ccp_alpha': 0.0}",0.05863607043408339,0.1395060220612029,1.424711814541688,0.2421488600718232,26.58856900232968
410,BA47_70:30_MinMax_window3_KPCA_95,Decision Tree Regressor,"{'splitter': 'best', 'min_samples_split': 10, 'min_samples_leaf': 2, 'min_impurity_decrease': 0.01, 'max_leaf_nodes': 20, 'max_features': None, 'max_depth': 14, 'criterion': 'friedman_mse', 'ccp_alpha': 0.0}",0.05863607043408339,0.1395060220612029,1.424711814541688,0.2421488600718232,26.58856900232968
411,BA47_70:30_MinMax_window3_KPCA_90,K-Neighbors Regressor,"{'weights': 'distance', 'n_neighbors': 1}",0.0794710481467307,0.1584865659946354,1.599967183386983,0.2819060981013549,27.94282831197485
412,BA47_70:30_MinMax_window3_KPCA_95,K-Neighbors Regressor,"{'weights': 'uniform', 'n_neighbors': 1}",0.08030923590844838,0.1655735629950491,1.546485328485644,0.2833888422440947,28.96757901233943
413,BA47_70:30_MinMax_window3_KPCA_90,Stochastic Gradient Descent Regressor,"{'tol': 1e-05, 'power_t': 0.5, 'penalty': 'l2', 'max_iter': 1000, 'loss': 'squared_loss', 'learning_rate': 'constant', 'l1_ratio': 0, 'fit_intercept': True, 'eta0': 0.001, 'alpha': 0.01}",0.04535182104352208,0.1227867387802354,1.232294739965326,0.2129596699929873,24.88865037272765
414,BA47_70:30_MinMax_window3_KPCA_95,Stochastic Gradient Descent Regressor,"{'tol': 1e-05, 'power_t': 0.5, 'penalty': 'l2', 'max_iter': 1000, 'loss': 'squared_loss', 'learning_rate': 'constant', 'l1_ratio': 0, 'fit_intercept': True, 'eta0': 0.001, 'alpha': 0.01}",0.05311266471127245,0.1408622325942571,1.306962496974057,0.2304618508805144,28.74558768725772
415,BA47_70:30_MinMax_window3_KPCA_90,Voting Regressor,"{'rf__n_estimators': 50, 'gb__n_estimators': 50}",0.05480290474992824,0.1362663846676322,1.370630847539322,0.234100202370541,26.85803945067036
416,BA47_70:30_MinMax_window3_KPCA_95,Voting Regressor,"{'rf__n_estimators': 100, 'gb__n_estimators': 10}",0.0537431560805981,0.1381492807053857,1.354240350879369,0.2318257019413467,27.35894372480637
417,BA47_70:30_MinMax_window3_KPCA_90,Stacking Regressor,{'final_estimator': RandomForestRegressor(random_state=42)},0.04788222505723044,0.1515557777026325,1.23088470880763,0.2188200746212066,29.96372445163075
418,BA47_70:30_MinMax_window3_KPCA_95,Stacking Regressor,{'final_estimator': LinearSVR(random_state=42)},0.04701902777969352,0.1402918004715599,1.222863870600509,0.2168387137475537,28.25125200645364
419,BA47_70:30_MinMax_window3_KPCA_90,Gradient Boosting Regressor,"{'n_estimators': 50, 'min_samples_split': 2, 'min_samples_leaf': 2, 'min_impurity_decrease': 0, 'max_leaf_nodes': 15, 'max_features': 'log2', 'max_depth': 20, 'learning_rate': 0.05}",0.05826700863327802,0.1482019798959517,1.413983021228212,0.2413856015450756,28.89624288063163
420,BA47_70:30_MinMax_window3_KPCA_95,Gradient Boosting Regressor,"{'n_estimators': 50, 'min_samples_split': 2, 'min_samples_leaf': 2, 'min_impurity_decrease': 0, 'max_leaf_nodes': 15, 'max_features': 'log2', 'max_depth': 20, 'learning_rate': 0.05}",0.0576852460106272,0.1459195483924369,1.409126055928135,0.2401775301951188,28.62443379781025
421,BA47_70:30_MinMax_window3_KPCA_90,Random Forest Regressor,"{'n_estimators': 10, 'min_samples_split': 2, 'min_samples_leaf': 2, 'max_depth': None}",0.05864435883990018,0.151807845114108,1.379913393467147,0.2421659737450746,29.32038848469162
422,BA47_70:30_MinMax_window3_KPCA_95,Random Forest Regressor,"{'n_estimators': 100, 'min_samples_split': 5, 'min_samples_leaf': 2, 'max_depth': None}",0.05668114649474912,0.1452951411190099,1.382344677240241,0.2380780260644588,28.15857172090881
423,BA47_70:30_MinMax_window3_KPCA_90,AdaBoostRegressor,"{'n_estimators': 250, 'loss': 'exponential', 'learning_rate': 0.01}",0.05700208640125029,0.1420664932461579,1.389657232677677,0.2387510971728723,27.54113702852483
424,BA47_70:30_MinMax_window3_KPCA_95,AdaBoostRegressor,"{'n_estimators': 100, 'loss': 'linear', 'learning_rate': 0.1}",0.06044988857564605,0.1423371959308086,1.428384492631226,0.2458655904669176,27.02862308978686
425,BA47_70:30_MinMax_window3_KPCA_90,BaggingRegressor,"{'n_estimators': 30, 'max_samples': 0.9, 'max_features': 0.7000000000000001}",0.05692833917967938,0.1492084773436706,1.377287294256909,0.238596603453778,29.17623343413727
426,BA47_70:30_MinMax_window3_KPCA_95,BaggingRegressor,"{'n_estimators': 60, 'max_samples': 1.0, 'max_features': 0.6}",0.05716062069912854,0.1483322388350397,1.381590555008128,0.2390828741234481,29.08704957171673
427,BA47_70:30_MinMax_window3_KPCA_90,ExtraTreesRegressor,"{'n_estimators': 10, 'min_samples_split': 2, 'min_samples_leaf': 2, 'max_depth': None}",0.064506460239381,0.1564067963552444,1.486032771177418,0.2539812202494133,29.71389947855374
428,BA47_70:30_MinMax_window3_KPCA_95,ExtraTreesRegressor,"{'n_estimators': 100, 'min_samples_split': 5, 'min_samples_leaf': 2, 'max_depth': None}",0.06170138708553363,0.1440729592933038,1.45850892865689,0.2483976390498381,27.98397895568347
429,BA47_70:30_MinMax_window3_KPCA_90,XGBoost Regressor,"{'subsample': 0.9, 'reg_lambda': 0.1, 'reg_alpha': 0.5, 'n_estimators': 600, 'min_child_weight': 5, 'max_depth': 10, 'learning_rate': 0.1, 'gamma': 0.1, 'colsample_bytree': 0.7}",0.05221256431542556,0.1654377653458955,1.233223104984405,0.2285006877788895,32.42236033105063
430,BA47_70:30_MinMax_window3_KPCA_95,XGBoost Regressor,"{'subsample': 0.9, 'reg_lambda': 0.1, 'reg_alpha': 0.5, 'n_estimators': 600, 'min_child_weight': 5, 'max_depth': 10, 'learning_rate': 0.1, 'gamma': 0.1, 'colsample_bytree': 0.7}",0.04948103017988556,0.1613446083530265,1.196622838733848,0.2224433190273099,31.92145292128419
431,BA47_70:30_MinMax_window3_KPCA_90,Multilayer Perceptron,"{'module__num_units': 20, 'module__activation_func': ReLU(), 'lr': 0.05}",0.1143805608153343,0.2474515736103058,1.664409041404724,0.3382019527077487,43.51267516613007
432,BA47_70:30_MinMax_window3_KPCA_95,Multilayer Perceptron,"{'module__num_units': 20, 'module__activation_func': ReLU(), 'lr': 0.1}",0.08819790929555893,0.1953361481428146,1.606269359588623,0.2969813281934723,34.84745025634766
433,BA47_70:30_MinMax_window3_KPCA_90,Long Short-Term Memory Network,"{'module__num_layers': 1, 'module__hidden_size': 25, 'max_epochs': 20, 'lr': 0.1, 'batch_size': 16}",0.06867848336696625,0.1620140224695206,0.6730981469154358,0.2620657996896318,26.77874863147736
434,BA47_70:30_MinMax_window3_KPCA_95,Long Short-Term Memory Network,"{'module__num_layers': 1, 'module__hidden_size': 75, 'max_epochs': 30, 'lr': 0.1, 'batch_size': 16}",0.0479234978556633,0.1118385940790176,0.5450823903083801,0.2189143619218787,20.26525139808655
435,BA47_70:30_MinMax_window3_KPCA_90,Convolutional neural network,{},0.1192453876137733,0.254269540309906,1.631662487983704,0.3453192546235633,43.65813136100769
436,BA47_70:30_MinMax_window3_KPCA_95,Convolutional neural network,{},0.2984325885772705,0.3594866693019867,1.96848201751709,0.5462898393502029,52.74872779846191
437,BA47_60:40_MinMax_window3_KPCA_90,Linear Regressor,{},0.04000674610406073,0.1158203960128188,1.22911721571609,0.2000168645491193,23.84267862627098
438,BA47_60:40_MinMax_window3_KPCA_95,Linear Regressor,{},0.03907460257366401,0.1136154213718629,1.218614462923644,0.197672968748041,23.39720696724434
439,BA47_60:40_MinMax_window3_KPCA_90,Support Vector Regressor,"{'kernel': 'linear', 'gamma': 1, 'C': 100}",0.02913590898816819,0.125153635182837,0.8079935754480956,0.1706924397510569,25.61073247514451
440,BA47_60:40_MinMax_window3_KPCA_95,Support Vector Regressor,"{'kernel': 'rbf', 'gamma': 0.0001, 'C': 100}",0.03654206845740166,0.1310157100379258,1.193400028527893,0.1911597982249449,26.37986856620547
441,BA47_60:40_MinMax_window3_KPCA_90,Decision Tree Regressor,"{'splitter': 'best', 'min_samples_split': 10, 'min_samples_leaf': 2, 'min_impurity_decrease': 0.01, 'max_leaf_nodes': 20, 'max_features': None, 'max_depth': 14, 'criterion': 'friedman_mse', 'ccp_alpha': 0.0}",0.08033955189997374,0.1725177955108849,1.569699396556588,0.2834423255266823,30.32964991164852
442,BA47_60:40_MinMax_window3_KPCA_95,Decision Tree Regressor,"{'splitter': 'best', 'min_samples_split': 2, 'min_samples_leaf': 1, 'min_impurity_decrease': 0.1, 'max_leaf_nodes': 10, 'max_features': 'sqrt', 'max_depth': 7, 'criterion': 'friedman_mse', 'ccp_alpha': 0.0}",0.07724027268408977,0.1733781194039651,1.53765258576544,0.2779213426206951,30.6576546956119
443,BA47_60:40_MinMax_window3_KPCA_90,K-Neighbors Regressor,"{'weights': 'uniform', 'n_neighbors': 1}",0.06120724238174372,0.1398916709326462,1.388247518972009,0.2474009749005523,24.78084859894301
444,BA47_60:40_MinMax_window3_KPCA_95,K-Neighbors Regressor,"{'weights': 'uniform', 'n_neighbors': 1}",0.06119876998874144,0.1400266421737474,1.389543473150571,0.2473838515116568,24.8237687736973
445,BA47_60:40_MinMax_window3_KPCA_90,Stochastic Gradient Descent Regressor,"{'tol': 0.001, 'power_t': 0.25, 'penalty': 'none', 'max_iter': 1000, 'loss': 'huber', 'learning_rate': 'adaptive', 'l1_ratio': 0.7, 'fit_intercept': True, 'eta0': 0.001, 'alpha': 0.01}",0.8086272238144006,0.7072299162563563,2.304271597381245,0.8992370231559644,118.7229360898867
446,BA47_60:40_MinMax_window3_KPCA_95,Stochastic Gradient Descent Regressor,"{'tol': 0.0001, 'power_t': 0.5, 'penalty': 'l1', 'max_iter': 1000, 'loss': 'squared_loss', 'learning_rate': 'adaptive', 'l1_ratio': 0.15, 'fit_intercept': True, 'eta0': 0.001, 'alpha': 0.001}",0.03532664594051049,0.1048968313675564,1.140652235447861,0.1879538399195677,23.0082456474347
447,BA47_60:40_MinMax_window3_KPCA_90,Voting Regressor,"{'rf__n_estimators': 10, 'gb__n_estimators': 100}",0.0520916626925757,0.1279765056686235,1.366970018456912,0.2282359802760636,24.84791522305992
448,BA47_60:40_MinMax_window3_KPCA_95,Voting Regressor,"{'rf__n_estimators': 50, 'gb__n_estimators': 10}",0.04530497696439843,0.125414378281398,1.28017528488641,0.2128496581261018,24.96152847804927
449,BA47_60:40_MinMax_window3_KPCA_90,Stacking Regressor,{'final_estimator': LinearSVR(random_state=42)},0.03577590325310855,0.1074193864310488,1.151520203632777,0.1891451909330727,22.21950755272465
450,BA47_60:40_MinMax_window3_KPCA_95,Stacking Regressor,{'final_estimator': LinearSVR(random_state=42)},0.04228271942426,0.1164861365816433,1.242555747244803,0.2056276232033527,25.47366266223805
451,BA47_60:40_MinMax_window3_KPCA_90,Gradient Boosting Regressor,"{'n_estimators': 100, 'min_samples_split': 2, 'min_samples_leaf': 2, 'min_impurity_decrease': 0, 'max_leaf_nodes': 20, 'max_features': 'sqrt', 'max_depth': 30, 'learning_rate': 0.5}",0.06470720247948647,0.1390424096929045,1.448519650549244,0.2543761043798856,26.02309444342324
452,BA47_60:40_MinMax_window3_KPCA_95,Gradient Boosting Regressor,"{'n_estimators': 200, 'min_samples_split': 2, 'min_samples_leaf': 10, 'min_impurity_decrease': 0, 'max_leaf_nodes': 5, 'max_features': 'log2', 'max_depth': 30, 'learning_rate': 0.1}",0.0426215961118532,0.1221650904190383,1.264885645703349,0.2064499845285855,24.88835064664134
453,BA47_60:40_MinMax_window3_KPCA_90,Random Forest Regressor,"{'n_estimators': 10, 'min_samples_split': 2, 'min_samples_leaf': 4, 'max_depth': 30}",0.05417716320900078,0.1306820045473237,1.398648044718633,0.2327598831607388,24.77049391205381
454,BA47_60:40_MinMax_window3_KPCA_95,Random Forest Regressor,"{'n_estimators': 50, 'min_samples_split': 2, 'min_samples_leaf': 4, 'max_depth': 20}",0.04780641443328,0.1234803605734705,1.335681496623569,0.2186467800661148,23.97780489840932
455,BA47_60:40_MinMax_window3_KPCA_90,AdaBoostRegressor,"{'n_estimators': 50, 'loss': 'linear', 'learning_rate': 0.01}",0.06832013453851622,0.146610718888276,1.502854785916544,0.2613812054041305,26.98495777986457
456,BA47_60:40_MinMax_window3_KPCA_95,AdaBoostRegressor,"{'n_estimators': 50, 'loss': 'exponential', 'learning_rate': 0.01}",0.05649813426812495,0.1432373726939399,1.398147473686284,0.2376933618511989,27.15976315496233
457,BA47_60:40_MinMax_window3_KPCA_90,BaggingRegressor,"{'n_estimators': 80, 'max_samples': 0.7000000000000001, 'max_features': 0.1}",0.05227417823963018,0.165796527864234,1.242099477159969,0.2286354702132418,31.86322083028861
458,BA47_60:40_MinMax_window3_KPCA_95,BaggingRegressor,"{'n_estimators': 80, 'max_samples': 0.7000000000000001, 'max_features': 0.1}",0.05941040493420277,0.1782991819975389,1.292044852304271,0.2437424971854575,33.4959209641037
459,BA47_60:40_MinMax_window3_KPCA_90,ExtraTreesRegressor,"{'n_estimators': 50, 'min_samples_split': 2, 'min_samples_leaf': 4, 'max_depth': 20}",0.0469037840326648,0.1221206698503866,1.324062214707066,0.2165728146205446,23.70542299097614
460,BA47_60:40_MinMax_window3_KPCA_95,ExtraTreesRegressor,"{'n_estimators': 50, 'min_samples_split': 2, 'min_samples_leaf': 4, 'max_depth': 20}",0.0484356857692475,0.1262263730871404,1.346729166766137,0.2200810890768389,24.43081783679675
461,BA47_60:40_MinMax_window3_KPCA_90,XGBoost Regressor,"{'subsample': 0.9, 'reg_lambda': 0.1, 'reg_alpha': 0.5, 'n_estimators': 600, 'min_child_weight': 5, 'max_depth': 10, 'learning_rate': 0.1, 'gamma': 0.1, 'colsample_bytree': 0.7}",0.04767229408049341,0.1413554058763955,1.273888781419403,0.21833985911989,27.75667499498661
462,BA47_60:40_MinMax_window3_KPCA_95,XGBoost Regressor,"{'subsample': 0.9, 'reg_lambda': 0.1, 'reg_alpha': 0.5, 'n_estimators': 600, 'min_child_weight': 5, 'max_depth': 10, 'learning_rate': 0.1, 'gamma': 0.1, 'colsample_bytree': 0.7}",0.05193733463458277,0.144132618204037,1.303468382476146,0.2278976406955166,27.78202864546131
463,BA47_60:40_MinMax_window3_KPCA_90,Multilayer Perceptron,"{'module__num_units': 20, 'module__activation_func': Tanh(), 'lr': 0.1}",0.06508120149374008,0.1684978306293488,1.410878539085388,0.2551101752062039,30.87054193019867
464,BA47_60:40_MinMax_window3_KPCA_95,Multilayer Perceptron,"{'module__num_units': 10, 'module__activation_func': Tanh(), 'lr': 0.02}",0.1827818006277084,0.3086450397968292,1.236154079437256,0.4275298827306793,81.69618844985962
465,BA47_60:40_MinMax_window3_KPCA_90,Long Short-Term Memory Network,"{'module__num_layers': 1, 'module__hidden_size': 25, 'max_epochs': 20, 'lr': 0.1, 'batch_size': 16}",0.06393769383430481,0.1751342117786407,0.5652955174446106,0.2528590394553946,29.17382121086121
466,BA47_60:40_MinMax_window3_KPCA_95,Long Short-Term Memory Network,"{'module__num_layers': 1, 'module__hidden_size': 75, 'max_epochs': 30, 'lr': 0.1, 'batch_size': 16}",0.04386447370052338,0.1122491359710693,0.4656801223754883,0.2094384723505292,21.18023633956909
467,BA47_60:40_MinMax_window3_KPCA_90,Convolutional neural network,{},651.591796875,18.70164680480957,47.46717834472656,25.52629618403344,180.9439301490784
468,BA47_60:40_MinMax_window3_KPCA_95,Convolutional neural network,{},0.1602295190095901,0.313433051109314,1.933306455612183,0.4002867959470936,59.04961228370667
469,BA47_80:20_Log_window3_KPCA_90,Linear Regressor,{},0.5571122454997858,0.3290837317365065,0.5893408455031428,0.746399521368942,16.50080709725727
470,BA47_80:20_Log_window3_KPCA_95,Linear Regressor,{},0.5836818109352441,0.3127148779822719,0.6026950289361571,0.7639907139064218,15.77144523923839
471,BA47_80:20_Log_window3_KPCA_90,Support Vector Regressor,"{'kernel': 'linear', 'gamma': 1, 'C': 100}",0.5646529366000502,0.3309245247940419,0.5969946655539998,0.7514339203150535,16.53076893417346
472,BA47_80:20_Log_window3_KPCA_95,Support Vector Regressor,"{'kernel': 'linear', 'gamma': 1, 'C': 100}",0.5677062058447513,0.3292547508300001,0.5989127046389008,0.7534628098617419,16.45574075680141
473,BA47_80:20_Log_window3_KPCA_90,Decision Tree Regressor,"{'splitter': 'best', 'min_samples_split': 10, 'min_samples_leaf': 2, 'min_impurity_decrease': 0.01, 'max_leaf_nodes': 20, 'max_features': None, 'max_depth': 14, 'criterion': 'friedman_mse', 'ccp_alpha': 0.0}",0.5886589029332243,0.3683687787069905,0.6141325627803086,0.7672410983082334,17.85899095725848
474,BA47_80:20_Log_window3_KPCA_95,Decision Tree Regressor,"{'splitter': 'best', 'min_samples_split': 10, 'min_samples_leaf': 2, 'min_impurity_decrease': 0.01, 'max_leaf_nodes': 20, 'max_features': None, 'max_depth': 14, 'criterion': 'friedman_mse', 'ccp_alpha': 0.0}",0.5886589029332243,0.3683687787069905,0.6141325627803086,0.7672410983082334,17.85899095725848
475,BA47_80:20_Log_window3_KPCA_90,K-Neighbors Regressor,"{'weights': 'uniform', 'n_neighbors': 2}",0.6282929291693214,0.3827431086573007,0.6381974897211931,0.7926493103317012,18.28094413172941
476,BA47_80:20_Log_window3_KPCA_95,K-Neighbors Regressor,"{'weights': 'uniform', 'n_neighbors': 2}",0.6419664416101313,0.3793339254216923,0.6401545357085263,0.8012280833883266,18.06082679981165
477,BA47_80:20_Log_window3_KPCA_90,Stochastic Gradient Descent Regressor,"{'tol': 1e-05, 'power_t': 0.75, 'penalty': 'l1', 'max_iter': 1000, 'loss': 'huber', 'learning_rate': 'invscaling', 'l1_ratio': 0, 'fit_intercept': True, 'eta0': 0.01, 'alpha': 0.01}",5.770264953402267,1.786370639442685,0.905221698236852,2.402137580032057,78.98542683165894
478,BA47_80:20_Log_window3_KPCA_95,Stochastic Gradient Descent Regressor,"{'tol': 1e-05, 'power_t': 0.75, 'penalty': 'l1', 'max_iter': 1000, 'loss': 'huber', 'learning_rate': 'invscaling', 'l1_ratio': 0, 'fit_intercept': True, 'eta0': 0.01, 'alpha': 0.01}",6.30241379273137,2.43635939263768,1.001783721084132,2.510460872575267,173.8949150152836
479,BA47_80:20_Log_window3_KPCA_90,Voting Regressor,"{'rf__n_estimators': 50, 'gb__n_estimators': 200}",0.5897739999535699,0.351050137262519,0.6089806787466875,0.7679674471965396,17.21938146302696
480,BA47_80:20_Log_window3_KPCA_95,Voting Regressor,"{'rf__n_estimators': 100, 'gb__n_estimators': 200}",0.5982271100977514,0.3445360015796525,0.6133209847854537,0.7734514271095189,16.92896981904583
481,BA47_80:20_Log_window3_KPCA_90,Stacking Regressor,{'final_estimator': RandomForestRegressor(random_state=42)},0.5673362959913755,0.3568709883390723,0.5994069539090118,0.7532172966623745,17.60470564064571
482,BA47_80:20_Log_window3_KPCA_95,Stacking Regressor,{'final_estimator': RandomForestRegressor(random_state=42)},0.594137320691759,0.3538399458924584,0.615965863764205,0.7708030362497017,17.38849916325084
483,BA47_80:20_Log_window3_KPCA_90,Gradient Boosting Regressor,"{'n_estimators': 100, 'min_samples_split': 2, 'min_samples_leaf': 2, 'min_impurity_decrease': 0, 'max_leaf_nodes': 20, 'max_features': 'sqrt', 'max_depth': 30, 'learning_rate': 0.5}",0.6116409231183072,0.3818336344793442,0.6147326023762084,0.782074755453919,18.29086160451546
484,BA47_80:20_Log_window3_KPCA_95,Gradient Boosting Regressor,"{'n_estimators': 100, 'min_samples_split': 2, 'min_samples_leaf': 2, 'min_impurity_decrease': 0, 'max_leaf_nodes': 20, 'max_features': 'sqrt', 'max_depth': 30, 'learning_rate': 0.5}",0.60577393445362,0.4229768509831224,0.6028621531859975,0.7783148042107513,19.89119695134091
485,BA47_80:20_Log_window3_KPCA_90,Random Forest Regressor,"{'n_estimators': 100, 'min_samples_split': 5, 'min_samples_leaf': 2, 'max_depth': None}",0.6011786832663197,0.3617684595624761,0.6159661389911854,0.7753571327242175,17.6030467948363
486,BA47_80:20_Log_window3_KPCA_95,Random Forest Regressor,"{'n_estimators': 100, 'min_samples_split': 5, 'min_samples_leaf': 4, 'max_depth': 10}",0.5990767601700526,0.3704315318016765,0.616960977634064,0.7740004910657697,17.96527535373821
487,BA47_80:20_Log_window3_KPCA_90,AdaBoostRegressor,"{'n_estimators': 200, 'loss': 'square', 'learning_rate': 0.01}",0.6170308977843502,0.370004655692372,0.6236574649584318,0.7855131429736553,17.79690777099726
488,BA47_80:20_Log_window3_KPCA_95,AdaBoostRegressor,"{'n_estimators': 200, 'loss': 'linear', 'learning_rate': 0.1}",0.6166039487764446,0.3706099626013371,0.6236922232173248,0.785241331551291,17.81931650712648
489,BA47_80:20_Log_window3_KPCA_90,BaggingRegressor,"{'n_estimators': 60, 'max_samples': 1.0, 'max_features': 0.6}",0.5795268577459554,0.3707785285260347,0.6077818363068195,0.7612666141017583,18.03598296209959
490,BA47_80:20_Log_window3_KPCA_95,BaggingRegressor,"{'n_estimators': 100, 'max_samples': 1.0, 'max_features': 0.6}",0.5898471796886336,0.3629453006919038,0.6081738045534889,0.7680150907948577,17.70114487090571
491,BA47_80:20_Log_window3_KPCA_90,ExtraTreesRegressor,"{'n_estimators': 10, 'min_samples_split': 2, 'min_samples_leaf': 2, 'max_depth': None}",0.5771555028043581,0.3492862987260807,0.6145034140446629,0.7597075113518085,17.16743854293527
492,BA47_80:20_Log_window3_KPCA_95,ExtraTreesRegressor,"{'n_estimators': 10, 'min_samples_split': 2, 'min_samples_leaf': 2, 'max_depth': None}",0.60549910311599,0.358730523732171,0.6251303819886324,0.7781382287974226,17.42388795275356
493,BA47_80:20_Log_window3_KPCA_90,XGBoost Regressor,"{'subsample': 0.9, 'reg_lambda': 1.0, 'reg_alpha': 0, 'n_estimators': 100, 'min_child_weight': 5, 'max_depth': 3, 'learning_rate': 0.1, 'gamma': 0.2, 'colsample_bytree': 1.0}",0.5902369165733402,0.3987376779791368,0.6155327728130009,0.7682687788614999,19.08593426789971
494,BA47_80:20_Log_window3_KPCA_95,XGBoost Regressor,"{'subsample': 0.9, 'reg_lambda': 1.0, 'reg_alpha': 0, 'n_estimators': 100, 'min_child_weight': 5, 'max_depth': 3, 'learning_rate': 0.1, 'gamma': 0.2, 'colsample_bytree': 1.0}",0.5902369165733402,0.3987376779791368,0.6155327728130009,0.7682687788614999,19.08593426789971
495,BA47_80:20_Log_window3_KPCA_90,Multilayer Perceptron,"{'module__num_units': 20, 'module__activation_func': Tanh(), 'lr': 0.1}",0.645608127117157,0.4758868813514709,0.6332888007164001,0.8034974344185282,21.82567119598389
496,BA47_80:20_Log_window3_KPCA_95,Multilayer Perceptron,"{'module__num_units': 20, 'module__activation_func': Tanh(), 'lr': 0.1}",0.6353752017021179,0.4519645273685455,0.6123785972595215,0.7971042602458714,20.96536606550217
497,BA47_80:20_Log_window3_KPCA_90,Long Short-Term Memory Network,"{'module__num_layers': 1, 'module__hidden_size': 25, 'max_epochs': 20, 'lr': 0.1, 'batch_size': 16}",0.3540653586387634,0.4510670304298401,0.241892084479332,0.595033913855978,19.99423801898956
498,BA47_80:20_Log_window3_KPCA_95,Long Short-Term Memory Network,"{'module__num_layers': 1, 'module__hidden_size': 75, 'max_epochs': 30, 'lr': 0.1, 'batch_size': 16}",0.3575592935085297,0.4557694792747498,0.252618283033371,0.5979626188220545,19.4838359951973
499,BA47_80:20_Log_window3_KPCA_90,Convolutional neural network,{},0.7193230390548706,0.5023848414421082,0.715366005897522,0.8481291405528233,22.53199219703674
500,BA47_80:20_Log_window3_KPCA_95,Convolutional neural network,{},1.763300657272339,1.014312982559204,0.9068008661270142,1.327893315470915,39.90629017353058
501,BA47_70:30_Log_window3_KPCA_90,Linear Regressor,{},0.5155407986192199,0.3006019845877088,0.5959316637386596,0.7180116981075029,15.26681300847411
502,BA47_70:30_Log_window3_KPCA_95,Linear Regressor,{},0.57239993670042,0.3089059745282263,0.623098472661228,0.7565711709419147,15.64152761325156
503,BA47_70:30_Log_window3_KPCA_90,Support Vector Regressor,"{'kernel': 'rbf', 'gamma': 0.0001, 'C': 1}",0.5861074671617894,0.3624408764294572,0.634969126489633,0.7655765586548411,17.68304446850235
504,BA47_70:30_Log_window3_KPCA_95,Support Vector Regressor,"{'kernel': 'rbf', 'gamma': 0.001, 'C': 1}",0.6052086379682254,0.3512828747260313,0.6422558511581868,0.7779515653099655,17.19722593423507
505,BA47_70:30_Log_window3_KPCA_90,Decision Tree Regressor,"{'splitter': 'best', 'min_samples_split': 5, 'min_samples_leaf': 4, 'min_impurity_decrease': 0.1, 'max_leaf_nodes': 90, 'max_features': None, 'max_depth': 26, 'criterion': 'mae', 'ccp_alpha': 0.0}",0.575800990090811,0.4380556937993376,0.6300519555865471,0.7588155178242014,20.69951706871148
506,BA47_70:30_Log_window3_KPCA_95,Decision Tree Regressor,"{'splitter': 'best', 'min_samples_split': 2, 'min_samples_leaf': 1, 'min_impurity_decrease': 0.1, 'max_leaf_nodes': 10, 'max_features': 'sqrt', 'max_depth': 7, 'criterion': 'friedman_mse', 'ccp_alpha': 0.0}",0.603777474946252,0.4116583405529448,0.592939721306898,0.7770311930329773,19.69036863751031
507,BA47_70:30_Log_window3_KPCA_90,K-Neighbors Regressor,"{'weights': 'uniform', 'n_neighbors': 1}",0.6520119557421463,0.3562401832676504,0.6528513603018125,0.8074725727491593,17.06148773715685
508,BA47_70:30_Log_window3_KPCA_95,K-Neighbors Regressor,"{'weights': 'uniform', 'n_neighbors': 1}",0.650000194649359,0.3728212039805108,0.6582529287704293,0.8062258955462538,17.6792617232438
509,BA47_70:30_Log_window3_KPCA_90,Stochastic Gradient Descent Regressor,"{'tol': 1e-05, 'power_t': 0.75, 'penalty': 'elasticnet', 'max_iter': 3000, 'loss': 'huber', 'learning_rate': 'optimal', 'l1_ratio': 1, 'fit_intercept': False, 'eta0': 0.001, 'alpha': 0.01}",6.584463596161395,2.490098854855686,1.0,2.566020965651176,200.0
510,BA47_70:30_Log_window3_KPCA_95,Stochastic Gradient Descent Regressor,"{'tol': 0.0001, 'power_t': 0.25, 'penalty': 'elasticnet', 'max_iter': 2000, 'loss': 'huber', 'learning_rate': 'optimal', 'l1_ratio': 0.15, 'fit_intercept': False, 'eta0': 0.01, 'alpha': 0.01}",6.600071993827247,2.500735436565833,0.9995078266471222,2.56906052747444,191.6920275992747
511,BA47_70:30_Log_window3_KPCA_90,Voting Regressor,"{'rf__n_estimators': 10, 'gb__n_estimators': 10}",0.5638222180446911,0.3181798391100712,0.6147129928437718,0.7508809613012513,15.89996211676155
512,BA47_70:30_Log_window3_KPCA_95,Voting Regressor,"{'rf__n_estimators': 10, 'gb__n_estimators': 10}",0.5952748253101019,0.3307481497246637,0.6326323190265714,0.7715405532505093,16.2991249276358
513,BA47_70:30_Log_window3_KPCA_90,Stacking Regressor,{'final_estimator': RandomForestRegressor(random_state=42)},0.5892991315044958,0.4396640718377642,0.6257725089533416,0.767658212686151,20.80013069607098
514,BA47_70:30_Log_window3_KPCA_95,Stacking Regressor,{'final_estimator': RandomForestRegressor(random_state=42)},0.4123402444836489,0.3743354301890379,0.5052027758493444,0.6421372473884761,19.02729388181324
515,BA47_70:30_Log_window3_KPCA_90,Gradient Boosting Regressor,"{'n_estimators': 200, 'min_samples_split': 2, 'min_samples_leaf': 10, 'min_impurity_decrease': 0, 'max_leaf_nodes': 5, 'max_features': 'log2', 'max_depth': 30, 'learning_rate': 0.1}",0.5171917113306,0.3288564746206623,0.5899743561615779,0.7191604211374539,16.44589294808549
516,BA47_70:30_Log_window3_KPCA_95,Gradient Boosting Regressor,"{'n_estimators': 100, 'min_samples_split': 2, 'min_samples_leaf': 2, 'min_impurity_decrease': 0, 'max_leaf_nodes': 20, 'max_features': 'sqrt', 'max_depth': 30, 'learning_rate': 0.5}",0.5968899115508602,0.3852039110905052,0.6078598345095623,0.7725865074869352,18.48797161606008
517,BA47_70:30_Log_window3_KPCA_90,Random Forest Regressor,"{'n_estimators': 10, 'min_samples_split': 2, 'min_samples_leaf': 4, 'max_depth': 30}",0.5910428101782463,0.3396053895665689,0.6280255095819064,0.7687930867133538,16.6262585352971
518,BA47_70:30_Log_window3_KPCA_95,Random Forest Regressor,"{'n_estimators': 10, 'min_samples_split': 2, 'min_samples_leaf': 4, 'max_depth': 30}",0.6163213515826826,0.345081441926505,0.6416983149112998,0.7850613680360807,16.73958241628131
519,BA47_70:30_Log_window3_KPCA_90,AdaBoostRegressor,"{'n_estimators': 100, 'loss': 'square', 'learning_rate': 0.01}",0.6355943549853462,0.3403910351192789,0.6487177361665385,0.7972417167869141,16.53345221329693
520,BA47_70:30_Log_window3_KPCA_95,AdaBoostRegressor,"{'n_estimators': 50, 'loss': 'linear', 'learning_rate': 0.01}",0.6471371090984177,0.3474285914516837,0.6530963463276759,0.8044483259342502,16.770628410017
521,BA47_70:30_Log_window3_KPCA_90,BaggingRegressor,"{'n_estimators': 80, 'max_samples': 0.7000000000000001, 'max_features': 0.1}",0.554892135316785,0.3995008249175032,0.6075876896705226,0.7449108237344824,19.24741021399335
522,BA47_70:30_Log_window3_KPCA_95,BaggingRegressor,"{'n_estimators': 80, 'max_samples': 0.7000000000000001, 'max_features': 0.1}",0.5395805856740954,0.3884607221491984,0.6032779791466684,0.7345614920985821,18.87749712597005
523,BA47_70:30_Log_window3_KPCA_90,ExtraTreesRegressor,"{'n_estimators': 100, 'min_samples_split': 5, 'min_samples_leaf': 2, 'max_depth': None}",0.5533140308679403,0.3155490206177019,0.6138533609694004,0.7438508122385431,15.76978311526029
524,BA47_70:30_Log_window3_KPCA_95,ExtraTreesRegressor,"{'n_estimators': 10, 'min_samples_split': 2, 'min_samples_leaf': 2, 'max_depth': None}",0.5887265909665684,0.3368830260805515,0.6363754460695211,0.7672852083590355,16.5625837003391
525,BA47_70:30_Log_window3_KPCA_90,XGBoost Regressor,"{'subsample': 0.8, 'reg_lambda': 0.5, 'reg_alpha': 1.0, 'n_estimators': 600, 'min_child_weight': 5, 'max_depth': 8, 'learning_rate': 0.2, 'gamma': 0.1, 'colsample_bytree': 0.7}",0.5454570778054874,0.3636526000295392,0.6098324653552993,0.7385506602836988,17.83098115787155
526,BA47_70:30_Log_window3_KPCA_95,XGBoost Regressor,"{'subsample': 0.9, 'reg_lambda': 1.0, 'reg_alpha': 0, 'n_estimators': 100, 'min_child_weight': 5, 'max_depth': 3, 'learning_rate': 0.1, 'gamma': 0.2, 'colsample_bytree': 1.0}",0.5772625751375634,0.3604456954666368,0.6268188464909228,0.7597779775286747,17.56198123139326
527,BA47_70:30_Log_window3_KPCA_90,Multilayer Perceptron,"{'module__num_units': 20, 'module__activation_func': Tanh(), 'lr': 0.1}",0.6410868167877197,0.4156483709812164,0.6669223308563232,0.8006789723651544,19.50695812702179
528,BA47_70:30_Log_window3_KPCA_95,Multilayer Perceptron,"{'module__num_units': 20, 'module__activation_func': Tanh(), 'lr': 0.1}",0.627170205116272,0.412813276052475,0.6569355726242065,0.7919407838445195,19.50479447841644
529,BA47_70:30_Log_window3_KPCA_90,Long Short-Term Memory Network,"{'module__num_layers': 1, 'module__hidden_size': 25, 'max_epochs': 20, 'lr': 0.1, 'batch_size': 16}",0.3649336099624634,0.3935155272483826,0.2268485277891159,0.6040973513950076,16.58695191144943
530,BA47_70:30_Log_window3_KPCA_95,Long Short-Term Memory Network,"{'module__num_layers': 1, 'module__hidden_size': 25, 'max_epochs': 20, 'lr': 0.1, 'batch_size': 16}",0.3865226805210114,0.4190912544727325,0.2454547733068466,0.6217094824120116,17.47120469808578
531,BA47_70:30_Log_window3_KPCA_90,Convolutional neural network,{},1.150006532669067,0.6979745626449585,0.838927149772644,1.072383575344693,28.69414389133453
532,BA47_70:30_Log_window3_KPCA_95,Convolutional neural network,{},1.040117859840393,0.692828357219696,0.8622063994407654,1.019861686622452,29.33171093463898
533,BA47_60:40_Log_window3_KPCA_90,Linear Regressor,{},0.3874259376212871,0.277711473863455,0.2593953539199083,0.6224354887225559,14.13148955516599
534,BA47_60:40_Log_window3_KPCA_95,Linear Regressor,{},0.4287089854629551,0.2854500612082672,0.2737808281008971,0.6547587230903877,14.46699999592231
535,BA47_60:40_Log_window3_KPCA_90,Support Vector Regressor,"{'kernel': 'rbf', 'gamma': 0.0001, 'C': 1}",0.5651775454762853,0.4159950858573704,0.341551467047879,0.7517829111361107,19.1647258127837
536,BA47_60:40_Log_window3_KPCA_95,Support Vector Regressor,"{'kernel': 'rbf', 'gamma': 0.0001, 'C': 1}",0.4939470076701971,0.3711330638482265,0.3120225851379492,0.7028136365141168,17.63560247742182
537,BA47_60:40_Log_window3_KPCA_90,Decision Tree Regressor,"{'splitter': 'random', 'min_samples_split': 5, 'min_samples_leaf': 4, 'min_impurity_decrease': 0.01, 'max_leaf_nodes': 70, 'max_features': 'log2', 'max_depth': 16, 'criterion': 'friedman_mse', 'ccp_alpha': 0.0}",0.4565236439698945,0.3214451307546496,0.2784186702703805,0.6756653342964211,15.14863252482053
538,BA47_60:40_Log_window3_KPCA_95,Decision Tree Regressor,"{'splitter': 'random', 'min_samples_split': 2, 'min_samples_leaf': 2, 'min_impurity_decrease': 0.1, 'max_leaf_nodes': 10, 'max_features': 'auto', 'max_depth': 10, 'criterion': 'friedman_mse', 'ccp_alpha': 0.1}",0.4270169515680203,0.3622185772336949,0.2834112232173736,0.6534653407549786,17.02337332743731
539,BA47_60:40_Log_window3_KPCA_90,K-Neighbors Regressor,"{'weights': 'distance', 'n_neighbors': 2}",0.5209690494891716,0.3100119610220169,0.2943555531777585,0.721781857273492,14.78904257852259
540,BA47_60:40_Log_window3_KPCA_95,K-Neighbors Regressor,"{'weights': 'distance', 'n_neighbors': 2}",0.5622654027774322,0.3400496470061532,0.3151884762603249,0.7498435855412995,16.02276770621748
541,BA47_60:40_Log_window3_KPCA_90,Stochastic Gradient Descent Regressor,"{'tol': 0.0001, 'power_t': 0.5, 'penalty': 'l1', 'max_iter': 1000, 'loss': 'squared_loss', 'learning_rate': 'adaptive', 'l1_ratio': 0.15, 'fit_intercept': True, 'eta0': 0.001, 'alpha': 0.001}",0.3828973449548602,0.2767116045468256,0.2581886651809876,0.6187869948171666,14.18691634597564
542,BA47_60:40_Log_window3_KPCA_95,Stochastic Gradient Descent Regressor,"{'tol': 1e-05, 'power_t': 0.75, 'penalty': 'l1', 'max_iter': 1000, 'loss': 'huber', 'learning_rate': 'invscaling', 'l1_ratio': 0, 'fit_intercept': True, 'eta0': 0.01, 'alpha': 0.01}",10.57364582494973,2.862974126151027,1.28433899826324,3.251714290178295,150.3115720313478
543,BA47_60:40_Log_window3_KPCA_90,Voting Regressor,"{'rf__n_estimators': 200, 'gb__n_estimators': 100}",0.4243254464043574,0.2763843735385458,0.2668991908860667,0.651402676080132,13.81922875595015
544,BA47_60:40_Log_window3_KPCA_95,Voting Regressor,"{'rf__n_estimators': 10, 'gb__n_estimators': 10}",0.4388605566667415,0.2962060538075965,0.2768308380110237,0.6624655135678699,14.73888942185761
545,BA47_60:40_Log_window3_KPCA_90,Stacking Regressor,{'final_estimator': LinearSVR(random_state=42)},0.4833110480804031,0.3323668811171169,0.3016166908981198,0.6952057595276402,16.14035095198482
546,BA47_60:40_Log_window3_KPCA_95,Stacking Regressor,{'final_estimator': GradientBoostingRegressor(random_state=42)},0.5892598663392852,0.4136732487358717,0.3399187290895173,0.7676326376199003,19.1459332113692
547,BA47_60:40_Log_window3_KPCA_90,Gradient Boosting Regressor,"{'n_estimators': 10, 'min_samples_split': 5, 'min_samples_leaf': 5, 'min_impurity_decrease': 1, 'max_leaf_nodes': 20, 'max_features': 'log2', 'max_depth': 10, 'learning_rate': 0.1}",0.4511900567343961,0.3610975982472611,0.3000794451483995,0.6717068234984636,17.27654479975656
548,BA47_60:40_Log_window3_KPCA_95,Gradient Boosting Regressor,"{'n_estimators': 10, 'min_samples_split': 5, 'min_samples_leaf': 5, 'min_impurity_decrease': 1, 'max_leaf_nodes': 20, 'max_features': 'log2', 'max_depth': 10, 'learning_rate': 0.1}",0.4474893353868731,0.3447072709860315,0.2935138340745098,0.6689464368593894,16.65308404700092
549,BA47_60:40_Log_window3_KPCA_90,Random Forest Regressor,"{'n_estimators': 10, 'min_samples_split': 2, 'min_samples_leaf': 2, 'max_depth': None}",0.4824838515874192,0.3343332773187325,0.2969043035593173,0.6946105754935057,15.98525709466136
550,BA47_60:40_Log_window3_KPCA_95,Random Forest Regressor,"{'n_estimators': 10, 'min_samples_split': 2, 'min_samples_leaf': 4, 'max_depth': 30}",0.4984934150718073,0.3320803322959907,0.3022494235198793,0.7060406610612503,15.91558621035964
551,BA47_60:40_Log_window3_KPCA_90,AdaBoostRegressor,"{'n_estimators': 250, 'loss': 'exponential', 'learning_rate': 0.01}",0.4904825931433035,0.3274776709604619,0.2881229692896518,0.7003446245551568,15.48358358807714
552,BA47_60:40_Log_window3_KPCA_95,AdaBoostRegressor,"{'n_estimators': 250, 'loss': 'exponential', 'learning_rate': 0.01}",0.4809951944741241,0.3176609400071045,0.2736314240195569,0.6935381708847208,14.94738398232118
553,BA47_60:40_Log_window3_KPCA_90,BaggingRegressor,"{'n_estimators': 150, 'max_samples': 0.1, 'max_features': 1.0}",0.4880352803483525,0.3515438976830462,0.3053818556037087,0.6985952192424111,16.84089635745302
554,BA47_60:40_Log_window3_KPCA_95,BaggingRegressor,"{'n_estimators': 150, 'max_samples': 0.1, 'max_features': 1.0}",0.4998627873948694,0.346548287698667,0.3066394058143456,0.7070097505656265,16.63607497824453
555,BA47_60:40_Log_window3_KPCA_90,ExtraTreesRegressor,"{'n_estimators': 100, 'min_samples_split': 5, 'min_samples_leaf': 4, 'max_depth': 10}",0.4533818276071195,0.2922028544112446,0.2803732041204817,0.6733363406256337,14.44415422802934
556,BA47_60:40_Log_window3_KPCA_95,ExtraTreesRegressor,"{'n_estimators': 50, 'min_samples_split': 2, 'min_samples_leaf': 4, 'max_depth': 20}",0.4787742030235435,0.2981279218784526,0.2879217289880144,0.691935114749601,14.6871765991547
557,BA47_60:40_Log_window3_KPCA_90,XGBoost Regressor,"{'subsample': 0.8, 'reg_lambda': 0.5, 'reg_alpha': 1.0, 'n_estimators': 600, 'min_child_weight': 5, 'max_depth': 8, 'learning_rate': 0.2, 'gamma': 0.1, 'colsample_bytree': 0.7}",0.4997329523910997,0.3381838440976835,0.3050248354469393,0.7069179247912021,16.26494608117899
558,BA47_60:40_Log_window3_KPCA_95,XGBoost Regressor,"{'subsample': 0.8, 'reg_lambda': 0.5, 'reg_alpha': 1.0, 'n_estimators': 600, 'min_child_weight': 5, 'max_depth': 8, 'learning_rate': 0.2, 'gamma': 0.1, 'colsample_bytree': 0.7}",0.4928849506895238,0.3376698726726424,0.3031278112053828,0.7020576548186935,16.27450736960808
559,BA47_60:40_Log_window3_KPCA_90,Multilayer Perceptron,"{'module__num_units': 20, 'module__activation_func': ReLU(), 'lr': 0.1}",0.5170152187347412,0.3630540668964386,0.3167082965373993,0.7190377032776106,17.15866923332214
560,BA47_60:40_Log_window3_KPCA_95,Multilayer Perceptron,"{'module__num_units': 10, 'module__activation_func': Tanh(), 'lr': 0.02}",0.6585911512374878,0.6216625571250916,0.3642781674861908,0.8115362907704669,30.89363276958466
561,BA47_60:40_Log_window3_KPCA_90,Long Short-Term Memory Network,"{'module__num_layers': 1, 'module__hidden_size': 25, 'max_epochs': 20, 'lr': 0.1, 'batch_size': 16}",0.255151242017746,0.3226439952850342,0.1789292991161346,0.5051249766322647,13.65553587675095
562,BA47_60:40_Log_window3_KPCA_95,Long Short-Term Memory Network,"{'module__num_layers': 1, 'module__hidden_size': 75, 'max_epochs': 30, 'lr': 0.1, 'batch_size': 16}",0.3120464086532593,0.3639436364173889,0.1825496852397919,0.5586111426146629,15.60633480548859
563,BA47_60:40_Log_window3_KPCA_90,Convolutional neural network,{},0.7717438340187073,0.4926228523254395,0.3927153348922729,0.8784895184455573,21.25300765037537
564,BA47_60:40_Log_window3_KPCA_95,Convolutional neural network,{},6.274982452392578,1.799331545829773,1.001417875289917,2.504991507449192,63.19931149482727
565,BA47_80:20_MinMax_window3_Isomap_90,Linear Regressor,{},0.1386605782654949,0.3124623015815098,0.4461094991200826,0.3723715594208222,45.21348982288622
566,BA47_80:20_MinMax_window3_Isomap_90,Support Vector Regressor,"{'kernel': 'linear', 'gamma': 1, 'C': 100}",0.2614442432257155,0.4502808869629101,0.6669252999199307,0.5113161871344536,73.18484883132771
567,BA47_80:20_MinMax_window3_Isomap_90,Decision Tree Regressor,"{'splitter': 'best', 'min_samples_split': 5, 'min_samples_leaf': 4, 'min_impurity_decrease': 0.1, 'max_leaf_nodes': 90, 'max_features': None, 'max_depth': 26, 'criterion': 'mae', 'ccp_alpha': 0.0}",0.02882234164840508,0.1346358438386558,0.1782026335640415,0.1697714394366882,19.23936576403386
568,BA47_80:20_MinMax_window3_Isomap_90,K-Neighbors Regressor,"{'weights': 'uniform', 'n_neighbors': 9}",0.01090535678053611,0.07390713395794944,0.09149617717082771,0.1044287162639478,9.876851961544606
569,BA47_80:20_MinMax_window3_Isomap_90,Stochastic Gradient Descent Regressor,"{'tol': 0.0001, 'power_t': 0.25, 'penalty': 'elasticnet', 'max_iter': 3000, 'loss': 'squared_loss', 'learning_rate': 'optimal', 'l1_ratio': 0, 'fit_intercept': True, 'eta0': 0.001, 'alpha': 1}",0.03888848602406704,0.1453186898624627,0.1829783001449187,0.1972016379852537,21.15238409933173
570,BA47_80:20_MinMax_window3_Isomap_90,Voting Regressor,"{'rf__n_estimators': 10, 'gb__n_estimators': 100}",0.03009486196301656,0.1390092279535671,0.1882660894529745,0.1734787075205962,20.1994281026552
571,BA47_80:20_MinMax_window3_Isomap_90,Stacking Regressor,{'final_estimator': RandomForestRegressor(random_state=42)},0.03685062537114835,0.1438073095156766,0.1848184087459747,0.1919651670776455,21.70756414417034
572,BA47_80:20_MinMax_window3_Isomap_90,Gradient Boosting Regressor,"{'n_estimators': 10, 'min_samples_split': 10, 'min_samples_leaf': 10, 'min_impurity_decrease': 2, 'max_leaf_nodes': 10, 'max_features': 'sqrt', 'max_depth': None, 'learning_rate': 0.05}",0.03361688533772896,0.1416382993051394,0.1822977193612817,0.1833490805478145,20.34104848729243
573,BA47_80:20_MinMax_window3_Isomap_90,Random Forest Regressor,"{'n_estimators': 10, 'min_samples_split': 10, 'min_samples_leaf': 2, 'max_depth': 10}",0.01708891077217566,0.094692590853044,0.1239442930393332,0.130724560707526,13.76724605495673
574,BA47_80:20_MinMax_window3_Isomap_90,AdaBoostRegressor,"{'n_estimators': 400, 'loss': 'square', 'learning_rate': 1.0}",0.009857147781736382,0.08236523335455963,0.1152424330975717,0.0992831696801446,11.34194776260577
575,BA47_80:20_MinMax_window3_Isomap_90,BaggingRegressor,"{'n_estimators': 150, 'max_samples': 0.1, 'max_features': 1.0}",0.0283423904202841,0.1332827511460813,0.1700961765271863,0.1683519837135402,19.03432155736565
576,BA47_80:20_MinMax_window3_Isomap_90,ExtraTreesRegressor,"{'n_estimators': 50, 'min_samples_split': 2, 'min_samples_leaf': 4, 'max_depth': 20}",0.01665872463336326,0.09650940906108826,0.1201457861354598,0.1290686818456099,13.17053936353433
577,BA47_80:20_MinMax_window3_Isomap_90,XGBoost Regressor,"{'subsample': 1.0, 'reg_lambda': 0, 'reg_alpha': 1.0, 'n_estimators': 700, 'min_child_weight': 1, 'max_depth': 9, 'learning_rate': 0.01, 'gamma': 0.3, 'colsample_bytree': 0.8}",0.02700234042053324,0.1303637199314213,0.1705149191926797,0.1643238887701153,18.67723432625509
578,BA47_80:20_MinMax_window3_Isomap_90,Multilayer Perceptron,"{'module__num_units': 50, 'module__activation_func': Tanh(), 'lr': 0.1}",0.02411475218832493,0.1305495798587799,0.1869530379772186,0.1552892532930883,18.62149685621262
579,BA47_80:20_MinMax_window3_Isomap_90,Long Short-Term Memory Network,"{'module__num_layers': 1, 'module__hidden_size': 25, 'max_epochs': 20, 'lr': 0.1, 'batch_size': 16}",0.04828537255525589,0.1839896887540817,0.2347228229045868,0.2197393286493246,25.12886524200439
580,BA47_80:20_MinMax_window3_Isomap_90,Convolutional neural network,{},0.02161959744989872,0.1206548810005188,0.1993187516927719,0.1470360413296642,17.28282421827316
581,BA47_70:30_MinMax_window3_Isomap_90,Linear Regressor,{},0.2467826283452072,0.3885145806339769,0.6149863109339252,0.4967722097150838,74.62512569230748
582,BA47_70:30_MinMax_window3_Isomap_90,Support Vector Regressor,"{'kernel': 'rbf', 'gamma': 0.001, 'C': 1}",0.02146244507228246,0.108289394156354,0.1755315266166936,0.1465006657741952,16.45325474470367
583,BA47_70:30_MinMax_window3_Isomap_90,Decision Tree Regressor,"{'splitter': 'best', 'min_samples_split': 5, 'min_samples_leaf': 4, 'min_impurity_decrease': 0.1, 'max_leaf_nodes': 90, 'max_features': None, 'max_depth': 26, 'criterion': 'mae', 'ccp_alpha': 0.0}",0.03533873515809639,0.1523987492672792,0.2472339444519311,0.1879859972394125,23.32505932938447
584,BA47_70:30_MinMax_window3_Isomap_90,K-Neighbors Regressor,"{'weights': 'uniform', 'n_neighbors': 9}",0.0195655931422926,0.1018968302638988,0.1508576607925291,0.139877064389744,15.28716524437145
585,BA47_70:30_MinMax_window3_Isomap_90,Stochastic Gradient Descent Regressor,"{'tol': 0.0001, 'power_t': 0.25, 'penalty': 'elasticnet', 'max_iter': 3000, 'loss': 'squared_loss', 'learning_rate': 'optimal', 'l1_ratio': 0, 'fit_intercept': True, 'eta0': 0.001, 'alpha': 1}",0.02661026724615795,0.1190039161975384,0.1773771494273238,0.1631265375288704,17.90288893008336
586,BA47_70:30_MinMax_window3_Isomap_90,Voting Regressor,"{'rf__n_estimators': 50, 'gb__n_estimators': 10}",0.04198719632921865,0.1609491555414681,0.2261998852272687,0.204907775180003,25.86554632923177
587,BA47_70:30_MinMax_window3_Isomap_90,Stacking Regressor,{'final_estimator': LinearSVR(random_state=42)},0.02699209703383594,0.1232599065521592,0.1787075717395616,0.1642927175313499,18.75669416359337
588,BA47_70:30_MinMax_window3_Isomap_90,Gradient Boosting Regressor,"{'n_estimators': 10, 'min_samples_split': 10, 'min_samples_leaf': 10, 'min_impurity_decrease': 2, 'max_leaf_nodes': 10, 'max_features': 'sqrt', 'max_depth': None, 'learning_rate': 0.05}",0.03928414133125136,0.1583265539750578,0.2457944690059714,0.1982022737792162,24.28600248719698
589,BA47_70:30_MinMax_window3_Isomap_90,Random Forest Regressor,"{'n_estimators': 200, 'min_samples_split': 5, 'min_samples_leaf': 2, 'max_depth': None}",0.01787737661219714,0.09999587734363329,0.1483358032458219,0.1337063073014775,14.96068689822807
590,BA47_70:30_MinMax_window3_Isomap_90,AdaBoostRegressor,"{'n_estimators': 400, 'loss': 'square', 'learning_rate': 1.0}",0.01360011526008771,0.09787147916631248,0.1522244291730688,0.1166195320694081,15.2215394040112
591,BA47_70:30_MinMax_window3_Isomap_90,BaggingRegressor,"{'n_estimators': 150, 'max_samples': 0.1, 'max_features': 1.0}",0.03000743171541695,0.1360633777631277,0.1994848512840429,0.1732265329428981,20.64263530815829
592,BA47_70:30_MinMax_window3_Isomap_90,ExtraTreesRegressor,"{'n_estimators': 10, 'min_samples_split': 10, 'min_samples_leaf': 2, 'max_depth': 10}",0.01712141769264428,0.0954733376500099,0.1442600057156565,0.1308488352743129,14.26588070884074
593,BA47_70:30_MinMax_window3_Isomap_90,XGBoost Regressor,"{'subsample': 1.0, 'reg_lambda': 0, 'reg_alpha': 1.0, 'n_estimators': 700, 'min_child_weight': 1, 'max_depth': 9, 'learning_rate': 0.01, 'gamma': 0.3, 'colsample_bytree': 0.8}",0.02974875764859103,0.1384510783371392,0.2142419036166239,0.1724782816721892,21.11394576677235
594,BA47_70:30_MinMax_window3_Isomap_90,Multilayer Perceptron,"{'module__num_units': 50, 'module__activation_func': Tanh(), 'lr': 0.1}",0.03262022882699966,0.1430311650037766,0.2577663958072662,0.1806107107205984,21.9720721244812
595,BA47_70:30_MinMax_window3_Isomap_90,Long Short-Term Memory Network,"{'module__num_layers': 1, 'module__hidden_size': 25, 'max_epochs': 20, 'lr': 0.1, 'batch_size': 16}",0.01716261357069016,0.1185814067721367,0.1790809631347656,0.1310061585219953,17.13212877511978
596,BA47_70:30_MinMax_window3_Isomap_90,Convolutional neural network,{},0.1259047538042068,0.2698619961738586,0.5347269773483276,0.3548305987428464,34.62545573711395
597,BA47_60:40_MinMax_window3_Isomap_90,Linear Regressor,{},1.524633521049607,0.9061769672805854,1.32264881857493,1.234760511617377,108.378041188903
598,BA47_60:40_MinMax_window3_Isomap_90,Support Vector Regressor,"{'kernel': 'linear', 'gamma': 1, 'C': 100}",0.3337141739428866,0.467408642462145,0.8416218662101096,0.5776799926801054,66.19182756978694
599,BA47_60:40_MinMax_window3_Isomap_90,Decision Tree Regressor,"{'splitter': 'best', 'min_samples_split': 5, 'min_samples_leaf': 4, 'min_impurity_decrease': 0.1, 'max_leaf_nodes': 90, 'max_features': None, 'max_depth': 26, 'criterion': 'mae', 'ccp_alpha': 0.0}",0.0466440454529416,0.1721431343595131,0.3804385996473661,0.2159723256645203,27.92300018704432
600,BA47_60:40_MinMax_window3_Isomap_90,K-Neighbors Regressor,"{'weights': 'distance', 'n_neighbors': 6}",0.01945301441017687,0.0982923947349963,0.2173411015291291,0.1394740635751926,16.66327286912946
601,BA47_60:40_MinMax_window3_Isomap_90,Stochastic Gradient Descent Regressor,"{'tol': 0.0001, 'power_t': 0.25, 'penalty': 'elasticnet', 'max_iter': 3000, 'loss': 'squared_loss', 'learning_rate': 'optimal', 'l1_ratio': 0, 'fit_intercept': True, 'eta0': 0.001, 'alpha': 1}",0.02582116758962548,0.113521963112704,0.2352703397573211,0.1606896623607924,18.78242001567169
602,BA47_60:40_MinMax_window3_Isomap_90,Voting Regressor,"{'rf__n_estimators': 50, 'gb__n_estimators': 10}",0.1830847045894806,0.3151033023939034,0.4740755012444533,0.4278839849649442,59.24949824383155
603,BA47_60:40_MinMax_window3_Isomap_90,Stacking Regressor,{'final_estimator': LinearSVR(random_state=42)},0.02367516765155547,0.1244824465744634,0.2570998624637615,0.1538673703276802,21.32768341231823
604,BA47_60:40_MinMax_window3_Isomap_90,Gradient Boosting Regressor,"{'n_estimators': 10, 'min_samples_split': 10, 'min_samples_leaf': 10, 'min_impurity_decrease': 2, 'max_leaf_nodes': 10, 'max_features': 'sqrt', 'max_depth': None, 'learning_rate': 0.05}",0.05016420995472174,0.1779620615006171,0.3714125642462172,0.2239736813885099,28.92868340338037
605,BA47_60:40_MinMax_window3_Isomap_90,Random Forest Regressor,"{'n_estimators': 200, 'min_samples_split': 5, 'min_samples_leaf': 2, 'max_depth': None}",0.003816071225526958,0.05103068467469217,0.07750522644520973,0.0617743573461267,7.898878853385483
606,BA47_60:40_MinMax_window3_Isomap_90,AdaBoostRegressor,"{'n_estimators': 400, 'loss': 'square', 'learning_rate': 1.0}",0.002839954325124209,0.04118249317780421,0.05885749661795772,0.05329122183928803,6.098625945956059
607,BA47_60:40_MinMax_window3_Isomap_90,BaggingRegressor,"{'n_estimators': 150, 'max_samples': 0.1, 'max_features': 1.0}",0.03723683479272039,0.1525141736135967,0.2997649354533225,0.1929684813453233,25.05532384337285
608,BA47_60:40_MinMax_window3_Isomap_90,ExtraTreesRegressor,"{'n_estimators': 50, 'min_samples_split': 2, 'min_samples_leaf': 4, 'max_depth': 20}",0.01899290664563751,0.09737205481855273,0.2043823966152195,0.137814754818334,16.45494158656798
609,BA47_60:40_MinMax_window3_Isomap_90,XGBoost Regressor,"{'subsample': 0.9, 'reg_lambda': 0.1, 'reg_alpha': 0.5, 'n_estimators': 600, 'min_child_weight': 5, 'max_depth': 10, 'learning_rate': 0.1, 'gamma': 0.1, 'colsample_bytree': 0.7}",0.01308901974479583,0.09334056691470478,0.1639823898839595,0.114407253899374,15.41672386201972
610,BA47_60:40_MinMax_window3_Isomap_90,Multilayer Perceptron,"{'module__num_units': 20, 'module__activation_func': Tanh(), 'lr': 0.1}",0.03938686475157738,0.1555476635694504,0.3765651881694794,0.1984612424418868,25.48383772373199
611,BA47_60:40_MinMax_window3_Isomap_90,Long Short-Term Memory Network,"{'module__num_layers': 1, 'module__hidden_size': 75, 'max_epochs': 30, 'lr': 0.1, 'batch_size': 16}",0.01585992984473705,0.1052495762705803,0.1446386426687241,0.1259362133968504,14.70043808221817
612,BA47_60:40_MinMax_window3_Isomap_90,Convolutional neural network,{},0.1010924279689789,0.2340105772018433,0.5116158723831177,0.3179503545665249,31.96664452552795
613,BA47_80:20_Log_window3_Isomap_90,Linear Regressor,{},1.086878532347104,0.7143386181492122,0.2690915174269093,1.042534667215966,30.17736775151324
614,BA47_80:20_Log_window3_Isomap_90,Support Vector Regressor,"{'kernel': 'rbf', 'gamma': 0.0001, 'C': 100}",0.04452248438399439,0.1697300483487313,0.05946784217909878,0.2110035174682981,6.136606305012697
615,BA47_80:20_Log_window3_Isomap_90,Decision Tree Regressor,"{'splitter': 'best', 'min_samples_split': 5, 'min_samples_leaf': 2, 'min_impurity_decrease': 1.0, 'max_leaf_nodes': 50, 'max_features': 'auto', 'max_depth': 32, 'criterion': 'mae', 'ccp_alpha': 1.0}",0.05505449741040632,0.1934678660365473,0.06811094267651545,0.2346369480930195,7.006314959143742
616,BA47_80:20_Log_window3_Isomap_90,K-Neighbors Regressor,"{'weights': 'uniform', 'n_neighbors': 9}",0.06893417485199448,0.1881215736492644,0.06531523570896332,0.2625531848064206,6.956435361395373
617,BA47_80:20_Log_window3_Isomap_90,Stochastic Gradient Descent Regressor,"{'tol': 0.0001, 'power_t': 0.25, 'penalty': 'elasticnet', 'max_iter': 3000, 'loss': 'squared_loss', 'learning_rate': 'optimal', 'l1_ratio': 0, 'fit_intercept': True, 'eta0': 0.001, 'alpha': 1}",0.1327816872326668,0.3069150989526456,0.1059103592784941,0.3643922162075733,11.41262067428245
618,BA47_80:20_Log_window3_Isomap_90,Voting Regressor,"{'rf__n_estimators': 100, 'gb__n_estimators': 10}",0.5469238103235091,0.5602269093220942,0.2065291842097828,0.7395429739531768,25.86896496864306
619,BA47_80:20_Log_window3_Isomap_90,Stacking Regressor,{'final_estimator': LinearSVR(random_state=42)},0.03451689706710531,0.1436056282200177,0.05316673857406447,0.1857872360177235,5.155784225975657
620,BA47_80:20_Log_window3_Isomap_90,Gradient Boosting Regressor,"{'n_estimators': 10, 'min_samples_split': 10, 'min_samples_leaf': 10, 'min_impurity_decrease': 2, 'max_leaf_nodes': 10, 'max_features': 'sqrt', 'max_depth': None, 'learning_rate': 0.05}",0.1082980623074414,0.2802252114468286,0.09708791544384833,0.3290867094056541,10.36287192429625
621,BA47_80:20_Log_window3_Isomap_90,Random Forest Regressor,"{'n_estimators': 50, 'min_samples_split': 2, 'min_samples_leaf': 4, 'max_depth': 20}",0.1197613679952056,0.3037926071985272,0.1076143221695425,0.346065554476613,11.5447700838123
622,BA47_80:20_Log_window3_Isomap_90,AdaBoostRegressor,"{'n_estimators': 400, 'loss': 'square', 'learning_rate': 1.0}",0.03431248574281102,0.1499330470573809,0.05392017156273129,0.1852362970446425,5.430373685115762
623,BA47_80:20_Log_window3_Isomap_90,BaggingRegressor,"{'n_estimators': 150, 'max_samples': 0.1, 'max_features': 1.0}",0.1762636086169748,0.3931687121987276,0.1390226723528435,0.4198375979077801,15.06214135880802
624,BA47_80:20_Log_window3_Isomap_90,ExtraTreesRegressor,"{'n_estimators': 100, 'min_samples_split': 5, 'min_samples_leaf': 4, 'max_depth': 10}",0.1939412024205975,0.3560828554164703,0.1254331184650815,0.4403875593390412,13.87527594499888
625,BA47_80:20_Log_window3_Isomap_90,XGBoost Regressor,"{'subsample': 0.9, 'reg_lambda': 0.1, 'reg_alpha': 0.5, 'n_estimators': 600, 'min_child_weight': 5, 'max_depth': 10, 'learning_rate': 0.1, 'gamma': 0.1, 'colsample_bytree': 0.7}",0.1476941191477341,0.3334635053608492,0.1197329572542888,0.3843099259032144,12.93941762475463
626,BA47_80:20_Log_window3_Isomap_90,Multilayer Perceptron,"{'module__num_units': 50, 'module__activation_func': Tanh(), 'lr': 0.1}",0.05078038200736046,0.1898811608552933,0.06737072765827179,0.2253450288055196,6.87771737575531
627,BA47_80:20_Log_window3_Isomap_90,Long Short-Term Memory Network,"{'module__num_layers': 1, 'module__hidden_size': 25, 'max_epochs': 20, 'lr': 0.1, 'batch_size': 16}",0.04489211738109589,0.1581143438816071,0.05345964059233665,0.2118775999984328,5.578451603651047
628,BA47_80:20_Log_window3_Isomap_90,Convolutional neural network,{},0.1455605924129486,0.3072826862335205,0.1172817498445511,0.38152403910232,10.71657165884972
629,BA47_70:30_Log_window3_Isomap_90,Linear Regressor,{},13.47039894701384,3.187357589496769,1.210081305327063,3.670204210532956,124.4510893863021
630,BA47_70:30_Log_window3_Isomap_90,Support Vector Regressor,"{'kernel': 'rbf', 'gamma': 0.1, 'C': 1}",0.06255651965299157,0.1700480821130992,0.06707231884320125,0.2501130137617624,6.433034059210085
631,BA47_70:30_Log_window3_Isomap_90,Decision Tree Regressor,"{'splitter': 'best', 'min_samples_split': 5, 'min_samples_leaf': 2, 'min_impurity_decrease': 1.0, 'max_leaf_nodes': 50, 'max_features': 'auto', 'max_depth': 32, 'criterion': 'mae', 'ccp_alpha': 1.0}",0.09105884694568628,0.2365740226678129,0.09208973487925085,0.3017595846790724,8.937532340375366
632,BA47_70:30_Log_window3_Isomap_90,K-Neighbors Regressor,"{'weights': 'uniform', 'n_neighbors': 9}",0.1208914127979436,0.2411707943724064,0.08849122351533797,0.3476944244562222,9.283656797987224
633,BA47_70:30_Log_window3_Isomap_90,Stochastic Gradient Descent Regressor,"{'tol': 0.0001, 'power_t': 0.25, 'penalty': 'elasticnet', 'max_iter': 3000, 'loss': 'squared_loss', 'learning_rate': 'optimal', 'l1_ratio': 0, 'fit_intercept': True, 'eta0': 0.001, 'alpha': 1}",0.1601392598655975,0.3358914166718475,0.1217383338621101,0.4001740369709127,12.83418540273841
634,BA47_70:30_Log_window3_Isomap_90,Voting Regressor,"{'rf__n_estimators': 10, 'gb__n_estimators': 100}",4.309272037069189,1.817178932034244,0.6822351767618569,2.075878618096248,105.10300227495
635,BA47_70:30_Log_window3_Isomap_90,Stacking Regressor,{'final_estimator': LinearSVR(random_state=42)},0.1393562060085375,0.2898854781649484,0.1171002852256915,0.3733044414530016,10.52184576249816
636,BA47_70:30_Log_window3_Isomap_90,Gradient Boosting Regressor,"{'n_estimators': 10, 'min_samples_split': 10, 'min_samples_leaf': 10, 'min_impurity_decrease': 2, 'max_leaf_nodes': 10, 'max_features': 'sqrt', 'max_depth': None, 'learning_rate': 0.05}",0.1836642146283114,0.3690558727321478,0.133249357741656,0.4285606312160642,14.19617340557005
637,BA47_70:30_Log_window3_Isomap_90,Random Forest Regressor,"{'n_estimators': 10, 'min_samples_split': 2, 'min_samples_leaf': 4, 'max_depth': 30}",0.1766549925669381,0.3603382042431328,0.1301184127357171,0.4203034529562398,14.02229275453721
638,BA47_70:30_Log_window3_Isomap_90,AdaBoostRegressor,"{'n_estimators': 400, 'loss': 'square', 'learning_rate': 1.0}",0.1426742672054963,0.3055886697495041,0.1123618228782966,0.3777224737892839,12.28345490248566
639,BA47_70:30_Log_window3_Isomap_90,BaggingRegressor,"{'n_estimators': 150, 'max_samples': 0.1, 'max_features': 1.0}",0.2132823798060485,0.4123372515074107,0.1500805754245354,0.461825053246409,16.0830731057681
640,BA47_70:30_Log_window3_Isomap_90,ExtraTreesRegressor,"{'n_estimators': 10, 'min_samples_split': 2, 'min_samples_leaf': 2, 'max_depth': None}",0.5802394253139749,0.6607828829123988,0.2370027840996653,0.7617344847871697,28.0028274222064
641,BA47_70:30_Log_window3_Isomap_90,XGBoost Regressor,"{'subsample': 1.0, 'reg_lambda': 0, 'reg_alpha': 1.0, 'n_estimators': 700, 'min_child_weight': 1, 'max_depth': 9, 'learning_rate': 0.01, 'gamma': 0.3, 'colsample_bytree': 0.8}",0.5137473433465823,0.6012200298724453,0.2156268426484736,0.716761706110603,25.35125120456095
642,BA47_70:30_Log_window3_Isomap_90,Multilayer Perceptron,"{'module__num_units': 20, 'module__activation_func': Tanh(), 'lr': 0.1}",0.08921346068382263,0.225472703576088,0.0902881771326065,0.2986862244627673,8.523242175579071
643,BA47_70:30_Log_window3_Isomap_90,Long Short-Term Memory Network,"{'module__num_layers': 1, 'module__hidden_size': 25, 'max_epochs': 20, 'lr': 0.1, 'batch_size': 16}",0.05117416009306908,0.19448421895504,0.07241512089967728,0.2262170641067315,7.022520899772644
644,BA47_70:30_Log_window3_Isomap_90,Convolutional neural network,{},0.2964393496513367,0.4441611766815186,0.1810606867074966,0.5444624409923394,15.66530019044876
645,BA47_60:40_Log_window3_Isomap_90,Linear Regressor,{},20.58693804808689,3.58280649643121,1.40820257375256,4.537283113063024,101.8058318287787
646,BA47_60:40_Log_window3_Isomap_90,Support Vector Regressor,"{'kernel': 'rbf', 'gamma': 0.01, 'C': 10}",0.1316672719022901,0.2288179791260687,0.1128949194676907,0.362859851598782,9.513088324821755
647,BA47_60:40_Log_window3_Isomap_90,Decision Tree Regressor,"{'splitter': 'best', 'min_samples_split': 5, 'min_samples_leaf': 2, 'min_impurity_decrease': 1.0, 'max_leaf_nodes': 50, 'max_features': 'auto', 'max_depth': 32, 'criterion': 'mae', 'ccp_alpha': 1.0}",0.1802082435197614,0.2915329542000943,0.1408903489756715,0.4245094151132121,11.84296891915625
648,BA47_60:40_Log_window3_Isomap_90,K-Neighbors Regressor,"{'weights': 'distance', 'n_neighbors': 3}",0.1372342812876428,0.1901703231418023,0.08814177494580273,0.3704514560474055,8.344382915614242
649,BA47_60:40_Log_window3_Isomap_90,Stochastic Gradient Descent Regressor,"{'tol': 0.0001, 'power_t': 0.25, 'penalty': 'elasticnet', 'max_iter': 3000, 'loss': 'squared_loss', 'learning_rate': 'optimal', 'l1_ratio': 0, 'fit_intercept': True, 'eta0': 0.001, 'alpha': 1}",0.2218470503664739,0.3740998900861244,0.1615410517556826,0.471006422850553,15.11274060089849
650,BA47_60:40_Log_window3_Isomap_90,Voting Regressor,"{'rf__n_estimators': 50, 'gb__n_estimators': 100}",5.010529660908968,1.642809383423928,0.6382861155031918,2.238421242954276,75.22176279634219
651,BA47_60:40_Log_window3_Isomap_90,Stacking Regressor,{'final_estimator': LinearRegression()},0.7841906749044149,0.7114096050217351,0.310594159270943,0.8855454109781242,25.5006162832859
652,BA47_60:40_Log_window3_Isomap_90,Gradient Boosting Regressor,"{'n_estimators': 10, 'min_samples_split': 10, 'min_samples_leaf': 10, 'min_impurity_decrease': 2, 'max_leaf_nodes': 10, 'max_features': 'sqrt', 'max_depth': None, 'learning_rate': 0.05}",0.2119050558250883,0.3644712477932537,0.1582971220424202,0.4603314629971411,14.72852621507966
653,BA47_60:40_Log_window3_Isomap_90,Random Forest Regressor,"{'n_estimators': 50, 'min_samples_split': 2, 'min_samples_leaf': 4, 'max_depth': 20}",0.1262771017008143,0.2485980967677831,0.1072623892487061,0.3553548954226103,10.36161021561432
654,BA47_60:40_Log_window3_Isomap_90,AdaBoostRegressor,"{'n_estimators': 50, 'loss': 'exponential', 'learning_rate': 0.01}",2.287820334173838,0.8177551704972692,0.3207771997337108,1.512554241729479,45.65972677108846
655,BA47_60:40_Log_window3_Isomap_90,BaggingRegressor,"{'n_estimators': 150, 'max_samples': 0.1, 'max_features': 1.0}",0.2492049942173682,0.4118797655313438,0.1704171547616191,0.4992043611762303,16.71372238044382
656,BA47_60:40_Log_window3_Isomap_90,ExtraTreesRegressor,"{'n_estimators': 200, 'min_samples_split': 5, 'min_samples_leaf': 2, 'max_depth': None}",0.4154774735667811,0.453633089794275,0.1762183114410415,0.6445754211624742,19.8548821833098
657,BA47_60:40_Log_window3_Isomap_90,XGBoost Regressor,"{'subsample': 1.0, 'reg_lambda': 0, 'reg_alpha': 1.0, 'n_estimators': 700, 'min_child_weight': 1, 'max_depth': 9, 'learning_rate': 0.01, 'gamma': 0.3, 'colsample_bytree': 0.8}",0.1268550832599993,0.2607206399596998,0.114030160874559,0.3561672124999708,10.76861510388997
658,BA47_60:40_Log_window3_Isomap_90,Multilayer Perceptron,"{'module__num_units': 10, 'module__activation_func': ReLU(), 'lr': 0.1}",0.1922435015439987,0.2925156056880951,0.144730418920517,0.4384558148137606,11.85370311141014
659,BA47_60:40_Log_window3_Isomap_90,Long Short-Term Memory Network,"{'module__num_layers': 1, 'module__hidden_size': 75, 'max_epochs': 30, 'lr': 0.1, 'batch_size': 16}",0.06642120331525803,0.2212871611118317,0.08272695541381836,0.2577231136612664,8.084877580404282
660,BA47_60:40_Log_window3_Isomap_90,Convolutional neural network,{},0.2053673714399338,0.3199596405029297,0.1497804820537567,0.4531747692005081,12.95714527368546
1,BA11_80:20_MinMax_window3_PCA_90,Linear Regressor,{},0.01799188092531189,0.1186304499816319,0.1696272826101057,0.1341338172323143,18.00197642917625
2,BA11_80:20_MinMax_window3_PCA_95,Linear Regressor,{},0.03250270772802855,0.1480394330773291,0.204227855967163,0.1802850735031288,23.89406442753663
3,BA11_80:20_MinMax_window3_PCA_90,Support Vector Regressor,"{'kernel': 'linear', 'gamma': 0.001, 'C': 10}",0.01187742790569068,0.09598337856659063,0.1400950586745359,0.1089836130144834,14.40690564202001
4,BA11_80:20_MinMax_window3_PCA_95,Support Vector Regressor,"{'kernel': 'rbf', 'gamma': 0.01, 'C': 10}",0.01232947150755122,0.08503244097469952,0.1074564475605063,0.1110381533868031,11.39545509672087
5,BA11_80:20_MinMax_window3_PCA_90,Decision Tree Regressor,"{'splitter': 'best', 'min_samples_split': 5, 'min_samples_leaf': 4, 'min_impurity_decrease': 0.1, 'max_leaf_nodes': 90, 'max_features': None, 'max_depth': 26, 'criterion': 'mae', 'ccp_alpha': 0.0}",0.02882234164840508,0.1346358438386558,0.1782026335640415,0.1697714394366882,19.23936576403386
6,BA11_80:20_MinMax_window3_PCA_95,Decision Tree Regressor,"{'splitter': 'best', 'min_samples_split': 5, 'min_samples_leaf': 4, 'min_impurity_decrease': 0.1, 'max_leaf_nodes': 90, 'max_features': None, 'max_depth': 26, 'criterion': 'mae', 'ccp_alpha': 0.0}",0.02882234164840508,0.1346358438386558,0.1782026335640415,0.1697714394366882,19.23936576403386
7,BA11_80:20_MinMax_window3_PCA_90,K-Neighbors Regressor,"{'weights': 'distance', 'n_neighbors': 8}",0.01118900298515874,0.07668177639330716,0.1018114138024613,0.1057780836712347,10.70851852509982
8,BA11_80:20_MinMax_window3_PCA_95,K-Neighbors Regressor,"{'weights': 'uniform', 'n_neighbors': 5}",0.01643347245664738,0.0886628086661941,0.1182199504860313,0.1281931061198198,12.74127007803708
9,BA11_80:20_MinMax_window3_PCA_90,Stochastic Gradient Descent Regressor,"{'tol': 1e-05, 'power_t': 0.5, 'penalty': 'l2', 'max_iter': 1000, 'loss': 'squared_loss', 'learning_rate': 'constant', 'l1_ratio': 0, 'fit_intercept': True, 'eta0': 0.001, 'alpha': 0.01}",0.02039849665340829,0.09892334110560715,0.1195522199899379,0.1428233057081662,13.41440215628477
10,BA11_80:20_MinMax_window3_PCA_95,Stochastic Gradient Descent Regressor,"{'tol': 1e-05, 'power_t': 0.5, 'penalty': 'l2', 'max_iter': 1000, 'loss': 'squared_loss', 'learning_rate': 'constant', 'l1_ratio': 0, 'fit_intercept': True, 'eta0': 0.001, 'alpha': 0.01}",0.02103539249734765,0.1002129988941046,0.1211025757763387,0.1450358317704547,13.63498354970206
11,BA11_80:20_MinMax_window3_PCA_90,Voting Regressor,"{'rf__n_estimators': 100, 'gb__n_estimators': 200}",0.006227677175367666,0.07013242974191913,0.1062673906100404,0.0789156332760985,10.90199362828113
12,BA11_80:20_MinMax_window3_PCA_95,Voting Regressor,"{'rf__n_estimators': 10, 'gb__n_estimators': 100}",0.01608510843851662,0.104348050773825,0.1424720266133005,0.1268270808562454,15.68331394110732
13,BA11_80:20_MinMax_window3_PCA_90,Stacking Regressor,{'final_estimator': LinearSVR(random_state=42)},0.01489863495618776,0.08572824752604997,0.104670410818723,0.1220599645919486,11.30172288333299
14,BA11_80:20_MinMax_window3_PCA_95,Stacking Regressor,{'final_estimator': LinearSVR(random_state=42)},0.01108360571677216,0.08157643177187199,0.1030539664908283,0.1052787049539087,10.87957181592384
15,BA11_80:20_MinMax_window3_PCA_90,Gradient Boosting Regressor,"{'n_estimators': 100, 'min_samples_split': 2, 'min_samples_leaf': 2, 'min_impurity_decrease': 0, 'max_leaf_nodes': 20, 'max_features': 'sqrt', 'max_depth': 30, 'learning_rate': 0.5}",0.005371818388721027,0.05767740574874389,0.0799552755491689,0.07329268987232647,8.242399149206877
16,BA11_80:20_MinMax_window3_PCA_95,Gradient Boosting Regressor,"{'n_estimators': 200, 'min_samples_split': 2, 'min_samples_leaf': 10, 'min_impurity_decrease': 0, 'max_leaf_nodes': 5, 'max_features': 'log2', 'max_depth': 30, 'learning_rate': 0.1}",0.0287968940377449,0.1346694674264526,0.1807014839804815,0.16969647620898,20.79699699605062
17,BA11_80:20_MinMax_window3_PCA_90,Random Forest Regressor,"{'n_estimators': 100, 'min_samples_split': 10, 'min_samples_leaf': 1, 'max_depth': 20}",0.003604104889791988,0.05363478918614471,0.08400540563685273,0.06003419766926171,8.499708066659501
18,BA11_80:20_MinMax_window3_PCA_95,Random Forest Regressor,"{'n_estimators': 10, 'min_samples_split': 10, 'min_samples_leaf': 2, 'max_depth': 10}",0.008198430614765911,0.07542159900254,0.1032784813324156,0.0905451854863963,10.65134780034168
19,BA11_80:20_MinMax_window3_PCA_90,AdaBoostRegressor,"{'n_estimators': 250, 'loss': 'exponential', 'learning_rate': 0.01}",0.002964008345126323,0.04354040341615961,0.06000547020210754,0.05444270699667975,5.904928219202956
20,BA11_80:20_MinMax_window3_PCA_95,AdaBoostRegressor,"{'n_estimators': 50, 'loss': 'linear', 'learning_rate': 0.01}",0.009354921674725167,0.07717630212152066,0.1024150476576295,0.09672084405506999,10.23346035678518
21,BA11_80:20_MinMax_window3_PCA_90,BaggingRegressor,"{'n_estimators': 150, 'max_samples': 0.1, 'max_features': 1.0}",0.009980158315572607,0.07630077450049907,0.1012371488667226,0.09990074231742528,10.67082379499172
22,BA11_80:20_MinMax_window3_PCA_95,BaggingRegressor,"{'n_estimators': 50, 'max_samples': 0.7000000000000001, 'max_features': 0.9}",0.01550153561070282,0.09372146335544822,0.123171106758658,0.1245051629881381,13.74304619750533
23,BA11_80:20_MinMax_window3_PCA_90,ExtraTreesRegressor,"{'n_estimators': 100, 'min_samples_split': 5, 'min_samples_leaf': 2, 'max_depth': None}",0.004892891369650557,0.06289700489544064,0.09360323309533732,0.06994920563988241,9.506080514858859
24,BA11_80:20_MinMax_window3_PCA_95,ExtraTreesRegressor,"{'n_estimators': 50, 'min_samples_split': 2, 'min_samples_leaf': 4, 'max_depth': 20}",0.01454121846251589,0.08877401498134715,0.1155456722390191,0.1205869746801697,12.8089449929347
25,BA11_80:20_MinMax_window3_PCA_90,XGBoost Regressor,"{'subsample': 0.8, 'reg_lambda': 0.5, 'reg_alpha': 1.0, 'n_estimators': 600, 'min_child_weight': 5, 'max_depth': 8, 'learning_rate': 0.2, 'gamma': 0.1, 'colsample_bytree': 0.7}",0.006108924945489766,0.05879255415939588,0.0765633552761376,0.0781596119840021,7.914757535713949
26,BA11_80:20_MinMax_window3_PCA_95,XGBoost Regressor,"{'subsample': 0.9, 'reg_lambda': 1.0, 'reg_alpha': 0, 'n_estimators': 100, 'min_child_weight': 5, 'max_depth': 3, 'learning_rate': 0.1, 'gamma': 0.2, 'colsample_bytree': 1.0}",0.009996811831397804,0.07870826852180735,0.106591157577303,0.09998405788623406,11.28241747455756
27,BA11_80:20_MinMax_window3_PCA_90,Multilayer Perceptron,"{'module__num_units': 50, 'module__activation_func': Tanh(), 'lr': 0.1}",0.01942574046552181,0.1175597310066223,0.171023428440094,0.1393762550276116,16.72043800354004
28,BA11_80:20_MinMax_window3_PCA_95,Multilayer Perceptron,"{'module__num_units': 20, 'module__activation_func': ReLU(), 'lr': 0.1}",0.02132861316204071,0.1210099756717682,0.1769303977489471,0.1460431893723247,17.20723807811737
29,BA11_80:20_MinMax_window3_PCA_90,Long Short-Term Memory Network,"{'module__num_layers': 1, 'module__hidden_size': 25, 'max_epochs': 20, 'lr': 0.1, 'batch_size': 16}",0.01853200793266296,0.1162437871098518,0.1506547033786774,0.1361323177377913,15.52642434835434
30,BA11_80:20_MinMax_window3_PCA_95,Long Short-Term Memory Network,"{'module__num_layers': 1, 'module__hidden_size': 25, 'max_epochs': 20, 'lr': 0.1, 'batch_size': 16}",0.02006885781884193,0.1185508519411087,0.1516037583351135,0.1416645962082338,15.85808396339417
31,BA11_80:20_MinMax_window3_PCA_90,Convolutional neural network,{},0.01776162348687649,0.09482751041650772,0.1579306870698929,0.1332727409745762,13.44375759363174
32,BA11_80:20_MinMax_window3_PCA_95,Convolutional neural network,{},0.01120163220912218,0.08403380215167999,0.1271110028028488,0.1058377636249093,12.12371662259102
33,BA11_60:40_MinMax_window3_PCA_90,Linear Regressor,{},0.02811754820607819,0.1279678585492714,0.1902326352532762,0.1676828798836607,20.21080586637246
34,BA11_60:40_MinMax_window3_PCA_95,Linear Regressor,{},0.02466042671762567,0.1113212340714585,0.1718583157695909,0.1570363866039514,17.6725241335294
35,BA11_60:40_MinMax_window3_PCA_90,Support Vector Regressor,"{'kernel': 'rbf', 'gamma': 0.001, 'C': 1}",0.02328713301541243,0.1099841732769442,0.2470747814511713,0.1526012221950153,18.38325864709408
36,BA11_60:40_MinMax_window3_PCA_95,Support Vector Regressor,"{'kernel': 'rbf', 'gamma': 0.001, 'C': 1}",0.02316733264176643,0.1094415789988626,0.2465191038299381,0.1522081884846096,18.30700081296123
37,BA11_60:40_MinMax_window3_PCA_90,Decision Tree Regressor,"{'splitter': 'best', 'min_samples_split': 10, 'min_samples_leaf': 2, 'min_impurity_decrease': 0.01, 'max_leaf_nodes': 20, 'max_features': None, 'max_depth': 14, 'criterion': 'friedman_mse', 'ccp_alpha': 0.0}",0.01122762496118662,0.07703282889395506,0.1405903598851261,0.1059604877356962,17.07731850230998
38,BA11_60:40_MinMax_window3_PCA_95,Decision Tree Regressor,"{'splitter': 'best', 'min_samples_split': 2, 'min_samples_leaf': 1, 'min_impurity_decrease': 0.1, 'max_leaf_nodes': 10, 'max_features': 'sqrt', 'max_depth': 7, 'criterion': 'friedman_mse', 'ccp_alpha': 0.0}",0.03725572180632283,0.1248212034935653,0.2102995828355222,0.193017413220473,21.17714380224943
39,BA11_60:40_MinMax_window3_PCA_90,K-Neighbors Regressor,"{'weights': 'distance', 'n_neighbors': 3}",0.005172017217403262,0.04810615178280653,0.1053232268972721,0.0719167380892881,8.828652654107922
40,BA11_60:40_MinMax_window3_PCA_95,K-Neighbors Regressor,"{'weights': 'distance', 'n_neighbors': 3}",0.00980216883615419,0.06078207332955139,0.120828637214387,0.09900590303691083,10.71141344670957
41,BA11_60:40_MinMax_window3_PCA_90,Stochastic Gradient Descent Regressor,"{'tol': 0.0001, 'power_t': 0.25, 'penalty': 'elasticnet', 'max_iter': 3000, 'loss': 'squared_loss', 'learning_rate': 'optimal', 'l1_ratio': 0, 'fit_intercept': True, 'eta0': 0.001, 'alpha': 1}",0.02318345649878691,0.109740725494039,0.2265983641626896,0.1522611457292599,18.20133038969487
42,BA11_60:40_MinMax_window3_PCA_95,Stochastic Gradient Descent Regressor,"{'tol': 0.0001, 'power_t': 0.25, 'penalty': 'elasticnet', 'max_iter': 3000, 'loss': 'squared_loss', 'learning_rate': 'optimal', 'l1_ratio': 0, 'fit_intercept': True, 'eta0': 0.001, 'alpha': 1}",0.02316624266531719,0.1093959639013495,0.2258935476681892,0.1522046078977808,18.14044167968315
43,BA11_60:40_MinMax_window3_PCA_90,Voting Regressor,"{'rf__n_estimators': 100, 'gb__n_estimators': 200}",0.01039753791048263,0.07846827972353053,0.1218866290293,0.1019683181703152,13.05591444961765
44,BA11_60:40_MinMax_window3_PCA_95,Voting Regressor,"{'rf__n_estimators': 200, 'gb__n_estimators': 200}",0.00982740225619135,0.07410219044382896,0.1176080225524245,0.09913325504688802,12.51745254159851
45,BA11_60:40_MinMax_window3_PCA_90,Stacking Regressor,{'final_estimator': LinearSVR(random_state=42)},0.01625908191257938,0.09639158546728442,0.1486961111150705,0.1275111050559103,15.46619190157567
46,BA11_60:40_MinMax_window3_PCA_95,Stacking Regressor,{'final_estimator': LinearSVR(random_state=42)},0.01368689161603501,0.09613202154926694,0.2192599318108107,0.1169909894651507,16.80107637707817
47,BA11_60:40_MinMax_window3_PCA_90,Gradient Boosting Regressor,"{'n_estimators': 10, 'min_samples_split': 5, 'min_samples_leaf': 5, 'min_impurity_decrease': 1, 'max_leaf_nodes': 20, 'max_features': 'log2', 'max_depth': 10, 'learning_rate': 0.1}",0.04559795776748539,0.1683084737137323,0.3388445163446789,0.2135367831720928,27.48760837373078
48,BA11_60:40_MinMax_window3_PCA_95,Gradient Boosting Regressor,"{'n_estimators': 100, 'min_samples_split': 2, 'min_samples_leaf': 2, 'min_impurity_decrease': 0, 'max_leaf_nodes': 20, 'max_features': 'sqrt', 'max_depth': 30, 'learning_rate': 0.5}",0.01262505142202097,0.08608138250940178,0.1537930880388131,0.1123612540959782,14.92618634175118
49,BA11_60:40_MinMax_window3_PCA_90,Random Forest Regressor,"{'n_estimators': 200, 'min_samples_split': 5, 'min_samples_leaf': 2, 'max_depth': None}",0.00991195406792157,0.06797722036566779,0.1145475905844185,0.09955879703934539,12.93525949278795
50,BA11_60:40_MinMax_window3_PCA_95,Random Forest Regressor,"{'n_estimators': 200, 'min_samples_split': 5, 'min_samples_leaf': 2, 'max_depth': None}",0.00974398958210386,0.0684226498972685,0.1153350479084319,0.0987116486647035,12.9498627078817
51,BA11_60:40_MinMax_window3_PCA_90,AdaBoostRegressor,"{'n_estimators': 250, 'loss': 'exponential', 'learning_rate': 0.01}",0.009003109484601333,0.06706126542462723,0.120929675346974,0.09488471681256858,14.71835519961489
52,BA11_60:40_MinMax_window3_PCA_95,AdaBoostRegressor,"{'n_estimators': 100, 'loss': 'square', 'learning_rate': 0.01}",0.009477942750103491,0.06776777832542603,0.1238953420517738,0.09735472638810862,15.24140914274994
53,BA11_60:40_MinMax_window3_PCA_90,BaggingRegressor,"{'n_estimators': 160, 'max_samples': 0.7000000000000001, 'max_features': 0.8}",0.009113117110149506,0.06577761872476585,0.1207729945892396,0.0954626477222872,11.70677007581791
54,BA11_60:40_MinMax_window3_PCA_95,BaggingRegressor,"{'n_estimators': 160, 'max_samples': 0.7000000000000001, 'max_features': 0.8}",0.009421450700044614,0.068574958619028,0.1341344809114877,0.09706415764866357,12.46129164785021
55,BA11_60:40_MinMax_window3_PCA_90,ExtraTreesRegressor,"{'n_estimators': 10, 'min_samples_split': 2, 'min_samples_leaf': 2, 'max_depth': None}",0.01047847737475185,0.07681889574662297,0.1484503568876409,0.1023644341299841,13.35169859195381
56,BA11_60:40_MinMax_window3_PCA_95,ExtraTreesRegressor,"{'n_estimators': 10, 'min_samples_split': 2, 'min_samples_leaf': 4, 'max_depth': 30}",0.008615402445043848,0.06363036643011749,0.1683718929547777,0.09281919222361208,12.21805110023126
57,BA11_60:40_MinMax_window3_PCA_90,XGBoost Regressor,"{'subsample': 0.9, 'reg_lambda': 1.0, 'reg_alpha': 0, 'n_estimators': 100, 'min_child_weight': 5, 'max_depth': 3, 'learning_rate': 0.1, 'gamma': 0.2, 'colsample_bytree': 1.0}",0.009269543109519732,0.07724043659445194,0.1496902322892767,0.09627846648924011,13.82830801110256
58,BA11_60:40_MinMax_window3_PCA_95,XGBoost Regressor,"{'subsample': 0.9, 'reg_lambda': 1.0, 'reg_alpha': 0, 'n_estimators': 100, 'min_child_weight': 5, 'max_depth': 3, 'learning_rate': 0.1, 'gamma': 0.2, 'colsample_bytree': 1.0}",0.009269543109519732,0.07724043659445194,0.1496902322892767,0.09627846648924011,13.82830801110256
59,BA11_60:40_MinMax_window3_PCA_90,Multilayer Perceptron,"{'module__num_units': 20, 'module__activation_func': ReLU(), 'lr': 0.1}",0.03934405371546745,0.1571702063083649,0.3853027522563934,0.1983533556950007,25.61846375465393
60,BA11_60:40_MinMax_window3_PCA_95,Multilayer Perceptron,"{'module__num_units': 50, 'module__activation_func': Tanh(), 'lr': 0.1}",0.02520723454654217,0.1151961535215378,0.3215435445308685,0.1587678637084412,19.61345672607422
61,BA11_60:40_MinMax_window3_PCA_90,Long Short-Term Memory Network,"{'module__num_layers': 1, 'module__hidden_size': 25, 'max_epochs': 20, 'lr': 0.1, 'batch_size': 16}",0.009653588756918907,0.08054713159799576,0.1121979281306267,0.0982526781157588,11.31283938884735
62,BA11_60:40_MinMax_window3_PCA_95,Long Short-Term Memory Network,"{'module__num_layers': 1, 'module__hidden_size': 75, 'max_epochs': 30, 'lr': 0.1, 'batch_size': 16}",0.009752731770277023,0.07782983779907227,0.1027155593037605,0.0987559201783722,10.59098318219185
63,BA11_60:40_MinMax_window3_PCA_90,Convolutional neural network,{},0.03786285221576691,0.124876506626606,0.3669286668300629,0.1945837922740918,20.4312652349472
64,BA11_60:40_MinMax_window3_PCA_95,Convolutional neural network,{},0.0321304127573967,0.1115891858935356,0.3434983193874359,0.1792495823074539,18.77896934747696
65,BA11_70:30_MinMax_window3_PCA_90,Linear Regressor,{},0.01287121123128602,0.08563202834452491,0.1181390320346846,0.1134513606409637,12.53255944509987
66,BA11_70:30_MinMax_window3_PCA_95,Linear Regressor,{},0.01998722168110158,0.1209672007108276,0.1790174201338877,0.1413761708390123,19.98701887951245
67,BA11_70:30_MinMax_window3_PCA_90,Support Vector Regressor,"{'kernel': 'linear', 'gamma': 0.0001, 'C': 1000}",0.01910550951072004,0.1133544602846079,0.1845054684948568,0.1382226808838551,19.78368494097134
68,BA11_70:30_MinMax_window3_PCA_95,Support Vector Regressor,"{'kernel': 'rbf', 'gamma': 0.01, 'C': 10}",0.01419943137391761,0.08991650895915382,0.138464044289021,0.1191613669522031,13.41918226041819
69,BA11_70:30_MinMax_window3_PCA_90,Decision Tree Regressor,"{'splitter': 'best', 'min_samples_split': 5, 'min_samples_leaf': 4, 'min_impurity_decrease': 0.1, 'max_leaf_nodes': 90, 'max_features': None, 'max_depth': 26, 'criterion': 'mae', 'ccp_alpha': 0.0}",0.03533873515809639,0.1523987492672792,0.2472339444519311,0.1879859972394125,23.32505932938447
70,BA11_70:30_MinMax_window3_PCA_95,Decision Tree Regressor,"{'splitter': 'best', 'min_samples_split': 5, 'min_samples_leaf': 2, 'min_impurity_decrease': 1.0, 'max_leaf_nodes': 30, 'max_features': 'sqrt', 'max_depth': 11, 'criterion': 'friedman_mse', 'ccp_alpha': 0.0}",0.02118740825880001,0.1117496478683705,0.1671922272895023,0.1455589511462624,18.38859196311508
71,BA11_70:30_MinMax_window3_PCA_90,K-Neighbors Regressor,"{'weights': 'uniform', 'n_neighbors': 5}",0.01093541783060076,0.07466236613453138,0.1172514095223623,0.1045725481692053,11.49761548798939
72,BA11_70:30_MinMax_window3_PCA_95,K-Neighbors Regressor,"{'weights': 'uniform', 'n_neighbors': 5}",0.01297839481825891,0.0884786015509581,0.1357697416502004,0.1139227581225934,13.43816772310839
73,BA11_70:30_MinMax_window3_PCA_90,Stochastic Gradient Descent Regressor,"{'tol': 1e-05, 'power_t': 0.5, 'penalty': 'l2', 'max_iter': 1000, 'loss': 'squared_loss', 'learning_rate': 'constant', 'l1_ratio': 0, 'fit_intercept': True, 'eta0': 0.001, 'alpha': 0.01}",0.02283838059752753,0.1089788945029543,0.1573724934996189,0.1511237261237544,16.15340115482225
74,BA11_70:30_MinMax_window3_PCA_95,Stochastic Gradient Descent Regressor,"{'tol': 1e-05, 'power_t': 0.5, 'penalty': 'l2', 'max_iter': 1000, 'loss': 'squared_loss', 'learning_rate': 'constant', 'l1_ratio': 0, 'fit_intercept': True, 'eta0': 0.001, 'alpha': 0.01}",0.02282940538325865,0.1084545720998825,0.1554430207176177,0.1510940282845707,16.03420264360188
75,BA11_70:30_MinMax_window3_PCA_90,Voting Regressor,"{'rf__n_estimators': 10, 'gb__n_estimators': 10}",0.01154344806255134,0.07408747795265137,0.1061619366314453,0.1074404396051661,11.8414854814112
76,BA11_70:30_MinMax_window3_PCA_95,Voting Regressor,"{'rf__n_estimators': 10, 'gb__n_estimators': 10}",0.01488481689920652,0.08839682498063219,0.126429986455675,0.1220033479016315,14.19252397219208
77,BA11_70:30_MinMax_window3_PCA_90,Stacking Regressor,{'final_estimator': LinearSVR(random_state=42)},0.01609552612780798,0.09361443961301816,0.1438214086839515,0.1268681446534471,13.92351792819716
78,BA11_70:30_MinMax_window3_PCA_95,Stacking Regressor,{'final_estimator': LinearSVR(random_state=42)},0.01218098244121581,0.0805318969657491,0.1152336943088542,0.1103674881530599,11.73286624451748
79,BA11_70:30_MinMax_window3_PCA_90,Gradient Boosting Regressor,"{'n_estimators': 200, 'min_samples_split': 2, 'min_samples_leaf': 10, 'min_impurity_decrease': 0, 'max_leaf_nodes': 5, 'max_features': 'log2', 'max_depth': 30, 'learning_rate': 0.1}",0.009067965026057084,0.07271949742377345,0.1155182753452332,0.09522586322033046,12.47760285238758
80,BA11_70:30_MinMax_window3_PCA_95,Gradient Boosting Regressor,"{'n_estimators': 200, 'min_samples_split': 2, 'min_samples_leaf': 10, 'min_impurity_decrease': 0, 'max_leaf_nodes': 5, 'max_features': 'log2', 'max_depth': 30, 'learning_rate': 0.1}",0.01981283583215756,0.1167209868507359,0.1677452169885068,0.1407580755486433,18.80152769236199
81,BA11_70:30_MinMax_window3_PCA_90,Random Forest Regressor,"{'n_estimators': 100, 'min_samples_split': 10, 'min_samples_leaf': 1, 'max_depth': 20}",0.01221813813523393,0.07450317084988783,0.1224414526155937,0.1105356871568361,14.51733500497293
82,BA11_70:30_MinMax_window3_PCA_95,Random Forest Regressor,"{'n_estimators': 10, 'min_samples_split': 2, 'min_samples_leaf': 4, 'max_depth': 30}",0.01461557149256019,0.08508858919569444,0.129536206398262,0.120894877859073,14.93347518045571
83,BA11_70:30_MinMax_window3_PCA_90,AdaBoostRegressor,"{'n_estimators': 400, 'loss': 'square', 'learning_rate': 1.0}",0.01512736807660052,0.08517393661919406,0.1465578124565846,0.1229933659861398,18.36547061616835
84,BA11_70:30_MinMax_window3_PCA_95,AdaBoostRegressor,"{'n_estimators': 400, 'loss': 'square', 'learning_rate': 1.0}",0.01231425041837712,0.08198060630749726,0.1303324407090963,0.1109695923141881,14.78241736869902
85,BA11_70:30_MinMax_window3_PCA_90,BaggingRegressor,"{'n_estimators': 150, 'max_samples': 0.1, 'max_features': 1.0}",0.01193044365382474,0.08062496928459326,0.1195372342449046,0.1092265702740168,11.96544949697273
86,BA11_70:30_MinMax_window3_PCA_95,BaggingRegressor,"{'n_estimators': 150, 'max_samples': 0.1, 'max_features': 1.0}",0.01272325022890142,0.08438634699211116,0.1257832847547405,0.1127973857361128,12.59246306364813
87,BA11_70:30_MinMax_window3_PCA_90,ExtraTreesRegressor,"{'n_estimators': 50, 'min_samples_split': 2, 'min_samples_leaf': 4, 'max_depth': 20}",0.01000135563609715,0.07462578075337639,0.1116487614281279,0.1000067779507827,11.36806875717586
88,BA11_70:30_MinMax_window3_PCA_95,ExtraTreesRegressor,"{'n_estimators': 10, 'min_samples_split': 2, 'min_samples_leaf': 4, 'max_depth': 30}",0.01817976199172539,0.1050567622609723,0.1512366976324611,0.1348323477201424,16.74937951483261
89,BA11_70:30_MinMax_window3_PCA_90,XGBoost Regressor,"{'subsample': 0.9, 'reg_lambda': 0.1, 'reg_alpha': 0.5, 'n_estimators': 600, 'min_child_weight': 5, 'max_depth': 10, 'learning_rate': 0.1, 'gamma': 0.1, 'colsample_bytree': 0.7}",0.01514492015141078,0.09348226622515506,0.1314507667170479,0.123064699046521,13.93389390104851
90,BA11_70:30_MinMax_window3_PCA_95,XGBoost Regressor,"{'subsample': 0.9, 'reg_lambda': 0.1, 'reg_alpha': 0.5, 'n_estimators': 600, 'min_child_weight': 5, 'max_depth': 10, 'learning_rate': 0.1, 'gamma': 0.1, 'colsample_bytree': 0.7}",0.01527782513270732,0.09471595895256735,0.1379294370391539,0.1236034996782345,14.64121013683364
91,BA11_70:30_MinMax_window3_PCA_90,Multilayer Perceptron,"{'module__num_units': 50, 'module__activation_func': Tanh(), 'lr': 0.1}",0.02886004373431206,0.1352329105138779,0.2512884140014648,0.1698824409240462,20.73428779840469
92,BA11_70:30_MinMax_window3_PCA_95,Multilayer Perceptron,"{'module__num_units': 20, 'module__activation_func': Tanh(), 'lr': 0.1}",0.03119381703436375,0.1455254703760147,0.259307473897934,0.1766177143843837,22.22959697246552
93,BA11_70:30_MinMax_window3_PCA_90,Long Short-Term Memory Network,"{'module__num_layers': 1, 'module__hidden_size': 25, 'max_epochs': 20, 'lr': 0.1, 'batch_size': 16}",0.02608556300401688,0.1382549405097961,0.2200249135494232,0.1615102566526871,19.52772587537766
94,BA11_70:30_MinMax_window3_PCA_95,Long Short-Term Memory Network,"{'module__num_layers': 1, 'module__hidden_size': 75, 'max_epochs': 30, 'lr': 0.1, 'batch_size': 16}",0.02485881745815277,0.1339801698923111,0.215326800942421,0.1576667925029008,18.97934973239899
95,BA11_70:30_MinMax_window3_PCA_90,Convolutional neural network,{},0.03364089131355286,0.1447322964668274,0.236686572432518,0.1834145340848234,22.26817756891251
96,BA11_70:30_MinMax_window3_PCA_95,Convolutional neural network,{},0.0242205336689949,0.1233475804328918,0.2165297567844391,0.1556294755790011,18.9607635140419
97,BA11_80:20_Log_window3_PCA_90,Linear Regressor,{},0.08879198112204005,0.2651541837938985,0.09584498273079371,0.2979798334150149,9.926561799027148
98,BA11_80:20_Log_window3_PCA_95,Linear Regressor,{},0.1329966971440318,0.2993721930238203,0.1081281580231559,0.3646871222624016,11.74463826906958
99,BA11_80:20_Log_window3_PCA_90,Support Vector Regressor,"{'kernel': 'rbf', 'gamma': 0.01, 'C': 10}",0.01716548993196167,0.1017733383738588,0.0351268176619032,0.1310171360241159,3.598231653041756
100,BA11_80:20_Log_window3_PCA_95,Support Vector Regressor,"{'kernel': 'rbf', 'gamma': 0.1, 'C': 1}",0.02063907789169765,0.1090880183598158,0.03742715058533835,0.1436630707304339,3.853246411879608
101,BA11_80:20_Log_window3_PCA_90,Decision Tree Regressor,"{'splitter': 'best', 'min_samples_split': 5, 'min_samples_leaf': 2, 'min_impurity_decrease': 1.0, 'max_leaf_nodes': 50, 'max_features': 'auto', 'max_depth': 32, 'criterion': 'mae', 'ccp_alpha': 1.0}",0.05505449741040632,0.1934678660365473,0.06811094267651545,0.2346369480930195,7.006314959143742
102,BA11_80:20_Log_window3_PCA_95,Decision Tree Regressor,"{'splitter': 'best', 'min_samples_split': 5, 'min_samples_leaf': 2, 'min_impurity_decrease': 1.0, 'max_leaf_nodes': 50, 'max_features': 'auto', 'max_depth': 32, 'criterion': 'mae', 'ccp_alpha': 1.0}",0.05505449741040632,0.1934678660365473,0.06811094267651545,0.2346369480930195,7.006314959143742
103,BA11_80:20_Log_window3_PCA_90,K-Neighbors Regressor,"{'weights': 'uniform', 'n_neighbors': 9}",0.08219409642236741,0.2142838383268771,0.07517784727160741,0.2866951280059837,7.992539689691884
104,BA11_80:20_Log_window3_PCA_95,K-Neighbors Regressor,"{'weights': 'uniform', 'n_neighbors': 9}",0.08790161232877661,0.2335880430270765,0.08213280789197523,0.2964820607199981,8.70323307545109
105,BA11_80:20_Log_window3_PCA_90,Stochastic Gradient Descent Regressor,"{'tol': 0.0001, 'power_t': 0.25, 'penalty': 'elasticnet', 'max_iter': 3000, 'loss': 'squared_loss', 'learning_rate': 'optimal', 'l1_ratio': 0, 'fit_intercept': True, 'eta0': 0.001, 'alpha': 1}",0.1348703013849903,0.3091253537734192,0.1066406431851945,0.3672469215459678,11.49944899748786
106,BA11_80:20_Log_window3_PCA_95,Stochastic Gradient Descent Regressor,"{'tol': 0.0001, 'power_t': 0.25, 'penalty': 'elasticnet', 'max_iter': 3000, 'loss': 'squared_loss', 'learning_rate': 'optimal', 'l1_ratio': 0, 'fit_intercept': True, 'eta0': 0.001, 'alpha': 1}",0.1350465330223162,0.3093040188516005,0.1066999117259717,0.3674867793843966,11.50661068947318
107,BA11_80:20_Log_window3_PCA_90,Voting Regressor,"{'rf__n_estimators': 50, 'gb__n_estimators': 10}",0.05542053172860058,0.1760950803293676,0.06154417318109934,0.2354156573565161,6.454327067704425
108,BA11_80:20_Log_window3_PCA_95,Voting Regressor,"{'rf__n_estimators': 100, 'gb__n_estimators': 10}",0.05858525017000873,0.2012602455619599,0.07172022125426364,0.2420439013278557,7.548484998367848
109,BA11_80:20_Log_window3_PCA_90,Stacking Regressor,{'final_estimator': LinearSVR(random_state=42)},0.012047551980325,0.09107772936118678,0.03286254638445667,0.1097613410100523,3.256201557242659
110,BA11_80:20_Log_window3_PCA_95,Stacking Regressor,{'final_estimator': LinearSVR(random_state=42)},0.02727141392038016,0.1239116918605985,0.04262797420252511,0.1651405883493823,4.385439164653096
111,BA11_80:20_Log_window3_PCA_90,Gradient Boosting Regressor,"{'n_estimators': 10, 'min_samples_split': 10, 'min_samples_leaf': 10, 'min_impurity_decrease': 2, 'max_leaf_nodes': 10, 'max_features': 'sqrt', 'max_depth': None, 'learning_rate': 0.05}",0.09641839592650238,0.2592260181448853,0.08935557446442141,0.3105131171569124,9.52099333042829
112,BA11_80:20_Log_window3_PCA_95,Gradient Boosting Regressor,"{'n_estimators': 10, 'min_samples_split': 2, 'min_samples_leaf': 5, 'min_impurity_decrease': 2, 'max_leaf_nodes': None, 'max_features': 'sqrt', 'max_depth': 15, 'learning_rate': 0.1}",0.06445683550879587,0.2064557601909971,0.07128383465103959,0.2538835077526618,7.508001611718536
113,BA11_80:20_Log_window3_PCA_90,Random Forest Regressor,"{'n_estimators': 50, 'min_samples_split': 2, 'min_samples_leaf': 4, 'max_depth': 20}",0.02893322027063563,0.1402388535778127,0.05197472136736742,0.1700976786162458,5.390489124078205
114,BA11_80:20_Log_window3_PCA_95,Random Forest Regressor,"{'n_estimators': 100, 'min_samples_split': 5, 'min_samples_leaf': 4, 'max_depth': 10}",0.03175439656327156,0.1489741093707556,0.05506751569135034,0.1781976334390318,5.714456675752081
115,BA11_80:20_Log_window3_PCA_90,AdaBoostRegressor,"{'n_estimators': 50, 'loss': 'exponential', 'learning_rate': 0.01}",0.01579279888834667,0.1088019970454279,0.03841254776470522,0.125669403151072,3.85516110470393
116,BA11_80:20_Log_window3_PCA_95,AdaBoostRegressor,"{'n_estimators': 250, 'loss': 'exponential', 'learning_rate': 0.01}",0.01792505246122253,0.1151205740242917,0.04059980808644242,0.1338844743098412,4.06514053826277
117,BA11_80:20_Log_window3_PCA_90,BaggingRegressor,"{'n_estimators': 150, 'max_samples': 0.1, 'max_features': 1.0}",0.04648064938295931,0.1776377742854941,0.06361153263621684,0.2155937136907273,6.656686337744827
118,BA11_80:20_Log_window3_PCA_95,BaggingRegressor,"{'n_estimators': 150, 'max_samples': 0.1, 'max_features': 1.0}",0.05480528341505585,0.1920864695507178,0.0678035497122792,0.2341052827576854,7.11673463820027
119,BA11_80:20_Log_window3_PCA_90,ExtraTreesRegressor,"{'n_estimators': 10, 'min_samples_split': 2, 'min_samples_leaf': 4, 'max_depth': 30}",0.02674035974268155,0.1334093183270889,0.04915767077088672,0.1635247985556978,5.105139195852802
120,BA11_80:20_Log_window3_PCA_95,ExtraTreesRegressor,"{'n_estimators': 100, 'min_samples_split': 5, 'min_samples_leaf': 4, 'max_depth': 10}",0.05046182154405222,0.1867749279688908,0.06672795153451128,0.2246370885318189,6.993409573900122
121,BA11_80:20_Log_window3_PCA_90,XGBoost Regressor,"{'subsample': 0.9, 'reg_lambda': 0, 'reg_alpha': 0.1, 'n_estimators': 400, 'min_child_weight': 5, 'max_depth': 9, 'learning_rate': 0.01, 'gamma': 0.2, 'colsample_bytree': 0.9}",0.04128196547990724,0.1495885121098528,0.05306904839468349,0.2031796384481162,5.536688980355999
122,BA11_80:20_Log_window3_PCA_95,XGBoost Regressor,"{'subsample': 0.9, 'reg_lambda': 0.1, 'reg_alpha': 0.5, 'n_estimators': 600, 'min_child_weight': 5, 'max_depth': 10, 'learning_rate': 0.1, 'gamma': 0.1, 'colsample_bytree': 0.7}",0.03948654394054946,0.1676164590731608,0.06122549266755041,0.1987122138685729,6.384577027689383
123,BA11_80:20_Log_window3_PCA_90,Multilayer Perceptron,"{'module__num_units': 20, 'module__activation_func': Tanh(), 'lr': 0.1}",0.04241837188601494,0.1665284782648087,0.06028690934181213,0.2059572088711996,6.015123799443245
124,BA11_80:20_Log_window3_PCA_95,Multilayer Perceptron,"{'module__num_units': 20, 'module__activation_func': Tanh(), 'lr': 0.1}",0.03747166320681572,0.1597779840230942,0.05778433009982109,0.1935759881979573,5.775049328804016
125,BA11_80:20_Log_window3_PCA_90,Long Short-Term Memory Network,"{'module__num_layers': 1, 'module__hidden_size': 75, 'max_epochs': 30, 'lr': 0.1, 'batch_size': 16}",0.03431148454546928,0.1466773450374603,0.05006357282400131,0.185233594538003,5.159325152635574
126,BA11_80:20_Log_window3_PCA_95,Long Short-Term Memory Network,"{'module__num_layers': 1, 'module__hidden_size': 25, 'max_epochs': 20, 'lr': 0.1, 'batch_size': 16}",0.03582737594842911,0.1507634371519089,0.05146929621696472,0.1892812086511207,5.307644978165627
127,BA11_80:20_Log_window3_PCA_90,Convolutional neural network,{},0.06063719093799591,0.1768891960382462,0.06780542433261871,0.2462461998447812,6.4021997153759
128,BA11_80:20_Log_window3_PCA_95,Convolutional neural network,{},0.1280478686094284,0.2851164042949677,0.1082231998443604,0.3578377685619957,9.944669157266617
129,BA11_60:40_Log_window3_PCA_90,Linear Regressor,{},0.1049348382747722,0.2151390074506735,0.09334073671045441,0.323936472591112,8.909510778174406
130,BA11_60:40_Log_window3_PCA_95,Linear Regressor,{},0.1319980439940541,0.2680672671904308,0.1062093585897546,0.3633153506171382,10.71208133155415
131,BA11_60:40_Log_window3_PCA_90,Support Vector Regressor,"{'kernel': 'rbf', 'gamma': 0.01, 'C': 10}",0.1103892215103507,0.1988773784479806,0.1007917011592636,0.3322487343999232,8.395281348331398
132,BA11_60:40_Log_window3_PCA_95,Support Vector Regressor,"{'kernel': 'rbf', 'gamma': 0.01, 'C': 10}",0.1095586725190594,0.1979113258342297,0.1001811582034844,0.3309964841490909,8.357653535477903
133,BA11_60:40_Log_window3_PCA_90,Decision Tree Regressor,"{'splitter': 'best', 'min_samples_split': 5, 'min_samples_leaf': 2, 'min_impurity_decrease': 1.0, 'max_leaf_nodes': 50, 'max_features': 'auto', 'max_depth': 32, 'criterion': 'mae', 'ccp_alpha': 1.0}",0.1802082435197614,0.2915329542000943,0.1408903489756715,0.4245094151132121,11.84296891915625
134,BA11_60:40_Log_window3_PCA_95,Decision Tree Regressor,"{'splitter': 'best', 'min_samples_split': 5, 'min_samples_leaf': 2, 'min_impurity_decrease': 1.0, 'max_leaf_nodes': 50, 'max_features': 'auto', 'max_depth': 32, 'criterion': 'mae', 'ccp_alpha': 1.0}",0.1802082435197614,0.2915329542000943,0.1408903489756715,0.4245094151132121,11.84296891915625
135,BA11_60:40_Log_window3_PCA_90,K-Neighbors Regressor,"{'weights': 'uniform', 'n_neighbors': 9}",0.153660945658989,0.2630340846448595,0.1185242895635873,0.3919961041375144,10.91316854138491
136,BA11_60:40_Log_window3_PCA_95,K-Neighbors Regressor,"{'weights': 'uniform', 'n_neighbors': 9}",0.1365901833073538,0.2495870076718253,0.108418326111322,0.3695810916529061,10.31571671100262
137,BA11_60:40_Log_window3_PCA_90,Stochastic Gradient Descent Regressor,"{'tol': 0.0001, 'power_t': 0.25, 'penalty': 'elasticnet', 'max_iter': 3000, 'loss': 'squared_loss', 'learning_rate': 'optimal', 'l1_ratio': 0, 'fit_intercept': True, 'eta0': 0.001, 'alpha': 1}",0.2159668868640098,0.3706105882618447,0.1601011132206822,0.464722376117193,14.97105534785007
138,BA11_60:40_Log_window3_PCA_95,Stochastic Gradient Descent Regressor,"{'tol': 0.0001, 'power_t': 0.25, 'penalty': 'elasticnet', 'max_iter': 3000, 'loss': 'squared_loss', 'learning_rate': 'optimal', 'l1_ratio': 0, 'fit_intercept': True, 'eta0': 0.001, 'alpha': 1}",0.2158887447936731,0.3705918107490951,0.1600710913291719,0.4646382945837258,14.97049481597648
139,BA11_60:40_Log_window3_PCA_90,Voting Regressor,"{'rf__n_estimators': 10, 'gb__n_estimators': 10}",0.06795354500436457,0.1688846615911083,0.07933859806233318,0.2606790076020019,7.170052743495335
140,BA11_60:40_Log_window3_PCA_95,Voting Regressor,"{'rf__n_estimators': 10, 'gb__n_estimators': 10}",0.06707546117167366,0.1862262760092889,0.07766211738542853,0.2589893070604917,7.611272989608751
141,BA11_60:40_Log_window3_PCA_90,Stacking Regressor,{'final_estimator': LinearSVR(random_state=42)},0.1058180778442196,0.1534321275905388,0.08809684933142148,0.3252969072158843,6.789186705739279
142,BA11_60:40_Log_window3_PCA_95,Stacking Regressor,{'final_estimator': LinearSVR(random_state=42)},0.08866693449978783,0.1766978338663119,0.08920682230246633,0.2977699355203406,7.578821308844947
143,BA11_60:40_Log_window3_PCA_90,Gradient Boosting Regressor,"{'n_estimators': 10, 'min_samples_split': 10, 'min_samples_leaf': 10, 'min_impurity_decrease': 2, 'max_leaf_nodes': 10, 'max_features': 'sqrt', 'max_depth': None, 'learning_rate': 0.05}",0.1547414090466067,0.317283973611676,0.136469152614819,0.393371845772682,12.86234923906378
144,BA11_60:40_Log_window3_PCA_95,Gradient Boosting Regressor,"{'n_estimators': 10, 'min_samples_split': 10, 'min_samples_leaf': 10, 'min_impurity_decrease': 2, 'max_leaf_nodes': 10, 'max_features': 'sqrt', 'max_depth': None, 'learning_rate': 0.05}",0.1797099739082123,0.3425758109784422,0.1472075902793563,0.4239221318924176,13.87405228643344
145,BA11_60:40_Log_window3_PCA_90,Random Forest Regressor,"{'n_estimators': 10, 'min_samples_split': 2, 'min_samples_leaf': 4, 'max_depth': 30}",0.03990004545141843,0.1324241460463838,0.0612189945182916,0.199749957325198,5.820951959089232
146,BA11_60:40_Log_window3_PCA_95,Random Forest Regressor,"{'n_estimators': 50, 'min_samples_split': 2, 'min_samples_leaf': 4, 'max_depth': 20}",0.03893505307143997,0.1392616009154493,0.0564936295339119,0.1973196722869769,5.680723526135869
147,BA11_60:40_Log_window3_PCA_90,AdaBoostRegressor,"{'n_estimators': 200, 'loss': 'linear', 'learning_rate': 0.1}",0.07591491950636979,0.1672818633787791,0.08361384324336808,0.2755266221372624,7.21137941587531
148,BA11_60:40_Log_window3_PCA_95,AdaBoostRegressor,"{'n_estimators': 400, 'loss': 'square', 'learning_rate': 1.0}",0.118617959762753,0.2576113931656185,0.1196770425711542,0.3444095814038178,10.61566706048055
149,BA11_60:40_Log_window3_PCA_90,BaggingRegressor,"{'n_estimators': 150, 'max_samples': 0.1, 'max_features': 1.0}",0.1418999275591649,0.2536105133054083,0.116270051315528,0.3766960678838642,10.43814584649911
150,BA11_60:40_Log_window3_PCA_95,BaggingRegressor,"{'n_estimators': 80, 'max_samples': 0.7000000000000001, 'max_features': 0.1}",0.2707251580099757,0.4171101011041406,0.1776501840727049,0.520312557997571,16.95532753981442
151,BA11_60:40_Log_window3_PCA_90,ExtraTreesRegressor,"{'n_estimators': 50, 'min_samples_split': 2, 'min_samples_leaf': 4, 'max_depth': 20}",0.1143155682841397,0.224014513884623,0.0995747311521372,0.3381058536673681,9.361581009500718
152,BA11_60:40_Log_window3_PCA_95,ExtraTreesRegressor,"{'n_estimators': 100, 'min_samples_split': 5, 'min_samples_leaf': 4, 'max_depth': 10}",0.09115132556923183,0.2118275224930305,0.08628293254477919,0.3019127780820677,8.626513246665917
153,BA11_60:40_Log_window3_PCA_90,XGBoost Regressor,"{'subsample': 1.0, 'reg_lambda': 0, 'reg_alpha': 1.0, 'n_estimators': 700, 'min_child_weight': 1, 'max_depth': 9, 'learning_rate': 0.01, 'gamma': 0.3, 'colsample_bytree': 0.8}",0.0925378711612473,0.2035221331016652,0.09488824564691559,0.3042003799492159,8.55176313514164
154,BA11_60:40_Log_window3_PCA_95,XGBoost Regressor,"{'subsample': 0.9, 'reg_lambda': 0.1, 'reg_alpha': 0.5, 'n_estimators': 600, 'min_child_weight': 5, 'max_depth': 10, 'learning_rate': 0.1, 'gamma': 0.1, 'colsample_bytree': 0.7}",0.0859822286666801,0.2194526411764076,0.08867745930545733,0.2932272645350021,8.942118317120592
155,BA11_60:40_Log_window3_PCA_90,Multilayer Perceptron,"{'module__num_units': 50, 'module__activation_func': Tanh(), 'lr': 0.1}",0.2447955161333084,0.3167121112346649,0.1638105809688568,0.4947681438141591,12.63579279184341
156,BA11_60:40_Log_window3_PCA_95,Multilayer Perceptron,"{'module__num_units': 50, 'module__activation_func': Tanh(), 'lr': 0.1}",0.1619141399860382,0.2453582435846329,0.1264567226171494,0.4023855613538316,10.14656275510788
157,BA11_60:40_Log_window3_PCA_90,Long Short-Term Memory Network,"{'module__num_layers': 1, 'module__hidden_size': 25, 'max_epochs': 20, 'lr': 0.1, 'batch_size': 16}",0.06588906049728394,0.2182562351226807,0.08216068148612976,0.2566886450493748,7.975583523511887
158,BA11_60:40_Log_window3_PCA_95,Long Short-Term Memory Network,"{'module__num_layers': 1, 'module__hidden_size': 25, 'max_epochs': 20, 'lr': 0.1, 'batch_size': 16}",0.06057411432266235,0.2022374123334885,0.07660099864006042,0.2461180901979015,7.405582815408707
159,BA11_60:40_Log_window3_PCA_90,Convolutional neural network,{},0.3152304887771606,0.4136792123317719,0.199362650513649,0.5614539061910253,15.80435037612915
160,BA11_60:40_Log_window3_PCA_95,Convolutional neural network,{},0.2040796726942062,0.3680877685546875,0.1594830304384232,0.4517517821704816,14.88176584243774
161,BA11_70:30_Log_window3_PCA_90,Linear Regressor,{},0.07472352836974826,0.1919161812161036,0.0674496977051126,0.2733560468871107,7.178312920982591
162,BA11_70:30_Log_window3_PCA_95,Linear Regressor,{},0.1029953252738325,0.2359410632715215,0.08245310106045693,0.3209288476809657,8.8746980319786
163,BA11_70:30_Log_window3_PCA_90,Support Vector Regressor,"{'kernel': 'rbf', 'gamma': 0.01, 'C': 10}",0.04236151790639475,0.1487817250681382,0.05748868106424717,0.2058191388243444,5.630040987329391
164,BA11_70:30_Log_window3_PCA_95,Support Vector Regressor,"{'kernel': 'rbf', 'gamma': 0.01, 'C': 10}",0.04235982415238131,0.1499264800104581,0.05784015114971618,0.205815024117243,5.671524788905939
165,BA11_70:30_Log_window3_PCA_90,Decision Tree Regressor,"{'splitter': 'best', 'min_samples_split': 5, 'min_samples_leaf': 2, 'min_impurity_decrease': 1.0, 'max_leaf_nodes': 50, 'max_features': 'auto', 'max_depth': 32, 'criterion': 'mae', 'ccp_alpha': 1.0}",0.09105884694568628,0.2365740226678129,0.09208973487925085,0.3017595846790724,8.937532340375366
166,BA11_70:30_Log_window3_PCA_95,Decision Tree Regressor,"{'splitter': 'best', 'min_samples_split': 5, 'min_samples_leaf': 2, 'min_impurity_decrease': 1.0, 'max_leaf_nodes': 50, 'max_features': 'auto', 'max_depth': 32, 'criterion': 'mae', 'ccp_alpha': 1.0}",0.09105884694568628,0.2365740226678129,0.09208973487925085,0.3017595846790724,8.937532340375366
167,BA11_70:30_Log_window3_PCA_90,K-Neighbors Regressor,"{'weights': 'uniform', 'n_neighbors': 9}",0.1112467015116568,0.2279589249231572,0.0827983464278509,0.3335366569234285,8.75529807409367
168,BA11_70:30_Log_window3_PCA_95,K-Neighbors Regressor,"{'weights': 'uniform', 'n_neighbors': 9}",0.1094167173590694,0.2301664411499006,0.08382073638668125,0.3307819785887215,8.835959896136544
169,BA11_70:30_Log_window3_PCA_90,Stochastic Gradient Descent Regressor,"{'tol': 0.0001, 'power_t': 0.25, 'penalty': 'elasticnet', 'max_iter': 3000, 'loss': 'squared_loss', 'learning_rate': 'optimal', 'l1_ratio': 0, 'fit_intercept': True, 'eta0': 0.001, 'alpha': 1}",0.152411342515789,0.3288229237896212,0.1196478930730264,0.3903989530157438,12.54005853485303
170,BA11_70:30_Log_window3_PCA_95,Stochastic Gradient Descent Regressor,"{'tol': 0.0001, 'power_t': 0.25, 'penalty': 'elasticnet', 'max_iter': 3000, 'loss': 'squared_loss', 'learning_rate': 'optimal', 'l1_ratio': 0, 'fit_intercept': True, 'eta0': 0.001, 'alpha': 1}",0.1523987659514019,0.3287872433612654,0.1196320854141947,0.3903828453600413,12.53861148201535
171,BA11_70:30_Log_window3_PCA_90,Voting Regressor,"{'rf__n_estimators': 50, 'gb__n_estimators': 10}",0.0684543802751485,0.1901071653883977,0.06850175802635128,0.2616378800463505,7.27016036364603
172,BA11_70:30_Log_window3_PCA_95,Voting Regressor,"{'rf__n_estimators': 10, 'gb__n_estimators': 10}",0.05297114483779598,0.1615033034045295,0.0585836775225524,0.2301546107246083,6.054467265764933
173,BA11_70:30_Log_window3_PCA_90,Stacking Regressor,{'final_estimator': LinearSVR(random_state=42)},0.0333370969771663,0.09773503032370742,0.0425811832420449,0.1825844927072568,3.893808493847143
174,BA11_70:30_Log_window3_PCA_95,Stacking Regressor,{'final_estimator': LinearSVR(random_state=42)},0.03709078409452823,0.1336559414593915,0.05311694377558381,0.1925896780581146,5.125771796723582
175,BA11_70:30_Log_window3_PCA_90,Gradient Boosting Regressor,"{'n_estimators': 10, 'min_samples_split': 10, 'min_samples_leaf': 10, 'min_impurity_decrease': 2, 'max_leaf_nodes': 10, 'max_features': 'sqrt', 'max_depth': None, 'learning_rate': 0.05}",0.1032605258212097,0.2786278701887796,0.1010206167250612,0.3213417586016635,10.5406572771299
176,BA11_70:30_Log_window3_PCA_95,Gradient Boosting Regressor,"{'n_estimators': 100, 'min_samples_split': 2, 'min_samples_leaf': 10, 'min_impurity_decrease': 2, 'max_leaf_nodes': 20, 'max_features': None, 'max_depth': 20, 'learning_rate': 0.05}",0.07411274171138367,0.232422227830839,0.08815242654466753,0.2722365546934938,8.816784349695979
177,BA11_70:30_Log_window3_PCA_90,Random Forest Regressor,"{'n_estimators': 50, 'min_samples_split': 2, 'min_samples_leaf': 4, 'max_depth': 20}",0.02872277064481508,0.1248396433121569,0.0464201214832791,0.1694779355692507,4.804867058674233
178,BA11_70:30_Log_window3_PCA_95,Random Forest Regressor,"{'n_estimators': 50, 'min_samples_split': 2, 'min_samples_leaf': 4, 'max_depth': 20}",0.02424211225022324,0.1038219507325781,0.04048698954945284,0.1556987869259849,4.015125421604887
179,BA11_70:30_Log_window3_PCA_90,AdaBoostRegressor,"{'n_estimators': 50, 'loss': 'exponential', 'learning_rate': 0.01}",0.01984923951352877,0.1044258973950349,0.04100946165697703,0.1408873291447062,4.013598473193899
180,BA11_70:30_Log_window3_PCA_95,AdaBoostRegressor,"{'n_estimators': 200, 'loss': 'square', 'learning_rate': 0.01}",0.0256245243102293,0.1171847919940391,0.04692011896840049,0.1600766201237061,4.524008778899448
181,BA11_70:30_Log_window3_PCA_90,BaggingRegressor,"{'n_estimators': 150, 'max_samples': 0.1, 'max_features': 1.0}",0.06576863243805388,0.1898826902957565,0.06943391095700782,0.256453957735212,7.174083673671702
182,BA11_70:30_Log_window3_PCA_95,BaggingRegressor,"{'n_estimators': 150, 'max_samples': 0.1, 'max_features': 1.0}",0.07150851305060749,0.1970119335332689,0.07273272269930883,0.2674107571707007,7.415224364411162
183,BA11_70:30_Log_window3_PCA_90,ExtraTreesRegressor,"{'n_estimators': 10, 'min_samples_split': 2, 'min_samples_leaf': 4, 'max_depth': 30}",0.1122884651976876,0.2307021808398604,0.08368155797287356,0.3350947107873946,8.954904826316763
184,BA11_70:30_Log_window3_PCA_95,ExtraTreesRegressor,"{'n_estimators': 50, 'min_samples_split': 2, 'min_samples_leaf': 4, 'max_depth': 20}",0.05187006583683501,0.1799931957414107,0.06550406131638352,0.227750007325653,6.821549076136376
185,BA11_70:30_Log_window3_PCA_90,XGBoost Regressor,"{'subsample': 1.0, 'reg_lambda': 0, 'reg_alpha': 1.0, 'n_estimators': 700, 'min_child_weight': 1, 'max_depth': 9, 'learning_rate': 0.01, 'gamma': 0.3, 'colsample_bytree': 0.8}",0.03680057544517754,0.1496151496879791,0.05603856082328411,0.1918347607843207,5.67119634408681
186,BA11_70:30_Log_window3_PCA_95,XGBoost Regressor,"{'subsample': 1.0, 'reg_lambda': 0, 'reg_alpha': 1.0, 'n_estimators': 700, 'min_child_weight': 1, 'max_depth': 9, 'learning_rate': 0.01, 'gamma': 0.3, 'colsample_bytree': 0.8}",0.03539419643092066,0.1448859041476995,0.05497466925521746,0.1881334537792805,5.482934162166792
187,BA11_70:30_Log_window3_PCA_90,Multilayer Perceptron,"{'module__num_units': 50, 'module__activation_func': Tanh(), 'lr': 0.1}",0.07702437043190002,0.2036760300397873,0.08298436552286148,0.277532647506379,7.736954838037491
188,BA11_70:30_Log_window3_PCA_95,Multilayer Perceptron,"{'module__num_units': 50, 'module__activation_func': Tanh(), 'lr': 0.1}",0.07207050919532776,0.2000142335891724,0.08033695071935654,0.2684595112774508,7.596540451049805
189,BA11_70:30_Log_window3_PCA_90,Long Short-Term Memory Network,"{'module__num_layers': 1, 'module__hidden_size': 25, 'max_epochs': 20, 'lr': 0.1, 'batch_size': 16}",0.04710014536976814,0.1858915239572525,0.06880182027816772,0.2170256790561157,6.721118837594986
190,BA11_70:30_Log_window3_PCA_95,Long Short-Term Memory Network,"{'module__num_layers': 1, 'module__hidden_size': 25, 'max_epochs': 20, 'lr': 0.1, 'batch_size': 16}",0.04709149152040482,0.1819098144769669,0.0676327496767044,0.2170057407544898,6.580433249473572
191,BA11_70:30_Log_window3_PCA_90,Convolutional neural network,{},0.1854676306247711,0.4021100401878357,0.1484173238277435,0.4306595298199857,15.74795991182327
192,BA11_70:30_Log_window3_PCA_95,Convolutional neural network,{},0.08719636499881744,0.2494600862264633,0.09391700476408005,0.2952903063068909,9.479043632745743
193,BA11_80:20_MinMax_window3_ICA_90,Linear Regressor,{},6.504414644900465e-06,0.001989070592063427,0.002628547921437406,0.002550375392937374,0.2633343576525441
194,BA11_80:20_MinMax_window3_ICA_95,Linear Regressor,{},5.93453142080291e-06,0.001800384312573148,0.002301537789966364,0.002436089370446599,0.2305630791883216
195,BA11_80:20_MinMax_window3_ICA_90,Support Vector Regressor,"{'kernel': 'rbf', 'gamma': 0.0001, 'C': 1}",0.02947956456926529,0.1356371802774774,0.1786779733394287,0.1716961402282104,19.39456711618169
196,BA11_80:20_MinMax_window3_ICA_95,Support Vector Regressor,"{'kernel': 'rbf', 'gamma': 0.0001, 'C': 1}",0.02948119991294584,0.1356403828567962,0.178681383369244,0.1717009024814542,19.39506987007328
197,BA11_80:20_MinMax_window3_ICA_90,Decision Tree Regressor,"{'splitter': 'best', 'min_samples_split': 5, 'min_samples_leaf': 4, 'min_impurity_decrease': 0.1, 'max_leaf_nodes': 90, 'max_features': None, 'max_depth': 26, 'criterion': 'mae', 'ccp_alpha': 0.0}",0.02882234164840508,0.1346358438386558,0.1782026335640415,0.1697714394366882,19.23936576403386
198,BA11_80:20_MinMax_window3_ICA_95,Decision Tree Regressor,"{'splitter': 'best', 'min_samples_split': 5, 'min_samples_leaf': 4, 'min_impurity_decrease': 0.1, 'max_leaf_nodes': 90, 'max_features': None, 'max_depth': 26, 'criterion': 'mae', 'ccp_alpha': 0.0}",0.02882234164840508,0.1346358438386558,0.1782026335640415,0.1697714394366882,19.23936576403386
199,BA11_80:20_MinMax_window3_ICA_90,K-Neighbors Regressor,"{'weights': 'uniform', 'n_neighbors': 1}",0.06852720707631121,0.1660904983740551,0.2310188408258339,0.2617770178535755,26.55339679771885
200,BA11_80:20_MinMax_window3_ICA_95,K-Neighbors Regressor,"{'weights': 'distance', 'n_neighbors': 2}",0.06430264874471163,0.193774795650152,0.2542722262470754,0.2535796694230664,29.56661687465177
201,BA11_80:20_MinMax_window3_ICA_90,Stochastic Gradient Descent Regressor,"{'tol': 0.0001, 'power_t': 0.25, 'penalty': 'elasticnet', 'max_iter': 3000, 'loss': 'squared_loss', 'learning_rate': 'optimal', 'l1_ratio': 0, 'fit_intercept': True, 'eta0': 0.001, 'alpha': 1}",0.03306811759656291,0.1405085227769504,0.1808432542962874,0.1818464121080284,20.15844328250092
202,BA11_80:20_MinMax_window3_ICA_95,Stochastic Gradient Descent Regressor,"{'tol': 0.0001, 'power_t': 0.25, 'penalty': 'elasticnet', 'max_iter': 3000, 'loss': 'squared_loss', 'learning_rate': 'optimal', 'l1_ratio': 0, 'fit_intercept': True, 'eta0': 0.001, 'alpha': 1}",0.03306595749701981,0.1405027396682731,0.1808323682277296,0.181840472659471,20.15749608905713
203,BA11_80:20_MinMax_window3_ICA_90,Voting Regressor,"{'rf__n_estimators': 10, 'gb__n_estimators': 100}",0.03241712192752679,0.1342791651316924,0.1728802993271292,0.1800475546280115,20.00104670333702
204,BA11_80:20_MinMax_window3_ICA_95,Voting Regressor,"{'rf__n_estimators': 10, 'gb__n_estimators': 10}",0.03662233276774005,0.1528442124385878,0.1969216328046443,0.1913696234195491,22.75134765940671
205,BA11_80:20_MinMax_window3_ICA_90,Stacking Regressor,{'final_estimator': LinearRegression()},6.756136051202942e-05,0.006788202926610178,0.008800961742363828,0.008219571796147863,0.8844635168971907
206,BA11_80:20_MinMax_window3_ICA_95,Stacking Regressor,{'final_estimator': GradientBoostingRegressor(random_state=42)},0.164790672844123,0.3343087536559027,0.4591379233769612,0.40594417454143,56.49857134269658
207,BA11_80:20_MinMax_window3_ICA_90,Gradient Boosting Regressor,"{'n_estimators': 100, 'min_samples_split': 2, 'min_samples_leaf': 2, 'min_impurity_decrease': 0, 'max_leaf_nodes': 20, 'max_features': 'sqrt', 'max_depth': 30, 'learning_rate': 0.5}",0.05294789140659416,0.1847045617361555,0.2637856389990065,0.2301040882005232,25.87243823564403
208,BA11_80:20_MinMax_window3_ICA_95,Gradient Boosting Regressor,"{'n_estimators': 50, 'min_samples_split': 2, 'min_samples_leaf': 2, 'min_impurity_decrease': 0, 'max_leaf_nodes': 15, 'max_features': 'log2', 'max_depth': 20, 'learning_rate': 0.05}",0.04406089955204358,0.1742131448120607,0.2276154659966421,0.2099068830506603,26.36137293529699
209,BA11_80:20_MinMax_window3_ICA_90,Random Forest Regressor,"{'n_estimators': 100, 'min_samples_split': 10, 'min_samples_leaf': 1, 'max_depth': 20}",0.08938133725280614,0.2414422637096568,0.3124965259326431,0.2989671173437075,39.78740900065971
210,BA11_80:20_MinMax_window3_ICA_95,Random Forest Regressor,"{'n_estimators': 10, 'min_samples_split': 10, 'min_samples_leaf': 2, 'max_depth': 10}",0.1162454700140308,0.2875291856233961,0.3785791076699458,0.3409478992661941,49.83384883736749
211,BA11_80:20_MinMax_window3_ICA_90,AdaBoostRegressor,"{'n_estimators': 50, 'loss': 'exponential', 'learning_rate': 0.01}",0.07601927407285482,0.2119390426709752,0.2827859524692692,0.2757159300309919,35.615003967258
212,BA11_80:20_MinMax_window3_ICA_95,AdaBoostRegressor,"{'n_estimators': 400, 'loss': 'square', 'learning_rate': 1.0}",0.07138158133273116,0.2271797894417498,0.2968944305135082,0.267173317029847,36.2904080793846
213,BA11_80:20_MinMax_window3_ICA_90,BaggingRegressor,"{'n_estimators': 50, 'max_samples': 0.7000000000000001, 'max_features': 0.9}",0.07534777487250792,0.2166764425534712,0.2734735582663592,0.2744954915340285,33.99397814685535
214,BA11_80:20_MinMax_window3_ICA_95,BaggingRegressor,"{'n_estimators': 130, 'max_samples': 0.8, 'max_features': 0.6}",0.07197725124833933,0.2178498105970704,0.2776313538555579,0.2682857641551995,34.18934238672573
215,BA11_80:20_MinMax_window3_ICA_90,ExtraTreesRegressor,"{'n_estimators': 50, 'min_samples_split': 10, 'min_samples_leaf': 1, 'max_depth': 30}",0.1146028156998775,0.2895483481077654,0.3818875296846349,0.3385303763325789,48.57967066631313
216,BA11_80:20_MinMax_window3_ICA_95,ExtraTreesRegressor,"{'n_estimators': 100, 'min_samples_split': 10, 'min_samples_leaf': 1, 'max_depth': 20}",0.1040878439294502,0.2782041424098582,0.3684910879579132,0.32262647741537,47.53781102995512
217,BA11_80:20_MinMax_window3_ICA_90,XGBoost Regressor,"{'subsample': 0.9, 'reg_lambda': 1.0, 'reg_alpha': 0, 'n_estimators': 100, 'min_child_weight': 5, 'max_depth': 3, 'learning_rate': 0.1, 'gamma': 0.2, 'colsample_bytree': 1.0}",0.07172277983872234,0.1990420673130869,0.2534132916401117,0.2678110898352089,31.85042533933137
218,BA11_80:20_MinMax_window3_ICA_95,XGBoost Regressor,"{'subsample': 0.9, 'reg_lambda': 1.0, 'reg_alpha': 0, 'n_estimators': 100, 'min_child_weight': 5, 'max_depth': 3, 'learning_rate': 0.1, 'gamma': 0.2, 'colsample_bytree': 1.0}",0.06247127182878053,0.1946105551797913,0.2498622181610467,0.2499425370535806,30.37721605829951
219,BA11_80:20_MinMax_window3_ICA_90,Multilayer Perceptron,"{'module__num_units': 10, 'module__activation_func': ReLU(), 'lr': 0.1}",0.02999256737530231,0.1522808223962784,0.2280378341674805,0.1731836232884112,21.51436805725098
220,BA11_80:20_MinMax_window3_ICA_95,Multilayer Perceptron,"{'module__num_units': 20, 'module__activation_func': Tanh(), 'lr': 0.1}",0.02377390302717686,0.1312870979309082,0.1954654157161713,0.1541878822319603,18.65339577198029
221,BA11_80:20_MinMax_window3_ICA_90,Long Short-Term Memory Network,"{'module__num_layers': 1, 'module__hidden_size': 25, 'max_epochs': 20, 'lr': 0.1, 'batch_size': 16}",0.02998600900173187,0.1485162675380707,0.1934547424316406,0.1731646875137419,20.1076939702034
222,BA11_80:20_MinMax_window3_ICA_95,Long Short-Term Memory Network,"{'module__num_layers': 1, 'module__hidden_size': 75, 'max_epochs': 30, 'lr': 0.1, 'batch_size': 16}",0.02053834870457649,0.1210198700428009,0.1583713889122009,0.1433120675469323,16.16794168949127
223,BA11_80:20_MinMax_window3_ICA_90,Convolutional neural network,{},0.0375768356025219,0.1650983095169067,0.2753283977508545,0.1938474544649011,22.73560017347336
224,BA11_80:20_MinMax_window3_ICA_95,Convolutional neural network,{},0.03716199472546577,0.1628474742174149,0.2601653933525085,0.1927744659581911,22.5594699382782
225,BA11_60:40_MinMax_window3_ICA_90,Linear Regressor,{},0.01640420135517722,0.09513128681164637,0.1309577893551041,0.1280788872343027,13.76026363770887
226,BA11_60:40_MinMax_window3_ICA_95,Linear Regressor,{},0.01621805853563816,0.0950664264010447,0.1318077656621381,0.1273501414825997,13.80481912645776
227,BA11_60:40_MinMax_window3_ICA_90,Support Vector Regressor,"{'kernel': 'rbf', 'gamma': 0.0001, 'C': 1}",0.0471599115616187,0.1729590044758196,0.377962468269861,0.2171633292285295,28.06760865964565
228,BA11_60:40_MinMax_window3_ICA_95,Support Vector Regressor,"{'kernel': 'rbf', 'gamma': 0.0001, 'C': 1}",0.04715760836902046,0.172962605166166,0.3779625685925862,0.2171580262597274,28.06831296812733
229,BA11_60:40_MinMax_window3_ICA_90,Decision Tree Regressor,"{'splitter': 'best', 'min_samples_split': 5, 'min_samples_leaf': 4, 'min_impurity_decrease': 0.1, 'max_leaf_nodes': 90, 'max_features': None, 'max_depth': 26, 'criterion': 'mae', 'ccp_alpha': 0.0}",0.0466440454529416,0.1721431343595131,0.3804385996473661,0.2159723256645203,27.92300018704432
230,BA11_60:40_MinMax_window3_ICA_95,Decision Tree Regressor,"{'splitter': 'best', 'min_samples_split': 5, 'min_samples_leaf': 4, 'min_impurity_decrease': 0.1, 'max_leaf_nodes': 90, 'max_features': None, 'max_depth': 26, 'criterion': 'mae', 'ccp_alpha': 0.0}",0.0466440454529416,0.1721431343595131,0.3804385996473661,0.2159723256645203,27.92300018704432
231,BA11_60:40_MinMax_window3_ICA_90,K-Neighbors Regressor,"{'weights': 'distance', 'n_neighbors': 2}",0.05186861115783602,0.1799099476740746,0.3521061339842719,0.2277468137161001,29.50408684335539
232,BA11_60:40_MinMax_window3_ICA_95,K-Neighbors Regressor,"{'weights': 'uniform', 'n_neighbors': 1}",0.04376021510136787,0.1653155011229345,0.3250665581785812,0.2091894239711173,27.4957694521241
233,BA11_60:40_MinMax_window3_ICA_90,Stochastic Gradient Descent Regressor,"{'tol': 0.0001, 'power_t': 0.25, 'penalty': 'elasticnet', 'max_iter': 3000, 'loss': 'squared_loss', 'learning_rate': 'optimal', 'l1_ratio': 0, 'fit_intercept': True, 'eta0': 0.001, 'alpha': 1}",0.04945443470418908,0.1762570462213097,0.3675329711099494,0.2223835306496169,28.66420003190955
234,BA11_60:40_MinMax_window3_ICA_95,Stochastic Gradient Descent Regressor,"{'tol': 0.0001, 'power_t': 0.25, 'penalty': 'elasticnet', 'max_iter': 3000, 'loss': 'squared_loss', 'learning_rate': 'optimal', 'l1_ratio': 0, 'fit_intercept': True, 'eta0': 0.001, 'alpha': 1}",0.04945666259715727,0.1762713795681788,0.3675371497950072,0.2223885397163201,28.66661777314427
235,BA11_60:40_MinMax_window3_ICA_90,Voting Regressor,"{'rf__n_estimators': 100, 'gb__n_estimators': 10}",0.0337529644539025,0.1363119585277916,0.2601056074628622,0.1837197987531624,22.23626139533787
236,BA11_60:40_MinMax_window3_ICA_95,Voting Regressor,"{'rf__n_estimators': 100, 'gb__n_estimators': 10}",0.03586413028548839,0.1401630246912675,0.2543586787540389,0.1893782730027085,22.932375229108
237,BA11_60:40_MinMax_window3_ICA_90,Stacking Regressor,{'final_estimator': LinearSVR(random_state=42)},0.1399302852979218,0.3187068685555481,0.7270631225166623,0.3740725668876585,49.60254184220145
238,BA11_60:40_MinMax_window3_ICA_95,Stacking Regressor,{'final_estimator': LinearSVR(random_state=42)},0.1883111322637764,0.3722620667351177,0.8544745343992631,0.4339483059809963,58.23449872182947
239,BA11_60:40_MinMax_window3_ICA_90,Gradient Boosting Regressor,"{'n_estimators': 10, 'min_samples_split': 10, 'min_samples_leaf': 10, 'min_impurity_decrease': 2, 'max_leaf_nodes': 10, 'max_features': 'sqrt', 'max_depth': None, 'learning_rate': 0.05}",0.05016420995472174,0.1779620615006171,0.3714125642462172,0.2239736813885099,28.92868340338037
240,BA11_60:40_MinMax_window3_ICA_95,Gradient Boosting Regressor,"{'n_estimators': 10, 'min_samples_split': 10, 'min_samples_leaf': 10, 'min_impurity_decrease': 2, 'max_leaf_nodes': 10, 'max_features': 'sqrt', 'max_depth': None, 'learning_rate': 0.05}",0.05016420995472174,0.1779620615006171,0.3714125642462172,0.2239736813885099,28.92868340338037
241,BA11_60:40_MinMax_window3_ICA_90,Random Forest Regressor,"{'n_estimators': 100, 'min_samples_split': 10, 'min_samples_leaf': 1, 'max_depth': 20}",0.0510419135722995,0.1831264615560694,0.3629247712275834,0.2259245749631932,29.93312406632873
242,BA11_60:40_MinMax_window3_ICA_95,Random Forest Regressor,"{'n_estimators': 100, 'min_samples_split': 10, 'min_samples_leaf': 1, 'max_depth': 20}",0.05210455701812288,0.1856291204848561,0.3578352803148473,0.2282642263214341,30.41132079441148
243,BA11_60:40_MinMax_window3_ICA_90,AdaBoostRegressor,"{'n_estimators': 50, 'loss': 'exponential', 'learning_rate': 0.01}",0.04590277526311085,0.1696629742032295,0.3582778763972034,0.2142493296678215,27.65559625928913
244,BA11_60:40_MinMax_window3_ICA_95,AdaBoostRegressor,"{'n_estimators': 250, 'loss': 'linear', 'learning_rate': 0.01}",0.04792727391096695,0.1698946829458179,0.3473102859072493,0.2189229862553655,27.746781640372
245,BA11_60:40_MinMax_window3_ICA_90,BaggingRegressor,"{'n_estimators': 80, 'max_samples': 0.7000000000000001, 'max_features': 0.1}",0.05285270832860196,0.1874871419987469,0.3804514671483791,0.229897169031291,30.58720648262302
246,BA11_60:40_MinMax_window3_ICA_95,BaggingRegressor,"{'n_estimators': 160, 'max_samples': 0.7000000000000001, 'max_features': 0.8}",0.05437304273981679,0.1865363782578445,0.358620457613234,0.2331802794831004,30.53548994353618
247,BA11_60:40_MinMax_window3_ICA_90,ExtraTreesRegressor,"{'n_estimators': 100, 'min_samples_split': 10, 'min_samples_leaf': 1, 'max_depth': 20}",0.1145753862824165,0.2879112936776241,0.4308093365264453,0.3384898614174676,51.17868006078293
248,BA11_60:40_MinMax_window3_ICA_95,ExtraTreesRegressor,"{'n_estimators': 50, 'min_samples_split': 10, 'min_samples_leaf': 1, 'max_depth': 30}",0.1311647410258531,0.3073033614763179,0.4543585637811309,0.3621667309760148,55.79756827310446
249,BA11_60:40_MinMax_window3_ICA_90,XGBoost Regressor,"{'subsample': 1.0, 'reg_lambda': 0, 'reg_alpha': 1.0, 'n_estimators': 700, 'min_child_weight': 1, 'max_depth': 9, 'learning_rate': 0.01, 'gamma': 0.3, 'colsample_bytree': 0.8}",0.05016421035023868,0.1779620624788568,0.3714125642024546,0.2239736822714639,28.9286835700689
250,BA11_60:40_MinMax_window3_ICA_95,XGBoost Regressor,"{'subsample': 1.0, 'reg_lambda': 0, 'reg_alpha': 1.0, 'n_estimators': 700, 'min_child_weight': 1, 'max_depth': 9, 'learning_rate': 0.01, 'gamma': 0.3, 'colsample_bytree': 0.8}",0.05016421035023868,0.1779620624788568,0.3714125642024546,0.2239736822714639,28.9286835700689
251,BA11_60:40_MinMax_window3_ICA_90,Multilayer Perceptron,"{'module__num_units': 20, 'module__activation_func': Tanh(), 'lr': 0.1}",0.04496746510267258,0.1678532958030701,0.3981935977935791,0.2120553350016749,27.14176774024963
252,BA11_60:40_MinMax_window3_ICA_95,Multilayer Perceptron,"{'module__num_units': 20, 'module__activation_func': Tanh(), 'lr': 0.1}",0.04526397958397865,0.1725677698850632,0.409733921289444,0.2127533303710629,27.80727744102478
253,BA11_60:40_MinMax_window3_ICA_90,Long Short-Term Memory Network,"{'module__num_layers': 1, 'module__hidden_size': 25, 'max_epochs': 20, 'lr': 0.1, 'batch_size': 16}",0.03021501377224922,0.1490927785634995,0.2353578060865402,0.1738246638778549,21.31683975458145
254,BA11_60:40_MinMax_window3_ICA_95,Long Short-Term Memory Network,"{'module__num_layers': 1, 'module__hidden_size': 25, 'max_epochs': 20, 'lr': 0.1, 'batch_size': 16}",0.02842947281897068,0.1411485224962234,0.2335198819637299,0.1686104172907792,20.26330083608627
255,BA11_60:40_MinMax_window3_ICA_90,Convolutional neural network,{},0.05030094832181931,0.1735894829034805,0.4622420072555542,0.2242787290890942,27.57526040077209
256,BA11_60:40_MinMax_window3_ICA_95,Convolutional neural network,{},0.04355403780937195,0.1647181957960129,0.4173530042171478,0.2086960416715467,26.80767774581909
257,BA11_70:30_MinMax_window3_ICA_90,Linear Regressor,{},8.379230873112819e-06,0.002320970380454996,0.003599506169037011,0.002894690116940468,0.359638670624763
258,BA11_70:30_MinMax_window3_ICA_95,Linear Regressor,{},8.032581434309452e-06,0.002254359147233755,0.003434899768707666,0.002834180910652927,0.3433377075262021
259,BA11_70:30_MinMax_window3_ICA_90,Support Vector Regressor,"{'kernel': 'rbf', 'gamma': 0.001, 'C': 1}",0.03570068097154876,0.1526855058849959,0.245086796079216,0.1889462383101309,23.37536991369841
260,BA11_70:30_MinMax_window3_ICA_95,Support Vector Regressor,"{'kernel': 'rbf', 'gamma': 0.001, 'C': 1}",0.03575624537044277,0.1527337519680875,0.2450655748810765,0.1890932187320391,23.38251001168891
261,BA11_70:30_MinMax_window3_ICA_90,Decision Tree Regressor,"{'splitter': 'best', 'min_samples_split': 5, 'min_samples_leaf': 4, 'min_impurity_decrease': 0.1, 'max_leaf_nodes': 90, 'max_features': None, 'max_depth': 26, 'criterion': 'mae', 'ccp_alpha': 0.0}",0.03533873515809639,0.1523987492672792,0.2472339444519311,0.1879859972394125,23.32505932938447
262,BA11_70:30_MinMax_window3_ICA_95,Decision Tree Regressor,"{'splitter': 'best', 'min_samples_split': 5, 'min_samples_leaf': 4, 'min_impurity_decrease': 0.1, 'max_leaf_nodes': 90, 'max_features': None, 'max_depth': 26, 'criterion': 'mae', 'ccp_alpha': 0.0}",0.03533873515809639,0.1523987492672792,0.2472339444519311,0.1879859972394125,23.32505932938447
263,BA11_70:30_MinMax_window3_ICA_90,K-Neighbors Regressor,"{'weights': 'distance', 'n_neighbors': 3}",0.04554098297221729,0.156128107390242,0.2463452433227393,0.2134033340231996,24.43130716791909
264,BA11_70:30_MinMax_window3_ICA_95,K-Neighbors Regressor,"{'weights': 'uniform', 'n_neighbors': 5}",0.03527322837681106,0.1467422366212839,0.2437778711440395,0.1878116832809159,22.54307188704035
265,BA11_70:30_MinMax_window3_ICA_90,Stochastic Gradient Descent Regressor,"{'tol': 0.0001, 'power_t': 0.25, 'penalty': 'elasticnet', 'max_iter': 3000, 'loss': 'squared_loss', 'learning_rate': 'optimal', 'l1_ratio': 0, 'fit_intercept': True, 'eta0': 0.001, 'alpha': 1}",0.03853294201285304,0.1568137925134822,0.2434146469468482,0.1962980947764217,24.04336595950461
266,BA11_70:30_MinMax_window3_ICA_95,Stochastic Gradient Descent Regressor,"{'tol': 0.0001, 'power_t': 0.25, 'penalty': 'elasticnet', 'max_iter': 3000, 'loss': 'squared_loss', 'learning_rate': 'optimal', 'l1_ratio': 0, 'fit_intercept': True, 'eta0': 0.001, 'alpha': 1}",0.0385306773744275,0.156840536188095,0.2434525177214937,0.1962923263258844,24.04791896207513
267,BA11_70:30_MinMax_window3_ICA_90,Voting Regressor,"{'rf__n_estimators': 200, 'gb__n_estimators': 200}",0.01656644379705167,0.1058572434508086,0.1655548408219376,0.1287106980676108,16.16472218678046
268,BA11_70:30_MinMax_window3_ICA_95,Voting Regressor,"{'rf__n_estimators': 10, 'gb__n_estimators': 10}",0.02183179938159012,0.1269535673126922,0.2030699605249353,0.1477558776549688,19.95466545237592
269,BA11_70:30_MinMax_window3_ICA_90,Stacking Regressor,{'final_estimator': LinearRegression()},0.4873622580206562,0.559495177346993,0.9074878492009186,0.6981133561397148,92.73522264170536
270,BA11_70:30_MinMax_window3_ICA_95,Stacking Regressor,{'final_estimator': LinearRegression()},0.6716682042513148,0.6726590938199354,1.101248612038371,0.8195536616057028,105.6512102179655
271,BA11_70:30_MinMax_window3_ICA_90,Gradient Boosting Regressor,"{'n_estimators': 200, 'min_samples_split': 2, 'min_samples_leaf': 10, 'min_impurity_decrease': 0, 'max_leaf_nodes': 5, 'max_features': 'log2', 'max_depth': 30, 'learning_rate': 0.1}",0.03376053676883926,0.1510353020263334,0.2730909104790326,0.1837404059232461,23.05636575127964
272,BA11_70:30_MinMax_window3_ICA_95,Gradient Boosting Regressor,"{'n_estimators': 50, 'min_samples_split': 2, 'min_samples_leaf': 2, 'min_impurity_decrease': 0, 'max_leaf_nodes': 15, 'max_features': 'log2', 'max_depth': 20, 'learning_rate': 0.05}",0.02608151821313694,0.1360944171986248,0.2352322169106514,0.1614977343901051,21.2209750850194
273,BA11_70:30_MinMax_window3_ICA_90,Random Forest Regressor,"{'n_estimators': 10, 'min_samples_split': 10, 'min_samples_leaf': 2, 'max_depth': 10}",0.05517294644326053,0.2109332618223642,0.3228105135102302,0.2348892216413102,34.45623250709383
274,BA11_70:30_MinMax_window3_ICA_95,Random Forest Regressor,"{'n_estimators': 10, 'min_samples_split': 2, 'min_samples_leaf': 4, 'max_depth': 30}",0.0570547314201546,0.2017115773132094,0.322598214733329,0.2388613225705547,32.15356677192615
275,BA11_70:30_MinMax_window3_ICA_90,AdaBoostRegressor,"{'n_estimators': 400, 'loss': 'square', 'learning_rate': 1.0}",0.03780990302650339,0.1654177468894955,0.2704944285071151,0.1944476871204782,25.61198670208719
276,BA11_70:30_MinMax_window3_ICA_95,AdaBoostRegressor,"{'n_estimators': 400, 'loss': 'square', 'learning_rate': 1.0}",0.03509657736982177,0.1587024044289777,0.270440226477483,0.1873408054050739,24.40885797682672
277,BA11_70:30_MinMax_window3_ICA_90,BaggingRegressor,"{'n_estimators': 60, 'max_samples': 1.0, 'max_features': 0.6}",0.04704645368586823,0.1772215491326691,0.2734817744059739,0.2169019448641902,27.52180559421168
278,BA11_70:30_MinMax_window3_ICA_95,BaggingRegressor,"{'n_estimators': 160, 'max_samples': 0.7000000000000001, 'max_features': 0.8}",0.05157682296561392,0.191343490225493,0.2944444843915118,0.2271053124997606,30.01857576871294
279,BA11_70:30_MinMax_window3_ICA_90,ExtraTreesRegressor,"{'n_estimators': 50, 'min_samples_split': 10, 'min_samples_leaf': 1, 'max_depth': 30}",0.04371840619620839,0.1641298618600761,0.25012091521688,0.2090894693575178,25.20962063209287
280,BA11_70:30_MinMax_window3_ICA_95,ExtraTreesRegressor,"{'n_estimators': 100, 'min_samples_split': 10, 'min_samples_leaf': 1, 'max_depth': 20}",0.1293456524361219,0.3078855875600544,0.4376197015299285,0.3596465660007361,57.39313599767348
281,BA11_70:30_MinMax_window3_ICA_90,XGBoost Regressor,"{'subsample': 0.9, 'reg_lambda': 1.0, 'reg_alpha': 0, 'n_estimators': 100, 'min_child_weight': 5, 'max_depth': 3, 'learning_rate': 0.1, 'gamma': 0.2, 'colsample_bytree': 1.0}",0.03123995660583838,0.1423828769449949,0.2456902103357757,0.1767482860053765,21.79476890594404
282,BA11_70:30_MinMax_window3_ICA_95,XGBoost Regressor,"{'subsample': 1.0, 'reg_lambda': 0, 'reg_alpha': 1.0, 'n_estimators': 700, 'min_child_weight': 1, 'max_depth': 9, 'learning_rate': 0.01, 'gamma': 0.3, 'colsample_bytree': 0.8}",0.03928414323802915,0.1583265585977369,0.2457944721322727,0.1982022785893975,24.28600325196454
283,BA11_70:30_MinMax_window3_ICA_90,Multilayer Perceptron,"{'module__num_units': 10, 'module__activation_func': ReLU(), 'lr': 0.1}",0.03001433610916138,0.1405484676361084,0.2538701891899109,0.1732464605963463,21.50323241949081
284,BA11_70:30_MinMax_window3_ICA_95,Multilayer Perceptron,"{'module__num_units': 20, 'module__activation_func': ReLU(), 'lr': 0.1}",0.03286781907081604,0.1477837264537811,0.2667555510997772,0.1812948401660015,22.52085506916046
285,BA11_70:30_MinMax_window3_ICA_90,Long Short-Term Memory Network,"{'module__num_layers': 1, 'module__hidden_size': 75, 'max_epochs': 30, 'lr': 0.1, 'batch_size': 16}",0.02585351467132568,0.1391713470220566,0.2228051722049713,0.160790281644525,19.62881684303284
286,BA11_70:30_MinMax_window3_ICA_95,Long Short-Term Memory Network,"{'module__num_layers': 1, 'module__hidden_size': 25, 'max_epochs': 20, 'lr': 0.1, 'batch_size': 16}",0.03476084023714066,0.1649118959903717,0.2426259070634842,0.1864425923364633,22.93665260076523
287,BA11_70:30_MinMax_window3_ICA_90,Convolutional neural network,{},0.03395868092775345,0.1367421001195908,0.2827835381031036,0.1842788130191679,20.8003431558609
288,BA11_70:30_MinMax_window3_ICA_95,Convolutional neural network,{},0.03768369182944298,0.155360996723175,0.3077759742736816,0.194122878171129,23.3917236328125
289,BA11_60:40_Log_window3_ICA_90,Linear Regressor,{},1.316257459281238e-07,0.0002509969180605647,0.0001063982959866505,0.0003628026266830545,0.01063862700102832
290,BA11_60:40_Log_window3_ICA_95,Linear Regressor,{},1.727911777847357e-07,0.0002949255704072701,0.0001284744009880218,0.0004156815822053411,0.01284561624115674
291,BA11_60:40_Log_window3_ICA_90,Support Vector Regressor,"{'kernel': 'rbf', 'gamma': 0.0001, 'C': 1}",0.1806957171328901,0.295873099706657,0.140952536453238,0.4250831884853717,12.01368098558806
292,BA11_60:40_Log_window3_ICA_95,Support Vector Regressor,"{'kernel': 'rbf', 'gamma': 0.0001, 'C': 1}",0.1806876129161776,0.2958737609721217,0.1409509595288649,0.4250736558717531,12.01372353850578
293,BA11_60:40_Log_window3_ICA_90,Decision Tree Regressor,"{'splitter': 'best', 'min_samples_split': 5, 'min_samples_leaf': 4, 'min_impurity_decrease': 0.1, 'max_leaf_nodes': 90, 'max_features': None, 'max_depth': 26, 'criterion': 'mae', 'ccp_alpha': 0.0}",0.1802082435197614,0.2915329542000943,0.1408903489756715,0.4245094151132121,11.84296891915625
294,BA11_60:40_Log_window3_ICA_95,Decision Tree Regressor,"{'splitter': 'best', 'min_samples_split': 5, 'min_samples_leaf': 2, 'min_impurity_decrease': 1.0, 'max_leaf_nodes': 50, 'max_features': 'auto', 'max_depth': 32, 'criterion': 'mae', 'ccp_alpha': 1.0}",0.1802082435197614,0.2915329542000943,0.1408903489756715,0.4245094151132121,11.84296891915625
295,BA11_60:40_Log_window3_ICA_90,K-Neighbors Regressor,"{'weights': 'distance', 'n_neighbors': 2}",0.1618703030117398,0.3196324045949042,0.13652177850453,0.4023310863104413,13.02324807869716
296,BA11_60:40_Log_window3_ICA_95,K-Neighbors Regressor,"{'weights': 'uniform', 'n_neighbors': 1}",0.1607656690347834,0.2600622384466279,0.1269293905010041,0.4009559440072979,10.9875132519315
297,BA11_60:40_Log_window3_ICA_90,Stochastic Gradient Descent Regressor,"{'tol': 1e-05, 'power_t': 0.5, 'penalty': 'l1', 'max_iter': 3000, 'loss': 'squared_epsilon_insensitive', 'learning_rate': 'adaptive', 'l1_ratio': 1, 'fit_intercept': True, 'eta0': 0.1, 'alpha': 0.01}",0.1053674990088677,0.2763454640608003,0.1081278951788363,0.3246036028895362,11.30581715903516
298,BA11_60:40_Log_window3_ICA_95,Stochastic Gradient Descent Regressor,"{'tol': 1e-05, 'power_t': 0.5, 'penalty': 'l1', 'max_iter': 3000, 'loss': 'squared_epsilon_insensitive', 'learning_rate': 'adaptive', 'l1_ratio': 1, 'fit_intercept': True, 'eta0': 0.1, 'alpha': 0.01}",0.1575446651597618,0.3171626708561844,0.122983566129193,0.3969189654825803,13.47934993969151
299,BA11_60:40_Log_window3_ICA_90,Voting Regressor,"{'rf__n_estimators': 10, 'gb__n_estimators': 10}",0.3712623836817053,0.535995317601343,0.1988071971106411,0.6093130424352537,22.75601659450721
300,BA11_60:40_Log_window3_ICA_95,Voting Regressor,"{'rf__n_estimators': 10, 'gb__n_estimators': 10}",0.5726248538104205,0.5669907676172303,0.2143476801936829,0.7567197987435115,25.38794835383396
301,BA11_60:40_Log_window3_ICA_90,Stacking Regressor,{'final_estimator': LinearSVR(random_state=42)},0.532100764337331,0.5836875253965723,0.2474587641747181,0.7294523729054084,23.84981237919986
302,BA11_60:40_Log_window3_ICA_95,Stacking Regressor,{'final_estimator': LinearSVR(random_state=42)},0.655415993035116,0.607100075991142,0.263442810125734,0.809577663374624,20.71458375227469
303,BA11_60:40_Log_window3_ICA_90,Gradient Boosting Regressor,"{'n_estimators': 100, 'min_samples_split': 2, 'min_samples_leaf': 5, 'min_impurity_decrease': 2, 'max_leaf_nodes': 20, 'max_features': 'sqrt', 'max_depth': 20, 'learning_rate': 0.5}",0.2203574033619524,0.3921286815384012,0.1609170221671404,0.4694224146352115,16.58729868738146
304,BA11_60:40_Log_window3_ICA_95,Gradient Boosting Regressor,"{'n_estimators': 10, 'min_samples_split': 10, 'min_samples_leaf': 10, 'min_impurity_decrease': 2, 'max_leaf_nodes': 10, 'max_features': 'sqrt', 'max_depth': None, 'learning_rate': 0.05}",0.2124637645268565,0.3649543474081371,0.1592807351830235,0.4609379183001291,14.73924744293366
305,BA11_60:40_Log_window3_ICA_90,Random Forest Regressor,"{'n_estimators': 100, 'min_samples_split': 10, 'min_samples_leaf': 1, 'max_depth': 20}",0.8019462711120213,0.7745490895520215,0.2837725562981203,0.8955145286995747,34.64189837190034
306,BA11_60:40_Log_window3_ICA_95,Random Forest Regressor,"{'n_estimators': 50, 'min_samples_split': 10, 'min_samples_leaf': 1, 'max_depth': 30}",1.567255748952615,0.9804369520905921,0.3631984033066534,1.251900854282245,50.87534769266146
307,BA11_60:40_Log_window3_ICA_90,AdaBoostRegressor,"{'n_estimators': 50, 'loss': 'exponential', 'learning_rate': 0.01}",0.5594147643536103,0.5384556254432108,0.224090680849909,0.7479403481251765,24.95055744426095
308,BA11_60:40_Log_window3_ICA_95,AdaBoostRegressor,"{'n_estimators': 50, 'loss': 'exponential', 'learning_rate': 0.01}",2.037874236372151,0.9383810480387588,0.3681365658516238,1.42754132562674,48.54505252118622
309,BA11_60:40_Log_window3_ICA_90,BaggingRegressor,"{'n_estimators': 50, 'max_samples': 0.7000000000000001, 'max_features': 0.9}",0.6086182765521359,0.6845426339278894,0.2595332359656445,0.7801399083191013,29.88980819984664
310,BA11_60:40_Log_window3_ICA_95,BaggingRegressor,"{'n_estimators': 50, 'max_samples': 0.7000000000000001, 'max_features': 0.9}",1.07861186851093,0.8499403845157621,0.3201005216220794,1.038562404726326,40.39003869746673
311,BA11_60:40_Log_window3_ICA_90,ExtraTreesRegressor,"{'n_estimators': 50, 'min_samples_split': 10, 'min_samples_leaf': 1, 'max_depth': 30}",3.020675230494824,1.668276468563354,0.6162586077824406,1.738008984584034,91.32072942402695
312,BA11_60:40_Log_window3_ICA_95,ExtraTreesRegressor,"{'n_estimators': 50, 'min_samples_split': 10, 'min_samples_leaf': 1, 'max_depth': 30}",4.109007397386812,1.93337782969007,0.7175420030605875,2.027068671107817,116.3638426466562
313,BA11_60:40_Log_window3_ICA_90,XGBoost Regressor,"{'subsample': 0.7, 'reg_lambda': 0.1, 'reg_alpha': 0.1, 'n_estimators': 100, 'min_child_weight': 1, 'max_depth': 9, 'learning_rate': 0.3, 'gamma': 0.3, 'colsample_bytree': 0.8}",1.779475502959986,1.206774343786212,0.4572226983213115,1.333969828354444,61.50023065126092
314,BA11_60:40_Log_window3_ICA_95,XGBoost Regressor,"{'subsample': 1.0, 'reg_lambda': 0, 'reg_alpha': 1.0, 'n_estimators': 700, 'min_child_weight': 1, 'max_depth': 9, 'learning_rate': 0.01, 'gamma': 0.3, 'colsample_bytree': 0.8}",1.252064179591497,1.015813022128057,0.3770819609627146,1.118956737140224,49.10275176054338
315,BA11_60:40_Log_window3_ICA_90,Multilayer Perceptron,"{'module__num_units': 20, 'module__activation_func': ReLU(), 'lr': 0.05}",0.2154811769723892,0.3494244515895844,0.163527324795723,0.4641995012625382,13.96642774343491
316,BA11_60:40_Log_window3_ICA_95,Multilayer Perceptron,"{'module__num_units': 20, 'module__activation_func': ReLU(), 'lr': 0.1}",0.1476165950298309,0.2508261501789093,0.1238585636019707,0.3842090512075828,10.35462319850922
317,BA11_60:40_Log_window3_ICA_90,Long Short-Term Memory Network,"{'module__num_layers': 1, 'module__hidden_size': 25, 'max_epochs': 20, 'lr': 0.1, 'batch_size': 16}",0.1534806787967682,0.3114996254444122,0.1144901737570763,0.3917661021537828,11.45052388310432
318,BA11_60:40_Log_window3_ICA_95,Long Short-Term Memory Network,"{'module__num_layers': 1, 'module__hidden_size': 75, 'max_epochs': 30, 'lr': 0.1, 'batch_size': 16}",0.1204903647303581,0.2841844856739044,0.100801944732666,0.3471172204462898,10.53812280297279
319,BA11_60:40_Log_window3_ICA_90,Convolutional neural network,{},0.3855922818183899,0.4995354115962982,0.229122668504715,0.6209607731720176,18.44069510698318
320,BA11_60:40_Log_window3_ICA_95,Convolutional neural network,{},2.683253049850464,1.544358611106873,0.6559445261955261,1.638063811287724,45.77606022357941
321,BA11_70:30_Log_window3_ICA_90,Linear Regressor,{},1.006371306663197e-07,0.000269126828118174,0.0001040660305488876,0.0003172335585437324,0.01040612305309429
322,BA11_70:30_Log_window3_ICA_95,Linear Regressor,{},1.130340477533571e-07,0.0002833157117024222,0.0001115889330335266,0.000336205365444035,0.01115803398562293
323,BA11_70:30_Log_window3_ICA_90,Support Vector Regressor,"{'kernel': 'rbf', 'gamma': 0.0001, 'C': 1}",0.0946301528497836,0.2416442330001004,0.09298371867809581,0.3076201437646495,9.12907045282061
324,BA11_70:30_Log_window3_ICA_95,Support Vector Regressor,"{'kernel': 'rbf', 'gamma': 0.0001, 'C': 1}",0.0946269998252306,0.2416509496925392,0.09298460594651126,0.3076150188551115,9.129331595429093
325,BA11_70:30_Log_window3_ICA_90,Decision Tree Regressor,"{'splitter': 'best', 'min_samples_split': 5, 'min_samples_leaf': 4, 'min_impurity_decrease': 0.1, 'max_leaf_nodes': 90, 'max_features': None, 'max_depth': 26, 'criterion': 'mae', 'ccp_alpha': 0.0}",0.09105884694568628,0.2365740226678129,0.09208973487925085,0.3017595846790724,8.937532340375366
326,BA11_70:30_Log_window3_ICA_95,Decision Tree Regressor,"{'splitter': 'best', 'min_samples_split': 5, 'min_samples_leaf': 4, 'min_impurity_decrease': 0.1, 'max_leaf_nodes': 90, 'max_features': None, 'max_depth': 26, 'criterion': 'mae', 'ccp_alpha': 0.0}",0.09105884694568628,0.2365740226678129,0.09208973487925085,0.3017595846790724,8.937532340375366
327,BA11_70:30_Log_window3_ICA_90,K-Neighbors Regressor,"{'weights': 'uniform', 'n_neighbors': 5}",0.1138599517179943,0.2709376294138276,0.1036234653778661,0.3374314029813976,10.46392109815793
328,BA11_70:30_Log_window3_ICA_95,K-Neighbors Regressor,"{'weights': 'uniform', 'n_neighbors': 1}",0.1502901671190739,0.3239660245057742,0.1276226868046569,0.3876727577726785,12.12910803683223
329,BA11_70:30_Log_window3_ICA_90,Stochastic Gradient Descent Regressor,"{'tol': 1e-05, 'power_t': 0.5, 'penalty': 'l1', 'max_iter': 3000, 'loss': 'squared_epsilon_insensitive', 'learning_rate': 'adaptive', 'l1_ratio': 1, 'fit_intercept': True, 'eta0': 0.1, 'alpha': 0.01}",0.2353986754830824,0.3534838257595098,0.126689504499235,0.4851790138527041,13.67206164907211
330,BA11_70:30_Log_window3_ICA_95,Stochastic Gradient Descent Regressor,"{'tol': 1e-05, 'power_t': 0.5, 'penalty': 'l1', 'max_iter': 3000, 'loss': 'squared_epsilon_insensitive', 'learning_rate': 'adaptive', 'l1_ratio': 1, 'fit_intercept': True, 'eta0': 0.1, 'alpha': 0.01}",0.08991836108201721,0.2297913126251985,0.08962915394144881,0.2998639042666143,8.435022107593195
331,BA11_70:30_Log_window3_ICA_90,Voting Regressor,"{'rf__n_estimators': 10, 'gb__n_estimators': 100}",0.298823830363826,0.4460320834017425,0.1624299135759245,0.5466478119994865,18.54205120895979
332,BA11_70:30_Log_window3_ICA_95,Voting Regressor,"{'rf__n_estimators': 100, 'gb__n_estimators': 10}",0.3041030030980708,0.4628616458927164,0.1664887444830136,0.5514553500493679,18.79166103126847
333,BA11_70:30_Log_window3_ICA_90,Stacking Regressor,{'final_estimator': LinearSVR(random_state=42)},0.4892008629205747,0.578562420910268,0.2070425534174271,0.6994289548771732,23.61344524462741
334,BA11_70:30_Log_window3_ICA_95,Stacking Regressor,{'final_estimator': RandomForestRegressor(random_state=42)},0.5648057025291532,0.649263341927455,0.2385777415289289,0.7515355630501814,26.03436171341903
335,BA11_70:30_Log_window3_ICA_90,Gradient Boosting Regressor,"{'n_estimators': 10, 'min_samples_split': 10, 'min_samples_leaf': 10, 'min_impurity_decrease': 2, 'max_leaf_nodes': 10, 'max_features': 'sqrt', 'max_depth': None, 'learning_rate': 0.05}",0.1609445306645552,0.3304258523483574,0.1207941891859827,0.4011789259975594,12.61254519098868
336,BA11_70:30_Log_window3_ICA_95,Gradient Boosting Regressor,"{'n_estimators': 10, 'min_samples_split': 10, 'min_samples_leaf': 10, 'min_impurity_decrease': 2, 'max_leaf_nodes': 10, 'max_features': 'sqrt', 'max_depth': None, 'learning_rate': 0.05}",0.1418086000230119,0.3123990338625053,0.1140243715803865,0.3765748265922882,11.88877117530487
337,BA11_70:30_Log_window3_ICA_90,Random Forest Regressor,"{'n_estimators': 50, 'min_samples_split': 10, 'min_samples_leaf': 1, 'max_depth': 30}",0.7559350099843498,0.7381656993889166,0.2691101468143303,0.8694452311585531,33.40890686371394
338,BA11_70:30_Log_window3_ICA_95,Random Forest Regressor,"{'n_estimators': 100, 'min_samples_split': 10, 'min_samples_leaf': 1, 'max_depth': 20}",0.9539330915355441,0.8167366384182198,0.2926176197766456,0.9766949838795856,37.16535504302686
339,BA11_70:30_Log_window3_ICA_90,AdaBoostRegressor,"{'n_estimators': 50, 'loss': 'exponential', 'learning_rate': 0.01}",0.5486030723783556,0.4798640890214886,0.1846313411543974,0.7406774415211763,23.26399691072868
340,BA11_70:30_Log_window3_ICA_95,AdaBoostRegressor,"{'n_estimators': 50, 'loss': 'exponential', 'learning_rate': 0.01}",0.5531616131576923,0.4813589720665753,0.1758393418238541,0.7437483533814998,21.59713670166597
341,BA11_70:30_Log_window3_ICA_90,BaggingRegressor,"{'n_estimators': 50, 'max_samples': 0.7000000000000001, 'max_features': 0.9}",0.7492626955175575,0.7325335139376152,0.2621024466703848,0.8655996161722563,31.96611805732551
342,BA11_70:30_Log_window3_ICA_95,BaggingRegressor,"{'n_estimators': 50, 'max_samples': 0.7000000000000001, 'max_features': 0.9}",0.5481615552185745,0.6386039482716268,0.226952961432004,0.7403793319769093,26.66730399344544
343,BA11_70:30_Log_window3_ICA_90,ExtraTreesRegressor,"{'n_estimators': 50, 'min_samples_split': 10, 'min_samples_leaf': 1, 'max_depth': 30}",3.991261817346493,1.975355884111121,0.7297901778585302,1.997814259971755,116.6345788755821
344,BA11_70:30_Log_window3_ICA_95,ExtraTreesRegressor,"{'n_estimators': 100, 'min_samples_split': 10, 'min_samples_leaf': 1, 'max_depth': 20}",3.950453096060684,1.956504489182227,0.7258932291452138,1.987574676851334,117.117552483415
345,BA11_70:30_Log_window3_ICA_90,XGBoost Regressor,"{'subsample': 0.7, 'reg_lambda': 1.0, 'reg_alpha': 0.1, 'n_estimators': 200, 'min_child_weight': 5, 'max_depth': 6, 'learning_rate': 0.2, 'gamma': 0.1, 'colsample_bytree': 0.7}",0.5748916415707144,0.659143529521517,0.2341426654226918,0.7582160916062877,27.50742125366909
346,BA11_70:30_Log_window3_ICA_95,XGBoost Regressor,"{'subsample': 0.8, 'reg_lambda': 0.5, 'reg_alpha': 1.0, 'n_estimators': 600, 'min_child_weight': 5, 'max_depth': 8, 'learning_rate': 0.2, 'gamma': 0.1, 'colsample_bytree': 0.7}",0.3790356495744907,0.5854806213580922,0.2151503325215229,0.6156587119293372,24.46126623207016
347,BA11_70:30_Log_window3_ICA_90,Multilayer Perceptron,"{'module__num_units': 50, 'module__activation_func': Tanh(), 'lr': 0.1}",0.07041584700345993,0.203119158744812,0.07881239801645279,0.2653598443688493,7.731664180755615
348,BA11_70:30_Log_window3_ICA_95,Multilayer Perceptron,"{'module__num_units': 10, 'module__activation_func': ReLU(), 'lr': 0.1}",0.09617266803979874,0.2503152191638947,0.09829894453287125,0.3101171843671336,9.420913457870483
349,BA11_70:30_Log_window3_ICA_90,Long Short-Term Memory Network,"{'module__num_layers': 1, 'module__hidden_size': 25, 'max_epochs': 20, 'lr': 0.1, 'batch_size': 16}",0.1331596672534943,0.257050096988678,0.0895727202296257,0.364910492112099,9.51482579112053
350,BA11_70:30_Log_window3_ICA_95,Long Short-Term Memory Network,"{'module__num_layers': 1, 'module__hidden_size': 25, 'max_epochs': 20, 'lr': 0.1, 'batch_size': 16}",0.06173637136816978,0.1850331872701645,0.0668448880314827,0.2484680489885365,6.690432876348495
351,BA11_70:30_Log_window3_ICA_90,Convolutional neural network,{},0.4365775585174561,0.5637813806533813,0.2241585552692413,0.660740159606979,19.11484599113464
352,BA11_70:30_Log_window3_ICA_95,Convolutional neural network,{},2.590257167816162,1.519178867340088,0.5853221416473389,1.609427590112759,43.55049729347229
353,BA11_80:20_Log_window3_ICA_90,Linear Regressor,{},1.02847334851216e-07,0.0002621515513588971,9.324462571925277e-05,0.0003206981990146124,0.009325024423588337
354,BA11_80:20_Log_window3_ICA_95,Linear Regressor,{},1.803863798138385e-07,0.0003511594068916885,0.0001233371673695536,0.0004247191775913098,0.012334778577126
355,BA11_80:20_Log_window3_ICA_90,Support Vector Regressor,"{'kernel': 'rbf', 'gamma': 0.0001, 'C': 1}",0.05965554192629604,0.198781538351216,0.06957731562305473,0.2442448401221529,7.205067826003229
356,BA11_80:20_Log_window3_ICA_95,Support Vector Regressor,"{'kernel': 'rbf', 'gamma': 0.0001, 'C': 1}",0.05964684986532063,0.1987739977328468,0.06957502277557547,0.244227045728602,7.204785610615636
357,BA11_80:20_Log_window3_ICA_90,Decision Tree Regressor,"{'splitter': 'best', 'min_samples_split': 5, 'min_samples_leaf': 2, 'min_impurity_decrease': 1.0, 'max_leaf_nodes': 50, 'max_features': 'auto', 'max_depth': 32, 'criterion': 'mae', 'ccp_alpha': 1.0}",0.05505449741040632,0.1934678660365473,0.06811094267651545,0.2346369480930195,7.006314959143742
358,BA11_80:20_Log_window3_ICA_95,Decision Tree Regressor,"{'splitter': 'best', 'min_samples_split': 5, 'min_samples_leaf': 2, 'min_impurity_decrease': 1.0, 'max_leaf_nodes': 50, 'max_features': 'auto', 'max_depth': 32, 'criterion': 'mae', 'ccp_alpha': 1.0}",0.05505449741040632,0.1934678660365473,0.06811094267651545,0.2346369480930195,7.006314959143742
359,BA11_80:20_Log_window3_ICA_90,K-Neighbors Regressor,"{'weights': 'uniform', 'n_neighbors': 1}",1.673025543236852,0.673099293001625,0.229655223944613,1.293454886432786,34.02568158555165
360,BA11_80:20_Log_window3_ICA_95,K-Neighbors Regressor,"{'weights': 'distance', 'n_neighbors': 3}",0.8240559305766432,0.5753033034866547,0.1993157709437575,0.9077752643560206,26.68219674347252
361,BA11_80:20_Log_window3_ICA_90,Stochastic Gradient Descent Regressor,"{'tol': 1e-05, 'power_t': 0.5, 'penalty': 'l1', 'max_iter': 3000, 'loss': 'squared_epsilon_insensitive', 'learning_rate': 'adaptive', 'l1_ratio': 1, 'fit_intercept': True, 'eta0': 0.1, 'alpha': 0.01}",0.125026859030909,0.3273784930520338,0.116129634696885,0.353591372958828,12.42612936094664
362,BA11_80:20_Log_window3_ICA_95,Stochastic Gradient Descent Regressor,"{'tol': 1e-05, 'power_t': 0.5, 'penalty': 'l1', 'max_iter': 3000, 'loss': 'squared_epsilon_insensitive', 'learning_rate': 'adaptive', 'l1_ratio': 1, 'fit_intercept': True, 'eta0': 0.1, 'alpha': 0.01}",0.08669856782117302,0.2090522350949121,0.0714726416709011,0.2944462053095149,7.597573434886486
363,BA11_80:20_Log_window3_ICA_90,Voting Regressor,"{'rf__n_estimators': 100, 'gb__n_estimators': 200}",0.365314922165244,0.5755327633367506,0.2079759754581106,0.6044128739241447,23.5627456397627
364,BA11_80:20_Log_window3_ICA_95,Voting Regressor,"{'rf__n_estimators': 50, 'gb__n_estimators': 10}",0.581745115316429,0.6419669725940144,0.2236978644068834,0.7627221743966993,26.48164464390633
365,BA11_80:20_Log_window3_ICA_90,Stacking Regressor,{'final_estimator': LinearSVR(random_state=42)},4.720763713019433e-05,0.006717598049104405,0.002422981300482854,0.006870781406084342,0.241992129716374
366,BA11_80:20_Log_window3_ICA_95,Stacking Regressor,{'final_estimator': LinearSVR(random_state=42)},0.183672142175393,0.3594548582677164,0.1254557968207901,0.4285698801542089,13.55931658331474
367,BA11_80:20_Log_window3_ICA_90,Gradient Boosting Regressor,"{'n_estimators': 200, 'min_samples_split': 10, 'min_samples_leaf': 2, 'min_impurity_decrease': 2, 'max_leaf_nodes': 20, 'max_features': None, 'max_depth': 20, 'learning_rate': 0.5}",1.221674782657097,0.9745545086973095,0.3427897129259097,1.105293980195811,43.94619632136772
368,BA11_80:20_Log_window3_ICA_95,Gradient Boosting Regressor,"{'n_estimators': 10, 'min_samples_split': 10, 'min_samples_leaf': 10, 'min_impurity_decrease': 2, 'max_leaf_nodes': 10, 'max_features': 'sqrt', 'max_depth': None, 'learning_rate': 0.05}",0.1042351832356667,0.2665067924221832,0.09187252140872537,0.3228547401474334,9.810045180283922
369,BA11_80:20_Log_window3_ICA_90,Random Forest Regressor,"{'n_estimators': 100, 'min_samples_split': 10, 'min_samples_leaf': 1, 'max_depth': 20}",1.089167806610811,1.015661953111594,0.3648282056132884,1.043632026439785,45.23885876172697
370,BA11_80:20_Log_window3_ICA_95,Random Forest Regressor,"{'n_estimators': 50, 'min_samples_split': 10, 'min_samples_leaf': 1, 'max_depth': 30}",1.705626184250224,1.101179247422147,0.3842297404983191,1.305996242050575,52.95782284132596
371,BA11_80:20_Log_window3_ICA_90,AdaBoostRegressor,"{'n_estimators': 100, 'loss': 'square', 'learning_rate': 0.01}",0.7605740271406559,0.7379304390745471,0.2662794808010879,0.8721089537097162,33.26696223932096
372,BA11_80:20_Log_window3_ICA_95,AdaBoostRegressor,"{'n_estimators': 100, 'loss': 'square', 'learning_rate': 0.01}",3.383821471523565,1.119311640794987,0.3788120690714463,1.839516640730267,59.72481856200441
373,BA11_80:20_Log_window3_ICA_90,BaggingRegressor,"{'n_estimators': 50, 'max_samples': 0.7000000000000001, 'max_features': 0.9}",0.9319661323717057,0.9356818945055688,0.3352880820448175,0.9653839300359757,40.78205918087276
374,BA11_80:20_Log_window3_ICA_95,BaggingRegressor,"{'n_estimators': 50, 'max_samples': 0.7000000000000001, 'max_features': 0.9}",1.403144524660259,1.064525055753957,0.3742242383919641,1.184544015501433,48.59682871193121
375,BA11_80:20_Log_window3_ICA_90,ExtraTreesRegressor,"{'n_estimators': 50, 'min_samples_split': 10, 'min_samples_leaf': 1, 'max_depth': 30}",5.472984112042839,2.284575859270933,0.8172957292025781,2.339440982808252,137.4571150616734
376,BA11_80:20_Log_window3_ICA_95,ExtraTreesRegressor,"{'n_estimators': 50, 'min_samples_split': 10, 'min_samples_leaf': 1, 'max_depth': 30}",5.7885138245356,2.314333011167021,0.8248435287418241,2.405933046561271,134.9165195910941
377,BA11_80:20_Log_window3_ICA_90,XGBoost Regressor,"{'subsample': 0.7, 'reg_lambda': 1.0, 'reg_alpha': 0.1, 'n_estimators': 200, 'min_child_weight': 5, 'max_depth': 6, 'learning_rate': 0.2, 'gamma': 0.1, 'colsample_bytree': 0.7}",1.00161312870788,0.9252687323697895,0.3283375100620313,1.000806239343001,40.68944019386849
378,BA11_80:20_Log_window3_ICA_95,XGBoost Regressor,"{'subsample': 0.9, 'reg_lambda': 0, 'reg_alpha': 0.1, 'n_estimators': 400, 'min_child_weight': 5, 'max_depth': 9, 'learning_rate': 0.01, 'gamma': 0.2, 'colsample_bytree': 0.9}",0.2113422219745201,0.3932383530119564,0.1371669565474061,0.4597197211068066,15.07959312140815
379,BA11_80:20_Log_window3_ICA_90,Multilayer Perceptron,"{'module__num_units': 10, 'module__activation_func': ReLU(), 'lr': 0.1}",0.0194752924144268,0.1108384653925896,0.04057698324322701,0.1395539050490054,4.022974520921707
380,BA11_80:20_Log_window3_ICA_95,Multilayer Perceptron,"{'module__num_units': 50, 'module__activation_func': Tanh(), 'lr': 0.1}",0.04420924559235573,0.1837456077337265,0.06640467047691345,0.2102599476656354,6.624757498502731
381,BA11_80:20_Log_window3_ICA_90,Long Short-Term Memory Network,"{'module__num_layers': 1, 'module__hidden_size': 25, 'max_epochs': 20, 'lr': 0.1, 'batch_size': 16}",0.04525431245565414,0.176288902759552,0.06028008460998535,0.2127306100580124,6.246113032102585
382,BA11_80:20_Log_window3_ICA_95,Long Short-Term Memory Network,"{'module__num_layers': 1, 'module__hidden_size': 75, 'max_epochs': 30, 'lr': 0.1, 'batch_size': 16}",0.03450867906212807,0.1473060995340347,0.05077269300818443,0.185765117990779,5.184491723775864
383,BA11_80:20_Log_window3_ICA_90,Convolutional neural network,{},0.02607298642396927,0.1309518814086914,0.04872966557741165,0.1614713176510592,4.778426885604858
384,BA11_80:20_Log_window3_ICA_95,Convolutional neural network,{},0.8073760271072388,0.7979347109794617,0.298110693693161,0.8985410547700304,24.97068494558334
385,BA11_80:20_MinMax_window3_KPCA_90,Linear Regressor,{},0.04905374744615792,0.1348942525282142,1.180031753678706,0.2214808060445824,27.47842772577463
386,BA11_80:20_MinMax_window3_KPCA_95,Linear Regressor,{},0.04854120948959909,0.1344970376261711,1.173413762029271,0.220320696916107,27.49387665851739
387,BA11_80:20_MinMax_window3_KPCA_90,Support Vector Regressor,"{'kernel': 'linear', 'gamma': 1, 'C': 100}",0.05477423549081547,0.1594766608104578,1.251019679976925,0.2340389614803814,31.35249393292127
388,BA11_80:20_MinMax_window3_KPCA_95,Support Vector Regressor,"{'kernel': 'linear', 'gamma': 1, 'C': 100}",0.05467688356383012,0.1591843833440269,1.249499969881508,0.2338308866763117,31.30246433137657
389,BA11_80:20_MinMax_window3_KPCA_90,Decision Tree Regressor,"{'splitter': 'best', 'min_samples_split': 10, 'min_samples_leaf': 2, 'min_impurity_decrease': 0.01, 'max_leaf_nodes': 20, 'max_features': None, 'max_depth': 14, 'criterion': 'friedman_mse', 'ccp_alpha': 0.0}",0.04307249302249967,0.1444902053073924,1.082152562525829,0.2075391361225628,29.66469904354527
390,BA11_80:20_MinMax_window3_KPCA_95,Decision Tree Regressor,"{'splitter': 'best', 'min_samples_split': 10, 'min_samples_leaf': 2, 'min_impurity_decrease': 0.01, 'max_leaf_nodes': 20, 'max_features': None, 'max_depth': 14, 'criterion': 'friedman_mse', 'ccp_alpha': 0.0}",0.04352786532704928,0.1463508534520188,1.08428839826708,0.2086333274600424,29.90616199342748
391,BA11_80:20_MinMax_window3_KPCA_90,K-Neighbors Regressor,"{'weights': 'uniform', 'n_neighbors': 2}",0.05653499045911351,0.1658464904249017,1.174742830612775,0.2377708780719656,32.43186797723462
392,BA11_80:20_MinMax_window3_KPCA_95,K-Neighbors Regressor,"{'weights': 'uniform', 'n_neighbors': 2}",0.05608258771592887,0.1661386887051923,1.15727232797186,0.2368176254334311,32.53955210506737
393,BA11_80:20_MinMax_window3_KPCA_90,Stochastic Gradient Descent Regressor,"{'tol': 1e-05, 'power_t': 0.5, 'penalty': 'l2', 'max_iter': 1000, 'loss': 'squared_loss', 'learning_rate': 'constant', 'l1_ratio': 0, 'fit_intercept': True, 'eta0': 0.001, 'alpha': 0.01}",0.04741835784079175,0.1352866352894194,1.154206175038124,0.217757566667135,27.58731953431267
394,BA11_80:20_MinMax_window3_KPCA_95,Stochastic Gradient Descent Regressor,"{'tol': 0.001, 'power_t': 0.25, 'penalty': 'none', 'max_iter': 1000, 'loss': 'huber', 'learning_rate': 'adaptive', 'l1_ratio': 0.7, 'fit_intercept': True, 'eta0': 0.001, 'alpha': 0.01}",0.4012424358802271,0.5847307139582304,0.9558429723829484,0.633437002297961,184.9437366011025
395,BA11_80:20_MinMax_window3_KPCA_90,Voting Regressor,"{'rf__n_estimators': 100, 'gb__n_estimators': 200}",0.04518772938308239,0.1350706316729728,1.122584378726192,0.212574056232369,27.93316521253714
396,BA11_80:20_MinMax_window3_KPCA_95,Voting Regressor,"{'rf__n_estimators': 100, 'gb__n_estimators': 200}",0.04502630938714355,0.1361421276750732,1.119873821835027,0.2121940371149565,28.10313027142064
397,BA11_80:20_MinMax_window3_KPCA_90,Stacking Regressor,{'final_estimator': RandomForestRegressor(random_state=42)},0.05880856099331029,0.1508807685114685,1.333706768805495,0.2425047648878477,29.40554684619863
398,BA11_80:20_MinMax_window3_KPCA_95,Stacking Regressor,{'final_estimator': RandomForestRegressor(random_state=42)},0.04822632896635664,0.1407135188733756,1.169236750605633,0.2196049383924611,28.59731776014995
399,BA11_80:20_MinMax_window3_KPCA_90,Gradient Boosting Regressor,"{'n_estimators': 100, 'min_samples_split': 2, 'min_samples_leaf': 2, 'min_impurity_decrease': 0, 'max_leaf_nodes': 20, 'max_features': 'sqrt', 'max_depth': 30, 'learning_rate': 0.5}",0.05469914907994643,0.163225448513778,1.157665406759229,0.2338784921277423,31.8759429626266
400,BA11_80:20_MinMax_window3_KPCA_95,Gradient Boosting Regressor,"{'n_estimators': 100, 'min_samples_split': 2, 'min_samples_leaf': 2, 'min_impurity_decrease': 0, 'max_leaf_nodes': 20, 'max_features': 'sqrt', 'max_depth': 30, 'learning_rate': 0.5}",0.0488284034908474,0.1657965816321791,1.055525925735141,0.220971499272751,33.15216354881628
401,BA11_80:20_MinMax_window3_KPCA_90,Random Forest Regressor,"{'n_estimators': 100, 'min_samples_split': 5, 'min_samples_leaf': 2, 'max_depth': None}",0.04689737658911813,0.1471012525872898,1.132610478081664,0.2165580212994156,29.93440238243734
402,BA11_80:20_MinMax_window3_KPCA_95,Random Forest Regressor,"{'n_estimators': 100, 'min_samples_split': 5, 'min_samples_leaf': 2, 'max_depth': None}",0.04658894378935458,0.146574676540156,1.130222232043834,0.2158447214767009,29.81290274443849
403,BA11_80:20_MinMax_window3_KPCA_90,AdaBoostRegressor,"{'n_estimators': 50, 'loss': 'linear', 'learning_rate': 0.01}",0.04523995081479856,0.1437192886435913,1.117919653408248,0.2126968519155809,29.45670864629709
404,BA11_80:20_MinMax_window3_KPCA_95,AdaBoostRegressor,"{'n_estimators': 250, 'loss': 'exponential', 'learning_rate': 0.01}",0.04241382763379445,0.1359196002343333,1.082801759372579,0.2059461765457044,28.12498757066094
405,BA11_80:20_MinMax_window3_KPCA_90,BaggingRegressor,"{'n_estimators': 30, 'max_samples': 0.9, 'max_features': 0.7000000000000001}",0.05539057283709041,0.1685343473312652,1.193891285110073,0.2353520189781477,33.01094572507026
406,BA11_80:20_MinMax_window3_KPCA_95,BaggingRegressor,"{'n_estimators': 30, 'max_samples': 0.9, 'max_features': 0.7000000000000001}",0.05169233765917931,0.1574979630870028,1.16315725705512,0.2273594899254907,31.39168458423442
407,BA11_80:20_MinMax_window3_KPCA_90,ExtraTreesRegressor,"{'n_estimators': 10, 'min_samples_split': 2, 'min_samples_leaf': 2, 'max_depth': None}",0.05210781878831579,0.1567707069938176,1.192470862822437,0.2282713709344993,30.90549478687954
408,BA11_80:20_MinMax_window3_KPCA_95,ExtraTreesRegressor,"{'n_estimators': 10, 'min_samples_split': 2, 'min_samples_leaf': 2, 'max_depth': None}",0.05042398232995409,0.1520425576251909,1.192045409846647,0.2245528497480139,30.38088445579391
409,BA11_80:20_MinMax_window3_KPCA_90,XGBoost Regressor,"{'subsample': 0.7, 'reg_lambda': 1.0, 'reg_alpha': 0.1, 'n_estimators': 200, 'min_child_weight': 5, 'max_depth': 6, 'learning_rate': 0.2, 'gamma': 0.1, 'colsample_bytree': 0.7}",0.05287251365761335,0.1667813125310141,1.177581275459227,0.2299402393179875,32.80922422454865
410,BA11_80:20_MinMax_window3_KPCA_95,XGBoost Regressor,"{'subsample': 0.7, 'reg_lambda': 1.0, 'reg_alpha': 0.1, 'n_estimators': 200, 'min_child_weight': 5, 'max_depth': 6, 'learning_rate': 0.2, 'gamma': 0.1, 'colsample_bytree': 0.7}",0.05434840432822551,0.1715709585373859,1.184007302389395,0.2331274422461361,33.50564914266134
411,BA11_80:20_MinMax_window3_KPCA_90,Multilayer Perceptron,"{'module__num_units': 20, 'module__activation_func': Tanh(), 'lr': 0.1}",0.06959337741136551,0.183854952454567,1.392672538757324,0.2638055674381523,34.25729274749756
412,BA11_80:20_MinMax_window3_KPCA_95,Multilayer Perceptron,"{'module__num_units': 20, 'module__activation_func': Tanh(), 'lr': 0.1}",0.09074381738901138,0.2149118632078171,1.406890511512756,0.3012371447697169,37.75147199630737
413,BA11_80:20_MinMax_window3_KPCA_90,Long Short-Term Memory Network,"{'module__num_layers': 1, 'module__hidden_size': 25, 'max_epochs': 20, 'lr': 0.1, 'batch_size': 16}",0.05410077050328255,0.1822440922260284,0.593517005443573,0.2325957233125376,32.78090059757233
414,BA11_80:20_MinMax_window3_KPCA_95,Long Short-Term Memory Network,"{'module__num_layers': 1, 'module__hidden_size': 25, 'max_epochs': 20, 'lr': 0.1, 'batch_size': 16}",0.05909283831715584,0.1926711648702621,0.6112353205680847,0.2430901855632099,34.64193940162659
415,BA11_80:20_MinMax_window3_KPCA_90,Convolutional neural network,{},0.1457732915878296,0.2816532254219055,1.391393065452576,0.3818026867215966,45.84576189517975
416,BA11_80:20_MinMax_window3_KPCA_95,Convolutional neural network,{},0.2595209777355194,0.3740833699703217,1.869799613952637,0.5094320148317334,52.63532400131226
417,BA11_70:30_MinMax_window3_KPCA_90,Linear Regressor,{},0.03076230876773941,0.10065807139648,1.061274415764125,0.1753918720116169,22.56021813802044
418,BA11_70:30_MinMax_window3_KPCA_95,Linear Regressor,{},0.03082799117911537,0.1006783586476175,1.063519356121315,0.1755790169100948,22.56724825816929
419,BA11_70:30_MinMax_window3_KPCA_90,Support Vector Regressor,"{'kernel': 'rbf', 'gamma': 0.001, 'C': 1}",0.0445122872534989,0.127612738107931,1.191212102584163,0.2109793526710586,26.51211851459923
420,BA11_70:30_MinMax_window3_KPCA_95,Support Vector Regressor,"{'kernel': 'linear', 'gamma': 1, 'C': 100}",0.03141449618251014,0.09928852484783603,1.063213853815109,0.1772413500922122,22.21155687522437
421,BA11_70:30_MinMax_window3_KPCA_90,Decision Tree Regressor,"{'splitter': 'best', 'min_samples_split': 10, 'min_samples_leaf': 2, 'min_impurity_decrease': 0.01, 'max_leaf_nodes': 20, 'max_features': None, 'max_depth': 14, 'criterion': 'friedman_mse', 'ccp_alpha': 0.0}",0.06569417642671847,0.1680621509996278,1.154158092019591,0.2563087521461537,31.90699401870898
422,BA11_70:30_MinMax_window3_KPCA_95,Decision Tree Regressor,"{'splitter': 'best', 'min_samples_split': 10, 'min_samples_leaf': 2, 'min_impurity_decrease': 0.01, 'max_leaf_nodes': 20, 'max_features': None, 'max_depth': 14, 'criterion': 'friedman_mse', 'ccp_alpha': 0.0}",0.06569417642671847,0.1680621509996278,1.154158092019591,0.2563087521461537,31.90699401870898
423,BA11_70:30_MinMax_window3_KPCA_90,K-Neighbors Regressor,"{'weights': 'distance', 'n_neighbors': 1}",0.04710503066793485,0.1189160341904916,1.250784528419387,0.2170369338797774,24.24371319214153
424,BA11_70:30_MinMax_window3_KPCA_95,K-Neighbors Regressor,"{'weights': 'uniform', 'n_neighbors': 1}",0.04887145121274074,0.1208027770720867,1.295584934381735,0.2210688834113493,24.38913427210883
425,BA11_70:30_MinMax_window3_KPCA_90,Stochastic Gradient Descent Regressor,"{'tol': 1e-05, 'power_t': 0.5, 'penalty': 'l2', 'max_iter': 1000, 'loss': 'squared_loss', 'learning_rate': 'constant', 'l1_ratio': 0, 'fit_intercept': True, 'eta0': 0.001, 'alpha': 0.01}",0.09787084713849513,0.285731924374936,0.9967621059226124,0.3128431669998485,73.57643123636154
426,BA11_70:30_MinMax_window3_KPCA_95,Stochastic Gradient Descent Regressor,"{'tol': 1e-05, 'power_t': 0.75, 'penalty': 'elasticnet', 'max_iter': 3000, 'loss': 'huber', 'learning_rate': 'optimal', 'l1_ratio': 1, 'fit_intercept': False, 'eta0': 0.001, 'alpha': 0.01}",0.4143339080495433,0.5959969275206045,1.0,0.6436877411055327,200.0
427,BA11_70:30_MinMax_window3_KPCA_90,Voting Regressor,"{'rf__n_estimators': 200, 'gb__n_estimators': 200}",0.03697803078280751,0.1149609947764105,1.090379880213352,0.1922967258764629,24.68918158688493
428,BA11_70:30_MinMax_window3_KPCA_95,Voting Regressor,"{'rf__n_estimators': 200, 'gb__n_estimators': 200}",0.03726720225693014,0.116032276059718,1.093874294507128,0.1930471503465672,24.83413520025046
429,BA11_70:30_MinMax_window3_KPCA_90,Stacking Regressor,{'final_estimator': RandomForestRegressor(random_state=42)},0.0661545294970124,0.1976129727979353,1.324155050136686,0.2572052283625129,37.13365773700935
430,BA11_70:30_MinMax_window3_KPCA_95,Stacking Regressor,{'final_estimator': RandomForestRegressor(random_state=42)},0.07148399845264874,0.2060604091058319,1.371524450869871,0.2673649162710933,38.17183469246847
431,BA11_70:30_MinMax_window3_KPCA_90,Gradient Boosting Regressor,"{'n_estimators': 50, 'min_samples_split': 2, 'min_samples_leaf': 2, 'min_impurity_decrease': 0, 'max_leaf_nodes': 15, 'max_features': 'log2', 'max_depth': 20, 'learning_rate': 0.05}",0.04251208628999208,0.1393287820422499,1.182448937277118,0.2061845927560837,28.44174635548774
432,BA11_70:30_MinMax_window3_KPCA_95,Gradient Boosting Regressor,"{'n_estimators': 50, 'min_samples_split': 2, 'min_samples_leaf': 2, 'min_impurity_decrease': 0, 'max_leaf_nodes': 15, 'max_features': 'log2', 'max_depth': 20, 'learning_rate': 0.05}",0.04234921811748574,0.1385165037149908,1.176930211372201,0.2057892565647822,28.2780869693781
433,BA11_70:30_MinMax_window3_KPCA_90,Random Forest Regressor,"{'n_estimators': 10, 'min_samples_split': 2, 'min_samples_leaf': 4, 'max_depth': 30}",0.04679824366431347,0.1356819309615117,1.193406666383649,0.2163290171574619,27.56270438425488
434,BA11_70:30_MinMax_window3_KPCA_95,Random Forest Regressor,"{'n_estimators': 10, 'min_samples_split': 2, 'min_samples_leaf': 4, 'max_depth': 30}",0.04663243417592002,0.1348429078413678,1.19208549173601,0.2159454425912249,27.43057827541393
435,BA11_70:30_MinMax_window3_KPCA_90,AdaBoostRegressor,"{'n_estimators': 250, 'loss': 'exponential', 'learning_rate': 0.01}",0.04366735874672339,0.1375225667587254,1.072344406665932,0.208967362874501,28.2304515376081
436,BA11_70:30_MinMax_window3_KPCA_95,AdaBoostRegressor,"{'n_estimators': 250, 'loss': 'exponential', 'learning_rate': 0.01}",0.04357961026255338,0.1373619443411314,1.069802102058845,0.2087572999024307,28.2397484137249
437,BA11_70:30_MinMax_window3_KPCA_90,BaggingRegressor,"{'n_estimators': 80, 'max_samples': 0.7000000000000001, 'max_features': 0.1}",0.05395387822665303,0.177798553595059,1.211776386012904,0.2322797413177762,34.64486766185554
438,BA11_70:30_MinMax_window3_KPCA_95,BaggingRegressor,"{'n_estimators': 80, 'max_samples': 0.7000000000000001, 'max_features': 0.1}",0.05332923822259492,0.1774810577437401,1.200954618267624,0.2309312413308232,34.64046699578996
439,BA11_70:30_MinMax_window3_KPCA_90,ExtraTreesRegressor,"{'n_estimators': 10, 'min_samples_split': 2, 'min_samples_leaf': 4, 'max_depth': 30}",0.04423963186755359,0.1365950778863563,1.128190064290137,0.2103321940824885,28.02955883997719
440,BA11_70:30_MinMax_window3_KPCA_95,ExtraTreesRegressor,"{'n_estimators': 10, 'min_samples_split': 2, 'min_samples_leaf': 4, 'max_depth': 30}",0.04331525536518127,0.1350022792812785,1.112594873135351,0.2081231735419707,27.83051088955436
441,BA11_70:30_MinMax_window3_KPCA_90,XGBoost Regressor,"{'subsample': 0.9, 'reg_lambda': 0.1, 'reg_alpha': 0.5, 'n_estimators': 600, 'min_child_weight': 5, 'max_depth': 10, 'learning_rate': 0.1, 'gamma': 0.1, 'colsample_bytree': 0.7}",0.05324298057259107,0.1635990026482941,1.229417054348433,0.2307444052899031,32.10060458502534
442,BA11_70:30_MinMax_window3_KPCA_95,XGBoost Regressor,"{'subsample': 0.9, 'reg_lambda': 0.1, 'reg_alpha': 0.5, 'n_estimators': 600, 'min_child_weight': 5, 'max_depth': 10, 'learning_rate': 0.1, 'gamma': 0.1, 'colsample_bytree': 0.7}",0.05344056257742446,0.1644578429804456,1.228929426516965,0.2311721492252569,32.21885088584574
443,BA11_70:30_MinMax_window3_KPCA_90,Multilayer Perceptron,"{'module__num_units': 20, 'module__activation_func': ReLU(), 'lr': 0.05}",0.07796184718608856,0.1846645325422287,1.488158106803894,0.2792164880269225,33.59075486660004
444,BA11_70:30_MinMax_window3_KPCA_95,Multilayer Perceptron,"{'module__num_units': 10, 'module__activation_func': ReLU(), 'lr': 0.1}",0.05946163088083267,0.1528217792510986,1.338483333587646,0.2438475566431468,29.7929584980011
445,BA11_70:30_MinMax_window3_KPCA_90,Long Short-Term Memory Network,"{'module__num_layers': 1, 'module__hidden_size': 75, 'max_epochs': 30, 'lr': 0.1, 'batch_size': 16}",0.04136308282613754,0.1389266103506088,0.497616171836853,0.2033791602552669,26.0635644197464
446,BA11_70:30_MinMax_window3_KPCA_95,Long Short-Term Memory Network,"{'module__num_layers': 1, 'module__hidden_size': 75, 'max_epochs': 30, 'lr': 0.1, 'batch_size': 16}",0.0643853172659874,0.174621045589447,0.6597388982772827,0.2537426201212311,29.31637465953827
447,BA11_70:30_MinMax_window3_KPCA_90,Convolutional neural network,{},0.1192364022135735,0.2488331198692322,1.524287104606628,0.3453062440987325,43.27748417854309
448,BA11_70:30_MinMax_window3_KPCA_95,Convolutional neural network,{},0.1955716162919998,0.3457070887088776,1.51230800151825,0.4422347976946181,65.36775231361389
449,BA11_60:40_MinMax_window3_KPCA_90,Linear Regressor,{},0.03145118012700402,0.117610951143098,1.064104257804335,0.1773448057514063,28.03778488403989
450,BA11_60:40_MinMax_window3_KPCA_95,Linear Regressor,{},0.02877552441652384,0.1025793405321779,1.05677053477698,0.169633500277875,23.62401367184038
451,BA11_60:40_MinMax_window3_KPCA_90,Support Vector Regressor,"{'kernel': 'rbf', 'gamma': 0.01, 'C': 1000}",0.04404371842564131,0.1583021719589825,1.146729511960906,0.2098659534694499,31.38751931069725
452,BA11_60:40_MinMax_window3_KPCA_95,Support Vector Regressor,"{'kernel': 'linear', 'gamma': 1, 'C': 100}",0.02214848839073564,0.1112518485039824,0.7569720835234302,0.1488236822240857,22.47206830602556
453,BA11_60:40_MinMax_window3_KPCA_90,Decision Tree Regressor,"{'splitter': 'best', 'min_samples_split': 5, 'min_samples_leaf': 4, 'min_impurity_decrease': 0.1, 'max_leaf_nodes': 90, 'max_features': None, 'max_depth': 26, 'criterion': 'mae', 'ccp_alpha': 0.0}",0.06268957211963207,0.197865821552497,1.23105693816201,0.2503788571737479,36.74265040738904
454,BA11_60:40_MinMax_window3_KPCA_95,Decision Tree Regressor,"{'splitter': 'best', 'min_samples_split': 10, 'min_samples_leaf': 2, 'min_impurity_decrease': 0.01, 'max_leaf_nodes': 20, 'max_features': None, 'max_depth': 14, 'criterion': 'friedman_mse', 'ccp_alpha': 0.0}",0.06951336729224504,0.1520267053192309,1.461101598951884,0.2636538778251612,27.07231007553565
455,BA11_60:40_MinMax_window3_KPCA_90,K-Neighbors Regressor,"{'weights': 'uniform', 'n_neighbors': 1}",0.02450560392008928,0.07162212833786624,1.047456716512642,0.1565426584675541,14.50476540282985
456,BA11_60:40_MinMax_window3_KPCA_95,K-Neighbors Regressor,"{'weights': 'uniform', 'n_neighbors': 1}",0.03312427270863216,0.0840961561906763,1.147819523863993,0.1820007491979969,16.3084071565075
457,BA11_60:40_MinMax_window3_KPCA_90,Stochastic Gradient Descent Regressor,"{'tol': 0.0001, 'power_t': 0.5, 'penalty': 'l1', 'max_iter': 1000, 'loss': 'squared_loss', 'learning_rate': 'adaptive', 'l1_ratio': 0.15, 'fit_intercept': True, 'eta0': 0.001, 'alpha': 0.001}",0.03329953359723595,0.1286017618987385,1.025082102359171,0.1824815979687704,31.1471193453633
458,BA11_60:40_MinMax_window3_KPCA_95,Stochastic Gradient Descent Regressor,"{'tol': 1e-05, 'power_t': 0.75, 'penalty': 'l1', 'max_iter': 1000, 'loss': 'huber', 'learning_rate': 'invscaling', 'l1_ratio': 0, 'fit_intercept': True, 'eta0': 0.01, 'alpha': 0.01}",18.12392991126508,3.841592286904493,9.009403823142959,4.25722091407823,178.0194298430422
459,BA11_60:40_MinMax_window3_KPCA_90,Voting Regressor,"{'rf__n_estimators': 10, 'gb__n_estimators': 10}",0.03456650123834975,0.103294349452084,1.155160222227955,0.1859206853428358,22.30432872805093
460,BA11_60:40_MinMax_window3_KPCA_95,Voting Regressor,"{'rf__n_estimators': 200, 'gb__n_estimators': 200}",0.03519354950333243,0.09701042705985552,1.175093545987445,0.1875994389739277,20.90327206845607
461,BA11_60:40_MinMax_window3_KPCA_90,Stacking Regressor,{'final_estimator': LinearSVR(random_state=42)},0.04234172711372365,0.1288196149979995,1.202058239706559,0.2057710550921185,26.62076092318772
462,BA11_60:40_MinMax_window3_KPCA_95,Stacking Regressor,{'final_estimator': LinearRegression()},0.09168976926685395,0.2644861980735655,1.375542819432341,0.3028031856946917,44.83537400990734
463,BA11_60:40_MinMax_window3_KPCA_90,Gradient Boosting Regressor,"{'n_estimators': 200, 'min_samples_split': 2, 'min_samples_leaf': 10, 'min_impurity_decrease': 0, 'max_leaf_nodes': 5, 'max_features': 'log2', 'max_depth': 30, 'learning_rate': 0.1}",0.03656481490511735,0.1258862364846473,1.112488508000285,0.1912192848671842,27.13678184192788
464,BA11_60:40_MinMax_window3_KPCA_95,Gradient Boosting Regressor,"{'n_estimators': 100, 'min_samples_split': 2, 'min_samples_leaf': 2, 'min_impurity_decrease': 0, 'max_leaf_nodes': 20, 'max_features': 'sqrt', 'max_depth': 30, 'learning_rate': 0.5}",0.01877592111511714,0.0975987227971848,0.7774019066756872,0.1370252572160225,22.03298251685202
465,BA11_60:40_MinMax_window3_KPCA_90,Random Forest Regressor,"{'n_estimators': 10, 'min_samples_split': 2, 'min_samples_leaf': 4, 'max_depth': 30}",0.04697309145800113,0.117235174706605,1.329793705305158,0.2167327650771824,23.52950692025638
466,BA11_60:40_MinMax_window3_KPCA_95,Random Forest Regressor,"{'n_estimators': 10, 'min_samples_split': 2, 'min_samples_leaf': 4, 'max_depth': 30}",0.04366909852580972,0.1132627974553262,1.295032696253032,0.2089715256340196,23.07589133084583
467,BA11_60:40_MinMax_window3_KPCA_90,AdaBoostRegressor,"{'n_estimators': 50, 'loss': 'linear', 'learning_rate': 0.01}",0.0450293113628919,0.1097885347312618,1.323630199183162,0.2122011106542374,22.35989493121283
468,BA11_60:40_MinMax_window3_KPCA_95,AdaBoostRegressor,"{'n_estimators': 400, 'loss': 'square', 'learning_rate': 1.0}",0.03802023104793961,0.09536552666642618,1.224802133547911,0.1949877715343699,18.85263225389932
469,BA11_60:40_MinMax_window3_KPCA_90,BaggingRegressor,"{'n_estimators': 150, 'max_samples': 0.1, 'max_features': 1.0}",0.05622095452031326,0.1780905493907241,1.263652001176125,0.2371095833582297,33.74435545337538
470,BA11_60:40_MinMax_window3_KPCA_95,BaggingRegressor,"{'n_estimators': 150, 'max_samples': 0.1, 'max_features': 1.0}",0.05167011286589225,0.1617695602105273,1.26016942838864,0.227310608784307,31.2647519086665
471,BA11_60:40_MinMax_window3_KPCA_90,ExtraTreesRegressor,"{'n_estimators': 50, 'min_samples_split': 2, 'min_samples_leaf': 4, 'max_depth': 20}",0.02730525536719515,0.09562593708398248,1.074459032896278,0.1652430191178894,21.0698819728984
472,BA11_60:40_MinMax_window3_KPCA_95,ExtraTreesRegressor,"{'n_estimators': 10, 'min_samples_split': 2, 'min_samples_leaf': 4, 'max_depth': 30}",0.02983542430431728,0.1063855272035448,1.081941953209098,0.1727293382848359,23.33076610515934
473,BA11_60:40_MinMax_window3_KPCA_90,XGBoost Regressor,"{'subsample': 0.9, 'reg_lambda': 0.1, 'reg_alpha': 0.5, 'n_estimators': 600, 'min_child_weight': 5, 'max_depth': 10, 'learning_rate': 0.1, 'gamma': 0.1, 'colsample_bytree': 0.7}",0.03826359215234085,0.1320326895851291,1.14035468890592,0.1956108180861704,26.98843441379989
474,BA11_60:40_MinMax_window3_KPCA_95,XGBoost Regressor,"{'subsample': 0.7, 'reg_lambda': 1.0, 'reg_alpha': 1.0, 'n_estimators': 300, 'min_child_weight': 1, 'max_depth': 6, 'learning_rate': 0.1, 'gamma': 0.1, 'colsample_bytree': 0.7}",0.04611925105949886,0.1456402799480725,1.210563177626777,0.2147539314180275,28.81575243809193
475,BA11_60:40_MinMax_window3_KPCA_90,Multilayer Perceptron,"{'module__num_units': 10, 'module__activation_func': ReLU(), 'lr': 0.1}",0.06125907972455025,0.1773893535137177,1.327282309532166,0.247505716549235,35.26085615158081
476,BA11_60:40_MinMax_window3_KPCA_95,Multilayer Perceptron,"{'module__num_units': 20, 'module__activation_func': Tanh(), 'lr': 0.1}",0.1019836515188217,0.2540306746959686,1.304006576538086,0.3193487928876853,69.26945447921753
477,BA11_60:40_MinMax_window3_KPCA_90,Long Short-Term Memory Network,"{'module__num_layers': 1, 'module__hidden_size': 75, 'max_epochs': 30, 'lr': 0.1, 'batch_size': 16}",0.02228278294205666,0.09855307638645172,0.3367112278938293,0.1492741871257608,18.88023167848587
478,BA11_60:40_MinMax_window3_KPCA_95,Long Short-Term Memory Network,"{'module__num_layers': 1, 'module__hidden_size': 25, 'max_epochs': 20, 'lr': 0.1, 'batch_size': 16}",0.0512048676609993,0.1841001808643341,0.5239471197128296,0.2262849258368734,31.54844045639038
479,BA11_60:40_MinMax_window3_KPCA_90,Convolutional neural network,{},0.2711536884307861,0.3836957216262817,1.970265746116638,0.5207241961257285,56.07113242149353
480,BA11_60:40_MinMax_window3_KPCA_95,Convolutional neural network,{},73.3953857421875,6.927272796630859,18.19326210021973,8.567110699774313,165.1961088180542
481,BA11_80:20_Log_window3_KPCA_90,Linear Regressor,{},0.5211246120532131,0.3336833755184812,0.5727384682036503,0.7218896120967617,16.81272907165241
482,BA11_80:20_Log_window3_KPCA_95,Linear Regressor,{},0.5209976961238757,0.3336778446090488,0.5726927452202003,0.7218017013861049,16.8131097436111
483,BA11_80:20_Log_window3_KPCA_90,Support Vector Regressor,"{'kernel': 'linear', 'gamma': 1, 'C': 100}",0.5352035465705641,0.3553232680698297,0.5855288077435601,0.7315760702555573,17.59665888520316
484,BA11_80:20_Log_window3_KPCA_95,Support Vector Regressor,"{'kernel': 'linear', 'gamma': 1, 'C': 100}",0.5351141646751836,0.3553334411294645,0.5854988848964736,0.7315149791188036,17.59739822445209
485,BA11_80:20_Log_window3_KPCA_90,Decision Tree Regressor,"{'splitter': 'best', 'min_samples_split': 10, 'min_samples_leaf': 2, 'min_impurity_decrease': 0.01, 'max_leaf_nodes': 20, 'max_features': None, 'max_depth': 14, 'criterion': 'friedman_mse', 'ccp_alpha': 0.0}",0.51790038361044,0.3600031965124973,0.6062176208571961,0.7196529605375358,17.78396731996065
486,BA11_80:20_Log_window3_KPCA_95,Decision Tree Regressor,"{'splitter': 'best', 'min_samples_split': 10, 'min_samples_leaf': 2, 'min_impurity_decrease': 0.01, 'max_leaf_nodes': 20, 'max_features': None, 'max_depth': 14, 'criterion': 'friedman_mse', 'ccp_alpha': 0.0}",0.51790038361044,0.3600031965124973,0.6062176208571961,0.7196529605375358,17.78396731996065
487,BA11_80:20_Log_window3_KPCA_90,K-Neighbors Regressor,"{'weights': 'uniform', 'n_neighbors': 2}",0.525802531707654,0.3757131519544177,0.592997529050352,0.7251224253239269,18.39973877541714
488,BA11_80:20_Log_window3_KPCA_95,K-Neighbors Regressor,"{'weights': 'uniform', 'n_neighbors': 2}",0.5260323440889373,0.376039057064398,0.5931228606508178,0.7252808725514118,18.41402229096019
489,BA11_80:20_Log_window3_KPCA_90,Stochastic Gradient Descent Regressor,"{'tol': 1e-05, 'power_t': 0.5, 'penalty': 'l2', 'max_iter': 1000, 'loss': 'squared_loss', 'learning_rate': 'constant', 'l1_ratio': 0, 'fit_intercept': True, 'eta0': 0.001, 'alpha': 0.01}",0.5161902595608893,0.3356055222245092,0.5711621920908626,0.7184638192427572,16.88524054644678
490,BA11_80:20_Log_window3_KPCA_95,Stochastic Gradient Descent Regressor,"{'tol': 1e-05, 'power_t': 0.75, 'penalty': 'l1', 'max_iter': 1000, 'loss': 'huber', 'learning_rate': 'invscaling', 'l1_ratio': 0, 'fit_intercept': True, 'eta0': 0.01, 'alpha': 0.01}",5.801906464918591,1.706085387814601,0.9176697967949319,2.40871469147315,73.05554558748638
491,BA11_80:20_Log_window3_KPCA_90,Voting Regressor,"{'rf__n_estimators': 10, 'gb__n_estimators': 10}",0.512300125163881,0.3380873598932171,0.5774723851576025,0.7157514409093991,17.01486445408287
492,BA11_80:20_Log_window3_KPCA_95,Voting Regressor,"{'rf__n_estimators': 10, 'gb__n_estimators': 10}",0.5133574082627403,0.3403186507779192,0.5784125475944646,0.7164896428160985,17.10007339547975
493,BA11_80:20_Log_window3_KPCA_90,Stacking Regressor,{'final_estimator': RandomForestRegressor(random_state=42)},0.5517076377949701,0.3596372409408285,0.5881549754922859,0.7427702456311576,17.76587239244833
494,BA11_80:20_Log_window3_KPCA_95,Stacking Regressor,{'final_estimator': RandomForestRegressor(random_state=42)},0.5537345272717408,0.3832909180503301,0.5949683290521423,0.7441334069047973,18.70490542474536
495,BA11_80:20_Log_window3_KPCA_90,Gradient Boosting Regressor,"{'n_estimators': 100, 'min_samples_split': 2, 'min_samples_leaf': 2, 'min_impurity_decrease': 0, 'max_leaf_nodes': 20, 'max_features': 'sqrt', 'max_depth': 30, 'learning_rate': 0.5}",0.586678559593703,0.4219335040964415,0.5990661342283035,0.7659494497639534,19.9725994533928
496,BA11_80:20_Log_window3_KPCA_95,Gradient Boosting Regressor,"{'n_estimators': 50, 'min_samples_split': 2, 'min_samples_leaf': 2, 'min_impurity_decrease': 0, 'max_leaf_nodes': 15, 'max_features': 'log2', 'max_depth': 20, 'learning_rate': 0.05}",0.5148254822795786,0.3669591049170592,0.5698671012546762,0.7175134021602514,18.14541939060312
497,BA11_80:20_Log_window3_KPCA_90,Random Forest Regressor,"{'n_estimators': 100, 'min_samples_split': 5, 'min_samples_leaf': 2, 'max_depth': None}",0.5040804740835961,0.3337174482860194,0.575282396116655,0.7099862492214875,16.86928348273626
498,BA11_80:20_Log_window3_KPCA_95,Random Forest Regressor,"{'n_estimators': 100, 'min_samples_split': 5, 'min_samples_leaf': 2, 'max_depth': None}",0.5047974711080923,0.3365592659955656,0.5763044322374625,0.7104910070564526,16.97719613591542
499,BA11_80:20_Log_window3_KPCA_90,AdaBoostRegressor,"{'n_estimators': 100, 'loss': 'square', 'learning_rate': 0.01}",0.4878327973760587,0.3295773026482997,0.5751395758101681,0.6984502826802053,16.70151887488759
500,BA11_80:20_Log_window3_KPCA_95,AdaBoostRegressor,"{'n_estimators': 100, 'loss': 'square', 'learning_rate': 0.01}",0.4916935594312264,0.3336851190962686,0.5773135506074043,0.7012086418686142,16.85771970347878
501,BA11_80:20_Log_window3_KPCA_90,BaggingRegressor,"{'n_estimators': 30, 'max_samples': 0.9, 'max_features': 0.7000000000000001}",0.5115052304019685,0.3542131720897108,0.5762232391802706,0.715195938468591,17.6367384291652
502,BA11_80:20_Log_window3_KPCA_95,BaggingRegressor,"{'n_estimators': 50, 'max_samples': 0.7000000000000001, 'max_features': 0.9}",0.5125596460054032,0.3589851009121492,0.5784668579727442,0.7159327105290015,17.81557004141501
503,BA11_80:20_Log_window3_KPCA_90,ExtraTreesRegressor,"{'n_estimators': 10, 'min_samples_split': 2, 'min_samples_leaf': 2, 'max_depth': None}",0.5123590098184884,0.3314042191636524,0.57992847522134,0.7157925745762443,16.70317767365446
504,BA11_80:20_Log_window3_KPCA_95,ExtraTreesRegressor,"{'n_estimators': 10, 'min_samples_split': 2, 'min_samples_leaf': 2, 'max_depth': None}",0.5129218872828195,0.3319439667181635,0.5801846871755667,0.7161856514080825,16.7220630857337
505,BA11_80:20_Log_window3_KPCA_90,XGBoost Regressor,"{'subsample': 0.7, 'reg_lambda': 1.0, 'reg_alpha': 0.1, 'n_estimators': 200, 'min_child_weight': 5, 'max_depth': 6, 'learning_rate': 0.2, 'gamma': 0.1, 'colsample_bytree': 0.7}",0.5162000009778891,0.3609820102241452,0.5866160887003137,0.7184705985479776,17.87942585951762
506,BA11_80:20_Log_window3_KPCA_95,XGBoost Regressor,"{'subsample': 0.7, 'reg_lambda': 1.0, 'reg_alpha': 0.1, 'n_estimators': 200, 'min_child_weight': 5, 'max_depth': 6, 'learning_rate': 0.2, 'gamma': 0.1, 'colsample_bytree': 0.7}",0.5180646475357268,0.3614994365905366,0.5871706308915817,0.7197670786690141,17.89378061222999
507,BA11_80:20_Log_window3_KPCA_90,Multilayer Perceptron,"{'module__num_units': 20, 'module__activation_func': Tanh(), 'lr': 0.1}",0.5051050782203674,0.3844074606895447,0.5896788239479065,0.7107074491099467,19.35912519693375
508,BA11_80:20_Log_window3_KPCA_95,Multilayer Perceptron,"{'module__num_units': 20, 'module__activation_func': Tanh(), 'lr': 0.1}",0.439638614654541,0.3560784459114075,0.5188929438591003,0.6630524976610381,18.09842586517334
509,BA11_80:20_Log_window3_KPCA_90,Long Short-Term Memory Network,"{'module__num_layers': 1, 'module__hidden_size': 75, 'max_epochs': 30, 'lr': 0.1, 'batch_size': 16}",0.2591586112976074,0.3038130402565002,0.2127490043640137,0.5090762332869286,13.73600214719772
510,BA11_80:20_Log_window3_KPCA_95,Long Short-Term Memory Network,"{'module__num_layers': 1, 'module__hidden_size': 25, 'max_epochs': 20, 'lr': 0.1, 'batch_size': 16}",0.5895041227340698,0.5112701654434204,0.2372239381074905,0.7677917183286558,24.08437579870224
511,BA11_80:20_Log_window3_KPCA_90,Convolutional neural network,{},0.7078453898429871,0.5788516402244568,0.6722431778907776,0.8413354799620584,25.83317458629608
512,BA11_80:20_Log_window3_KPCA_95,Convolutional neural network,{},1.850449085235596,1.043865323066711,0.9262612462043762,1.360312127871981,38.21975290775299
513,BA11_70:30_Log_window3_KPCA_90,Linear Regressor,{},0.3963140912831225,0.269534297037626,0.5259475840008978,0.629534821342809,14.41449720095513
514,BA11_70:30_Log_window3_KPCA_95,Linear Regressor,{},0.4397589409703375,0.2802417544319984,0.551743323697844,0.6631432280965684,14.86114731823627
515,BA11_70:30_Log_window3_KPCA_90,Support Vector Regressor,"{'kernel': 'rbf', 'gamma': 0.0001, 'C': 1}",0.5298994919689347,0.3188501214063068,0.5995842340061315,0.7279419564559627,16.21148991604236
516,BA11_70:30_Log_window3_KPCA_95,Support Vector Regressor,"{'kernel': 'rbf', 'gamma': 0.1, 'C': 1}",0.5594145448621821,0.4321214483432946,0.6210359845524213,0.7479402013945915,20.53337657649681
517,BA11_70:30_Log_window3_KPCA_90,Decision Tree Regressor,"{'splitter': 'best', 'min_samples_split': 5, 'min_samples_leaf': 4, 'min_impurity_decrease': 0.1, 'max_leaf_nodes': 90, 'max_features': None, 'max_depth': 26, 'criterion': 'mae', 'ccp_alpha': 0.0}",0.575800990090811,0.4380556937993376,0.6300519555865471,0.7588155178242014,20.69951706871148
518,BA11_70:30_Log_window3_KPCA_95,Decision Tree Regressor,"{'splitter': 'best', 'min_samples_split': 5, 'min_samples_leaf': 4, 'min_impurity_decrease': 0.1, 'max_leaf_nodes': 90, 'max_features': None, 'max_depth': 26, 'criterion': 'mae', 'ccp_alpha': 0.0}",0.575800990090811,0.4380556937993376,0.6300519555865471,0.7588155178242014,20.69951706871148
519,BA11_70:30_Log_window3_KPCA_90,K-Neighbors Regressor,"{'weights': 'distance', 'n_neighbors': 1}",0.5532201407405019,0.2992873940139401,0.6170502040663357,0.743787698702057,15.11639664004338
520,BA11_70:30_Log_window3_KPCA_95,K-Neighbors Regressor,"{'weights': 'uniform', 'n_neighbors': 5}",0.5405082302144695,0.338968410039616,0.6179948583836381,0.7351926483680787,16.87047179472373
521,BA11_70:30_Log_window3_KPCA_90,Stochastic Gradient Descent Regressor,"{'tol': 1e-05, 'power_t': 0.75, 'penalty': 'l1', 'max_iter': 1000, 'loss': 'huber', 'learning_rate': 'invscaling', 'l1_ratio': 0, 'fit_intercept': True, 'eta0': 0.01, 'alpha': 0.01}",7.556857453944392,2.659541552276866,1.146113244472546,2.748973891099076,186.2498426910126
522,BA11_70:30_Log_window3_KPCA_95,Stochastic Gradient Descent Regressor,"{'tol': 0.001, 'power_t': 0.25, 'penalty': 'none', 'max_iter': 1000, 'loss': 'huber', 'learning_rate': 'adaptive', 'l1_ratio': 0.7, 'fit_intercept': True, 'eta0': 0.001, 'alpha': 0.01}",5065.068324856207,67.41865081550468,40.73017380558338,71.1692934126524,186.1108411977874
523,BA11_70:30_Log_window3_KPCA_90,Voting Regressor,"{'rf__n_estimators': 10, 'gb__n_estimators': 10}",0.4501396261498773,0.2890083119887313,0.5592838810304112,0.6709244563658991,15.16190601998442
524,BA11_70:30_Log_window3_KPCA_95,Voting Regressor,"{'rf__n_estimators': 10, 'gb__n_estimators': 10}",0.4610386949842923,0.2944542437448597,0.5636891207031072,0.678998302637269,15.39304796532981
525,BA11_70:30_Log_window3_KPCA_90,Stacking Regressor,{'final_estimator': LinearSVR(random_state=42)},0.529602467528693,0.3450070288864111,0.6044277395204345,0.7277379112899732,17.11465762646768
526,BA11_70:30_Log_window3_KPCA_95,Stacking Regressor,{'final_estimator': LinearSVR(random_state=42)},0.4377352690557804,0.2873694313928031,0.5512952057807969,0.6616156505523281,15.17259121157782
527,BA11_70:30_Log_window3_KPCA_90,Gradient Boosting Regressor,"{'n_estimators': 50, 'min_samples_split': 2, 'min_samples_leaf': 2, 'min_impurity_decrease': 0, 'max_leaf_nodes': 15, 'max_features': 'log2', 'max_depth': 20, 'learning_rate': 0.05}",0.4454202453683997,0.3190332621292165,0.5524275938106595,0.6673981160959325,16.38687069806565
528,BA11_70:30_Log_window3_KPCA_95,Gradient Boosting Regressor,"{'n_estimators': 50, 'min_samples_split': 2, 'min_samples_leaf': 2, 'min_impurity_decrease': 0, 'max_leaf_nodes': 15, 'max_features': 'log2', 'max_depth': 20, 'learning_rate': 0.05}",0.4761610323984266,0.305519023226616,0.5688254082288448,0.690044224958391,15.78889852984139
529,BA11_70:30_Log_window3_KPCA_90,Random Forest Regressor,"{'n_estimators': 10, 'min_samples_split': 2, 'min_samples_leaf': 2, 'max_depth': None}",0.5080363387479175,0.3254313997729539,0.5967155346210292,0.7127666790387424,16.42752851228648
530,BA11_70:30_Log_window3_KPCA_95,Random Forest Regressor,"{'n_estimators': 10, 'min_samples_split': 2, 'min_samples_leaf': 2, 'max_depth': None}",0.4694060825702371,0.3048465658023695,0.5719104750650119,0.685132164308637,15.82418277765783
531,BA11_70:30_Log_window3_KPCA_90,AdaBoostRegressor,"{'n_estimators': 100, 'loss': 'square', 'learning_rate': 0.01}",0.491783496477982,0.3116387179645467,0.5853541485991895,0.7012727689551206,15.77827222555995
532,BA11_70:30_Log_window3_KPCA_95,AdaBoostRegressor,"{'n_estimators': 100, 'loss': 'linear', 'learning_rate': 0.1}",0.4710120210057804,0.3143212584443023,0.5598426477541689,0.6863031553226172,16.0915925247118
533,BA11_70:30_Log_window3_KPCA_90,BaggingRegressor,"{'n_estimators': 100, 'max_samples': 1.0, 'max_features': 0.6}",0.4371950872819007,0.3101274489265561,0.5478939821423626,0.6612072952424985,16.00909854684442
534,BA11_70:30_Log_window3_KPCA_95,BaggingRegressor,"{'n_estimators': 60, 'max_samples': 1.0, 'max_features': 0.6}",0.4523794153594469,0.3028624757303897,0.5575953038386314,0.6725915665241773,15.7988799056206
535,BA11_70:30_Log_window3_KPCA_90,ExtraTreesRegressor,"{'n_estimators': 10, 'min_samples_split': 2, 'min_samples_leaf': 2, 'max_depth': None}",0.457686836061238,0.2989908582900785,0.5657729747796909,0.6765255620161281,15.54257605119964
536,BA11_70:30_Log_window3_KPCA_95,ExtraTreesRegressor,"{'n_estimators': 50, 'min_samples_split': 10, 'min_samples_leaf': 1, 'max_depth': 30}",0.4624249196674555,0.3074361097080114,0.5604672676786714,0.6800183230380308,15.94139668011127
537,BA11_70:30_Log_window3_KPCA_90,XGBoost Regressor,"{'subsample': 0.8, 'reg_lambda': 0.5, 'reg_alpha': 1.0, 'n_estimators': 600, 'min_child_weight': 5, 'max_depth': 8, 'learning_rate': 0.2, 'gamma': 0.1, 'colsample_bytree': 0.7}",0.5273055405137896,0.3568153462849063,0.6015234723200559,0.7261580685455403,17.66336918505008
538,BA11_70:30_Log_window3_KPCA_95,XGBoost Regressor,"{'subsample': 0.9, 'reg_lambda': 1.0, 'reg_alpha': 0, 'n_estimators': 100, 'min_child_weight': 5, 'max_depth': 3, 'learning_rate': 0.1, 'gamma': 0.2, 'colsample_bytree': 1.0}",0.5176306507294928,0.3347933468909629,0.5979435956905838,0.7194655313004875,16.8154852926403
539,BA11_70:30_Log_window3_KPCA_90,Multilayer Perceptron,"{'module__num_units': 10, 'module__activation_func': ReLU(), 'lr': 0.02}",0.5788137316703796,0.6061630845069885,0.5222383737564087,0.7607980886348096,29.08763885498047
540,BA11_70:30_Log_window3_KPCA_95,Multilayer Perceptron,"{'module__num_units': 20, 'module__activation_func': Tanh(), 'lr': 0.1}",0.5084965825080872,0.3379108905792236,0.6183297038078308,0.7130894631868341,16.83321595191956
541,BA11_70:30_Log_window3_KPCA_90,Long Short-Term Memory Network,"{'module__num_layers': 1, 'module__hidden_size': 25, 'max_epochs': 20, 'lr': 0.1, 'batch_size': 16}",0.2332445085048676,0.3111816942691803,0.1786049753427505,0.4829539403554624,13.60568702220917
542,BA11_70:30_Log_window3_KPCA_95,Long Short-Term Memory Network,"{'module__num_layers': 1, 'module__hidden_size': 75, 'max_epochs': 10, 'lr': 0.1, 'batch_size': 32}",0.5606276392936707,0.5568827986717224,0.2524765133857727,0.7487507190605366,24.51011836528778
543,BA11_70:30_Log_window3_KPCA_90,Convolutional neural network,{},1.91065502166748,0.9808061718940735,0.9821117520332336,1.382264454316713,40.75363576412201
544,BA11_70:30_Log_window3_KPCA_95,Convolutional neural network,{},415467.53125,526.2299194335938,267.6046447753906,644.5677088173127,197.9278445243835
545,BA11_60:40_Log_window3_KPCA_90,Linear Regressor,{},0.3341419342718552,0.2808505500743309,0.2446381002270318,0.578050113979623,14.38313770986017
546,BA11_60:40_Log_window3_KPCA_95,Linear Regressor,{},0.340126881879963,0.290135949221715,0.2495320181462332,0.5832039796503132,14.79341989135394
547,BA11_60:40_Log_window3_KPCA_90,Support Vector Regressor,"{'kernel': 'rbf', 'gamma': 0.0001, 'C': 1}",0.5446927889803381,0.4050688120255771,0.3344455658041632,0.7380330541245007,18.82383425835287
548,BA11_60:40_Log_window3_KPCA_95,Support Vector Regressor,"{'kernel': 'rbf', 'gamma': 0.0001, 'C': 1}",0.514792033543432,0.3439858020992098,0.3108293785000602,0.7174900929932286,16.54017745794943
549,BA11_60:40_Log_window3_KPCA_90,Decision Tree Regressor,"{'splitter': 'best', 'min_samples_split': 5, 'min_samples_leaf': 4, 'min_impurity_decrease': 0.1, 'max_leaf_nodes': 90, 'max_features': None, 'max_depth': 26, 'criterion': 'mae', 'ccp_alpha': 0.0}",0.5393884823395788,0.4246968508340793,0.3378965207350837,0.7344307199045931,19.61130821732982
550,BA11_60:40_Log_window3_KPCA_95,Decision Tree Regressor,"{'splitter': 'best', 'min_samples_split': 10, 'min_samples_leaf': 2, 'min_impurity_decrease': 0.01, 'max_leaf_nodes': 20, 'max_features': None, 'max_depth': 14, 'criterion': 'friedman_mse', 'ccp_alpha': 0.0}",0.3784763815716566,0.2670954882836717,0.2317650082328771,0.615204341314052,12.74714883240975
551,BA11_60:40_Log_window3_KPCA_90,K-Neighbors Regressor,"{'weights': 'uniform', 'n_neighbors': 1}",0.4305817708245434,0.2735281146869393,0.2506013641098921,0.6561872985852008,13.21772839275412
552,BA11_60:40_Log_window3_KPCA_95,K-Neighbors Regressor,"{'weights': 'uniform', 'n_neighbors': 1}",0.3926918804951395,0.2380192321539194,0.2320015602912749,0.6266513229022497,12.04445770480224
553,BA11_60:40_Log_window3_KPCA_90,Stochastic Gradient Descent Regressor,"{'tol': 0.0001, 'power_t': 0.5, 'penalty': 'l1', 'max_iter': 1000, 'loss': 'squared_loss', 'learning_rate': 'adaptive', 'l1_ratio': 0.15, 'fit_intercept': True, 'eta0': 0.001, 'alpha': 0.001}",0.3336107085711337,0.286800652619086,0.2460799938659355,0.5775904332406603,14.66597167352406
554,BA11_60:40_Log_window3_KPCA_95,Stochastic Gradient Descent Regressor,"{'tol': 0.0001, 'power_t': 0.5, 'penalty': 'l1', 'max_iter': 1000, 'loss': 'squared_loss', 'learning_rate': 'adaptive', 'l1_ratio': 0.15, 'fit_intercept': True, 'eta0': 0.001, 'alpha': 0.001}",0.339428869643622,0.3118467115190799,0.2550638004159287,0.5826052434055344,15.78984330522735
555,BA11_60:40_Log_window3_KPCA_90,Voting Regressor,"{'rf__n_estimators': 10, 'gb__n_estimators': 100}",0.2991143068154603,0.2181328546813191,0.2103242969981158,0.5469134363091295,11.50198758009906
556,BA11_60:40_Log_window3_KPCA_95,Voting Regressor,"{'rf__n_estimators': 10, 'gb__n_estimators': 100}",0.3038478538090966,0.209082573717807,0.2087196851960877,0.5512239597560111,11.08170045860897
557,BA11_60:40_Log_window3_KPCA_90,Stacking Regressor,{'final_estimator': RandomForestRegressor(random_state=42)},0.5843619854227883,0.4809989977797297,0.3573975513579988,0.7644357300798991,21.93775293683774
558,BA11_60:40_Log_window3_KPCA_95,Stacking Regressor,{'final_estimator': RandomForestRegressor(random_state=42)},0.4601658435280719,0.3407287654444687,0.2940911622821892,0.6783552487657717,16.78450173643841
559,BA11_60:40_Log_window3_KPCA_90,Gradient Boosting Regressor,"{'n_estimators': 200, 'min_samples_split': 10, 'min_samples_leaf': 2, 'min_impurity_decrease': 2, 'max_leaf_nodes': 20, 'max_features': None, 'max_depth': 20, 'learning_rate': 0.5}",0.3863765405650877,0.3551137754308286,0.2780125670806696,0.6215919405567351,17.01361352847776
560,BA11_60:40_Log_window3_KPCA_95,Gradient Boosting Regressor,"{'n_estimators': 100, 'min_samples_split': 2, 'min_samples_leaf': 2, 'min_impurity_decrease': 0, 'max_leaf_nodes': 20, 'max_features': 'sqrt', 'max_depth': 30, 'learning_rate': 0.5}",0.3621774375158033,0.2843820032291012,0.2415115607317084,0.6018117957599396,14.13229428888049
561,BA11_60:40_Log_window3_KPCA_90,Random Forest Regressor,"{'n_estimators': 10, 'min_samples_split': 2, 'min_samples_leaf': 2, 'max_depth': None}",0.3168312250203642,0.2414134092564328,0.2237947083664531,0.5628776288149709,12.54845404932077
562,BA11_60:40_Log_window3_KPCA_95,Random Forest Regressor,"{'n_estimators': 10, 'min_samples_split': 2, 'min_samples_leaf': 2, 'max_depth': None}",0.3279496873151773,0.2319881298590401,0.2242078567884206,0.572668915967313,12.13014572999366
563,BA11_60:40_Log_window3_KPCA_90,AdaBoostRegressor,"{'n_estimators': 200, 'loss': 'linear', 'learning_rate': 0.1}",0.3011460952652267,0.2108320823313047,0.2005747607812708,0.5487677972195769,10.9514058167325
564,BA11_60:40_Log_window3_KPCA_95,AdaBoostRegressor,"{'n_estimators': 100, 'loss': 'square', 'learning_rate': 0.01}",0.3259268640012846,0.2370847902412383,0.2143245873096777,0.5709000472948698,12.04690535697601
565,BA11_60:40_Log_window3_KPCA_90,BaggingRegressor,"{'n_estimators': 30, 'max_samples': 0.9, 'max_features': 0.7000000000000001}",0.3291314441011178,0.2582028495266116,0.235547331548966,0.5736997856903189,13.33867293838097
566,BA11_60:40_Log_window3_KPCA_95,BaggingRegressor,"{'n_estimators': 160, 'max_samples': 0.7000000000000001, 'max_features': 0.8}",0.3250539665352255,0.2325977948451255,0.2249565098406623,0.5701350423673548,12.16712239251891
567,BA11_60:40_Log_window3_KPCA_90,ExtraTreesRegressor,"{'n_estimators': 50, 'min_samples_split': 10, 'min_samples_leaf': 1, 'max_depth': 30}",0.3067603775427735,0.2414971173976168,0.2208748130219098,0.5538595287099188,12.67191319534609
568,BA11_60:40_Log_window3_KPCA_95,ExtraTreesRegressor,"{'n_estimators': 10, 'min_samples_split': 2, 'min_samples_leaf': 2, 'max_depth': None}",0.3128226225882952,0.2206063742280266,0.2164867891564264,0.5593054823513669,11.64115587327953
569,BA11_60:40_Log_window3_KPCA_90,XGBoost Regressor,"{'subsample': 0.9, 'reg_lambda': 0.1, 'reg_alpha': 0.5, 'n_estimators': 200, 'min_child_weight': 1, 'max_depth': 10, 'learning_rate': 0.1, 'gamma': 0.3, 'colsample_bytree': 0.9}",0.3391559652519102,0.2748392783545557,0.2435244470309753,0.5823709859289954,13.96380784249427
570,BA11_60:40_Log_window3_KPCA_95,XGBoost Regressor,"{'subsample': 0.7, 'reg_lambda': 0.1, 'reg_alpha': 0.1, 'n_estimators': 100, 'min_child_weight': 1, 'max_depth': 9, 'learning_rate': 0.3, 'gamma': 0.3, 'colsample_bytree': 0.8}",0.3153813448733095,0.2480540412522646,0.222542073891029,0.5615882342725046,12.46129270795526
571,BA11_60:40_Log_window3_KPCA_90,Multilayer Perceptron,"{'module__num_units': 20, 'module__activation_func': ReLU(), 'lr': 0.1}",0.4992067515850067,0.4516600370407104,0.3301110863685608,0.7065456472054772,20.98514139652252
572,BA11_60:40_Log_window3_KPCA_95,Multilayer Perceptron,"{'module__num_units': 10, 'module__activation_func': ReLU(), 'lr': 0.1}",0.692390501499176,0.5079644918441772,0.3902636468410492,0.8321000549808755,22.22215682268143
573,BA11_60:40_Log_window3_KPCA_90,Long Short-Term Memory Network,"{'module__num_layers': 1, 'module__hidden_size': 25, 'max_epochs': 20, 'lr': 0.1, 'batch_size': 16}",0.2400907129049301,0.2656054794788361,0.1612077057361603,0.4899905232807367,11.54371574521065
574,BA11_60:40_Log_window3_KPCA_95,Long Short-Term Memory Network,"{'module__num_layers': 1, 'module__hidden_size': 25, 'max_epochs': 20, 'lr': 0.1, 'batch_size': 16}",0.1055252999067307,0.1754453927278519,0.1039063483476639,0.324846579028825,8.079682290554047
575,BA11_60:40_Log_window3_KPCA_90,Convolutional neural network,{},0.8209501504898071,0.5179125666618347,0.3983972370624542,0.9060629947690211,21.9462662935257
576,BA11_60:40_Log_window3_KPCA_95,Convolutional neural network,{},0.8012419939041138,0.506530225276947,0.3883422911167145,0.8951212174360039,21.40917778015137
577,BA11_80:20_MinMax_window3_Isomap_90,Linear Regressor,{},0.04024338070258308,0.1568905693894846,0.2316665929312089,0.2006075290276591,21.58477685365693
578,BA11_80:20_MinMax_window3_Isomap_90,Support Vector Regressor,"{'kernel': 'rbf', 'gamma': 0.0001, 'C': 100}",0.02293151874370329,0.1135426249891586,0.1473133346462308,0.1514315645554232,15.99790137473437
579,BA11_80:20_MinMax_window3_Isomap_90,Decision Tree Regressor,"{'splitter': 'best', 'min_samples_split': 2, 'min_samples_leaf': 1, 'min_impurity_decrease': 0.1, 'max_leaf_nodes': 10, 'max_features': 'sqrt', 'max_depth': 7, 'criterion': 'friedman_mse', 'ccp_alpha': 0.0}",0.03697890191916081,0.1566026040415228,0.2334777849854888,0.1922989909468087,24.05379813579672
580,BA11_80:20_MinMax_window3_Isomap_90,K-Neighbors Regressor,"{'weights': 'distance', 'n_neighbors': 2}",0.02430178384049005,0.1047041710264332,0.1408361689603964,0.1558902942472367,15.76280588655382
581,BA11_80:20_MinMax_window3_Isomap_90,Stochastic Gradient Descent Regressor,"{'tol': 1e-05, 'power_t': 0.5, 'penalty': 'l2', 'max_iter': 1000, 'loss': 'squared_loss', 'learning_rate': 'constant', 'l1_ratio': 0, 'fit_intercept': True, 'eta0': 0.001, 'alpha': 0.01}",0.02352529579017805,0.1097468883567103,0.1380519662400542,0.1533795807471713,15.5029420182506
582,BA11_80:20_MinMax_window3_Isomap_90,Voting Regressor,"{'rf__n_estimators': 50, 'gb__n_estimators': 100}",0.02918288076536792,0.1319724205745226,0.1830856499584939,0.1708299761908545,19.69849433257551
583,BA11_80:20_MinMax_window3_Isomap_90,Stacking Regressor,{'final_estimator': LinearSVR(random_state=42)},0.01256920090042126,0.081846952895773,0.1035718645634325,0.1121124475712722,11.08419695709485
584,BA11_80:20_MinMax_window3_Isomap_90,Gradient Boosting Regressor,"{'n_estimators': 100, 'min_samples_split': 2, 'min_samples_leaf': 2, 'min_impurity_decrease': 0, 'max_leaf_nodes': 20, 'max_features': 'sqrt', 'max_depth': 30, 'learning_rate': 0.5}",0.03702627728318406,0.1606033739976293,0.221576967673556,0.1924221330387543,23.54096596972398
585,BA11_80:20_MinMax_window3_Isomap_90,Random Forest Regressor,"{'n_estimators': 50, 'min_samples_split': 10, 'min_samples_leaf': 1, 'max_depth': 30}",0.02838273899058572,0.1218138676840771,0.1601352237827822,0.1684717750561966,18.32488752779823
586,BA11_80:20_MinMax_window3_Isomap_90,AdaBoostRegressor,"{'n_estimators': 400, 'loss': 'square', 'learning_rate': 1.0}",0.01458706441059737,0.08732461519336054,0.1126720140199575,0.1207769200244706,12.1427366028176
587,BA11_80:20_MinMax_window3_Isomap_90,BaggingRegressor,"{'n_estimators': 100, 'max_samples': 1.0, 'max_features': 0.6}",0.01864144732692284,0.09883906472700071,0.1260522448942461,0.1365336856857048,14.04369300051062
588,BA11_80:20_MinMax_window3_Isomap_90,ExtraTreesRegressor,"{'n_estimators': 10, 'min_samples_split': 2, 'min_samples_leaf': 4, 'max_depth': 30}",0.01681582005426922,0.09834629987176928,0.1291434399690986,0.1296758267923101,14.15804834196772
589,BA11_80:20_MinMax_window3_Isomap_90,XGBoost Regressor,"{'subsample': 0.9, 'reg_lambda': 1.0, 'reg_alpha': 0, 'n_estimators': 100, 'min_child_weight': 5, 'max_depth': 3, 'learning_rate': 0.1, 'gamma': 0.2, 'colsample_bytree': 1.0}",0.01871225794844261,0.100321334934185,0.1287871675965921,0.1367927554676877,14.04591646576618
590,BA11_80:20_MinMax_window3_Isomap_90,Multilayer Perceptron,"{'module__num_units': 20, 'module__activation_func': Tanh(), 'lr': 0.1}",0.02092210948467255,0.1171954199671745,0.1718837022781372,0.144644769987278,16.65223836898804
591,BA11_80:20_MinMax_window3_Isomap_90,Long Short-Term Memory Network,"{'module__num_layers': 1, 'module__hidden_size': 75, 'max_epochs': 30, 'lr': 0.1, 'batch_size': 16}",0.01699451170861721,0.1105526387691498,0.1430473625659943,0.1303629997684052,14.73666727542877
592,BA11_80:20_MinMax_window3_Isomap_90,Convolutional neural network,{},0.02193921618163586,0.1243623569607735,0.1803737580776215,0.1481189258050296,17.68293827772141
593,BA11_70:30_MinMax_window3_Isomap_90,Linear Regressor,{},0.17135804979208,0.3414249082301286,0.5415784986528283,0.4139541638781763,68.92945276192626
594,BA11_70:30_MinMax_window3_Isomap_90,Support Vector Regressor,"{'kernel': 'rbf', 'gamma': 0.01, 'C': 10}",0.02275370826428656,0.1190088208362949,0.1895232047226162,0.1508433235655014,18.12918048756784
595,BA11_70:30_MinMax_window3_Isomap_90,Decision Tree Regressor,"{'splitter': 'best', 'min_samples_split': 5, 'min_samples_leaf': 4, 'min_impurity_decrease': 0.1, 'max_leaf_nodes': 90, 'max_features': None, 'max_depth': 26, 'criterion': 'mae', 'ccp_alpha': 0.0}",0.03533873515809639,0.1523987492672792,0.2472339444519311,0.1879859972394125,23.32505932938447
596,BA11_70:30_MinMax_window3_Isomap_90,K-Neighbors Regressor,"{'weights': 'distance', 'n_neighbors': 7}",0.01453226210111253,0.08741241535236337,0.1436647544361995,0.1205498324391724,13.34390568189392
597,BA11_70:30_MinMax_window3_Isomap_90,Stochastic Gradient Descent Regressor,"{'tol': 1e-05, 'power_t': 0.5, 'penalty': 'l2', 'max_iter': 1000, 'loss': 'squared_loss', 'learning_rate': 'constant', 'l1_ratio': 0, 'fit_intercept': True, 'eta0': 0.001, 'alpha': 0.01}",0.02543133730727951,0.1191687506451945,0.1838722583196605,0.1594720580768917,18.13376656131699
598,BA11_70:30_MinMax_window3_Isomap_90,Voting Regressor,"{'rf__n_estimators': 10, 'gb__n_estimators': 10}",0.0388621023495786,0.1526901361531687,0.2151427995328935,0.1971347314644951,24.01044985305289
599,BA11_70:30_MinMax_window3_Isomap_90,Stacking Regressor,{'final_estimator': LinearSVR(random_state=42)},0.02483120411762342,0.1234536899166371,0.179004152584723,0.1575791995081312,19.18150851160172
600,BA11_70:30_MinMax_window3_Isomap_90,Gradient Boosting Regressor,"{'n_estimators': 10, 'min_samples_split': 10, 'min_samples_leaf': 10, 'min_impurity_decrease': 2, 'max_leaf_nodes': 10, 'max_features': 'sqrt', 'max_depth': None, 'learning_rate': 0.05}",0.03928414133125136,0.1583265539750578,0.2457944690059714,0.1982022737792162,24.28600248719698
601,BA11_70:30_MinMax_window3_Isomap_90,Random Forest Regressor,"{'n_estimators': 10, 'min_samples_split': 2, 'min_samples_leaf': 2, 'max_depth': None}",0.01797181774256249,0.1068974418329901,0.1629000397236367,0.1340590084349519,16.50861890548845
602,BA11_70:30_MinMax_window3_Isomap_90,AdaBoostRegressor,"{'n_estimators': 50, 'loss': 'exponential', 'learning_rate': 0.01}",0.02567873726338488,0.1196846439877751,0.1842233928876602,0.1602458650430172,18.57541836813839
603,BA11_70:30_MinMax_window3_Isomap_90,BaggingRegressor,"{'n_estimators': 50, 'max_samples': 0.7000000000000001, 'max_features': 0.9}",0.02005738138508543,0.1058450701312444,0.1670453528090867,0.141624084763452,16.29722489525807
604,BA11_70:30_MinMax_window3_Isomap_90,ExtraTreesRegressor,"{'n_estimators': 10, 'min_samples_split': 2, 'min_samples_leaf': 4, 'max_depth': 30}",0.01844914846737932,0.09992752221608477,0.1582004710495722,0.1358276425009995,15.60599213991205
605,BA11_70:30_MinMax_window3_Isomap_90,XGBoost Regressor,"{'subsample': 1.0, 'reg_lambda': 0, 'reg_alpha': 1.0, 'n_estimators': 700, 'min_child_weight': 1, 'max_depth': 9, 'learning_rate': 0.01, 'gamma': 0.3, 'colsample_bytree': 0.8}",0.03163049156720417,0.1351542818139645,0.2047960430386004,0.177849631900671,20.63558886246198
606,BA11_70:30_MinMax_window3_Isomap_90,Multilayer Perceptron,"{'module__num_units': 20, 'module__activation_func': Tanh(), 'lr': 0.1}",0.0331365168094635,0.1417246013879776,0.2655744552612305,0.1820343835912971,21.5695396065712
607,BA11_70:30_MinMax_window3_Isomap_90,Long Short-Term Memory Network,"{'module__num_layers': 1, 'module__hidden_size': 75, 'max_epochs': 30, 'lr': 0.1, 'batch_size': 16}",0.02352027222514153,0.1282181292772293,0.2086811512708664,0.1533632036217995,18.21656227111816
608,BA11_70:30_MinMax_window3_Isomap_90,Convolutional neural network,{},0.04175372049212456,0.1549215465784073,0.3091755509376526,0.2043372714218445,22.87609726190567
609,BA11_60:40_MinMax_window3_Isomap_90,Linear Regressor,{},2.015034735724739,1.017926757261286,2.428211520372833,1.419519191742309,114.935707975681
610,BA11_60:40_MinMax_window3_Isomap_90,Support Vector Regressor,"{'kernel': 'rbf', 'gamma': 0.001, 'C': 1}",0.01521801818927819,0.09627403218788871,0.2211199149108565,0.1233613318235426,16.76539881414885
611,BA11_60:40_MinMax_window3_Isomap_90,Decision Tree Regressor,"{'splitter': 'best', 'min_samples_split': 10, 'min_samples_leaf': 2, 'min_impurity_decrease': 0.01, 'max_leaf_nodes': 20, 'max_features': None, 'max_depth': 14, 'criterion': 'friedman_mse', 'ccp_alpha': 0.0}",0.007827605539981372,0.07292523914907147,0.1275872866751978,0.08847375622172585,12.82085504884582
612,BA11_60:40_MinMax_window3_Isomap_90,K-Neighbors Regressor,"{'weights': 'uniform', 'n_neighbors': 5}",0.00909917623322432,0.0672818484306146,0.1778937485405781,0.09538960233287651,12.9307026877975
613,BA11_60:40_MinMax_window3_Isomap_90,Stochastic Gradient Descent Regressor,"{'tol': 1e-05, 'power_t': 0.5, 'penalty': 'l2', 'max_iter': 1000, 'loss': 'squared_loss', 'learning_rate': 'constant', 'l1_ratio': 0, 'fit_intercept': True, 'eta0': 0.001, 'alpha': 0.01}",0.06287498351819724,0.201535128198317,0.3986652944442604,0.250748845497237,36.91847103390716
614,BA11_60:40_MinMax_window3_Isomap_90,Voting Regressor,"{'rf__n_estimators': 200, 'gb__n_estimators': 200}",0.2350969807814074,0.3560071661682788,0.8373239657332032,0.4848680034621871,61.06527278184863
615,BA11_60:40_MinMax_window3_Isomap_90,Stacking Regressor,{'final_estimator': LinearSVR(random_state=42)},0.04772958293475262,0.1402240735617497,0.3196834112623548,0.2184710116577314,27.19210656908103
616,BA11_60:40_MinMax_window3_Isomap_90,Gradient Boosting Regressor,"{'n_estimators': 100, 'min_samples_split': 2, 'min_samples_leaf': 2, 'min_impurity_decrease': 0, 'max_leaf_nodes': 20, 'max_features': 'sqrt', 'max_depth': 30, 'learning_rate': 0.5}",0.030506850871355,0.1346531749434235,0.2279042553792247,0.1746621048520686,21.21404617536519
617,BA11_60:40_MinMax_window3_Isomap_90,Random Forest Regressor,"{'n_estimators': 10, 'min_samples_split': 2, 'min_samples_leaf': 4, 'max_depth': 30}",0.005087259801812015,0.05891732172410231,0.103578590164175,0.07132502928013429,9.859725978171575
618,BA11_60:40_MinMax_window3_Isomap_90,AdaBoostRegressor,"{'n_estimators': 200, 'loss': 'linear', 'learning_rate': 0.1}",0.004668246515223143,0.05514714226800895,0.09388244451041744,0.06832456743531673,9.254929087927746
619,BA11_60:40_MinMax_window3_Isomap_90,BaggingRegressor,"{'n_estimators': 30, 'max_samples': 0.9, 'max_features': 0.7000000000000001}",0.006821693242027898,0.06835073174637304,0.1130816662171912,0.08259354237486062,10.78349472876502
620,BA11_60:40_MinMax_window3_Isomap_90,ExtraTreesRegressor,"{'n_estimators': 200, 'min_samples_split': 5, 'min_samples_leaf': 2, 'max_depth': None}",0.01135984262021384,0.07995675804589655,0.1870221750089677,0.1065825624584709,14.2959639610743
621,BA11_60:40_MinMax_window3_Isomap_90,XGBoost Regressor,"{'subsample': 0.9, 'reg_lambda': 1.0, 'reg_alpha': 0, 'n_estimators': 100, 'min_child_weight': 5, 'max_depth': 3, 'learning_rate': 0.1, 'gamma': 0.2, 'colsample_bytree': 1.0}",0.009298217219503645,0.07419406853995249,0.1416876704883916,0.09642726388062478,12.78602596573571
622,BA11_60:40_MinMax_window3_Isomap_90,Multilayer Perceptron,"{'module__num_units': 50, 'module__activation_func': Tanh(), 'lr': 0.1}",0.02899376302957535,0.1436971575021744,0.2835057973861694,0.1702755502988475,24.35333579778671
623,BA11_60:40_MinMax_window3_Isomap_90,Long Short-Term Memory Network,"{'module__num_layers': 1, 'module__hidden_size': 75, 'max_epochs': 30, 'lr': 0.1, 'batch_size': 16}",0.02647626586258411,0.1296242326498032,0.1953074038028717,0.1627152908075455,23.73881191015244
624,BA11_60:40_MinMax_window3_Isomap_90,Convolutional neural network,{},0.07156284898519516,0.2212869375944138,0.4314403235912323,0.2675123342674037,39.09894227981567
625,BA11_80:20_Log_window3_Isomap_90,Linear Regressor,{},0.9417912160220546,0.7595408877367388,0.2704198110401618,0.9704592809706416,25.44736189641427
626,BA11_80:20_Log_window3_Isomap_90,Support Vector Regressor,"{'kernel': 'rbf', 'gamma': 0.0001, 'C': 100}",0.04162530490345675,0.1618187529076383,0.05691093837628985,0.2040228048612624,5.838584357395471
627,BA11_80:20_Log_window3_Isomap_90,Decision Tree Regressor,"{'splitter': 'best', 'min_samples_split': 5, 'min_samples_leaf': 2, 'min_impurity_decrease': 1.0, 'max_leaf_nodes': 50, 'max_features': 'auto', 'max_depth': 32, 'criterion': 'mae', 'ccp_alpha': 1.0}",0.05505449741040632,0.1934678660365473,0.06811094267651545,0.2346369480930195,7.006314959143742
628,BA11_80:20_Log_window3_Isomap_90,K-Neighbors Regressor,"{'weights': 'uniform', 'n_neighbors': 9}",0.09988909719464238,0.2381423866851139,0.08399230039461804,0.3160523646401691,8.995089284663873
629,BA11_80:20_Log_window3_Isomap_90,Stochastic Gradient Descent Regressor,"{'tol': 0.0001, 'power_t': 0.25, 'penalty': 'elasticnet', 'max_iter': 3000, 'loss': 'squared_loss', 'learning_rate': 'optimal', 'l1_ratio': 0, 'fit_intercept': True, 'eta0': 0.001, 'alpha': 1}",0.1355113892430811,0.3104251339349532,0.107143289906581,0.3681187162357832,11.55354415371811
630,BA11_80:20_Log_window3_Isomap_90,Voting Regressor,"{'rf__n_estimators': 10, 'gb__n_estimators': 10}",0.2187280210969364,0.3945805787532696,0.140681369135949,0.4676836763207974,15.2174592603724
631,BA11_80:20_Log_window3_Isomap_90,Stacking Regressor,{'final_estimator': LinearSVR(random_state=42)},0.04646250168212166,0.1426325563168261,0.05352272748645187,0.2155516218498985,5.077290384366648
632,BA11_80:20_Log_window3_Isomap_90,Gradient Boosting Regressor,"{'n_estimators': 10, 'min_samples_split': 10, 'min_samples_leaf': 10, 'min_impurity_decrease': 2, 'max_leaf_nodes': 10, 'max_features': 'sqrt', 'max_depth': None, 'learning_rate': 0.05}",0.15206400279622,0.3273701122728627,0.113027945556421,0.3899538470078479,12.25706666684981
633,BA11_80:20_Log_window3_Isomap_90,Random Forest Regressor,"{'n_estimators': 10, 'min_samples_split': 2, 'min_samples_leaf': 4, 'max_depth': 30}",0.1485528619293491,0.316101131214064,0.1108143672655211,0.3854255595174625,12.04939816322003
634,BA11_80:20_Log_window3_Isomap_90,AdaBoostRegressor,"{'n_estimators': 100, 'loss': 'square', 'learning_rate': 0.01}",0.05754856818436247,0.1939197796139092,0.06780696619244417,0.2398928264545701,7.022893341063065
635,BA11_80:20_Log_window3_Isomap_90,BaggingRegressor,"{'n_estimators': 150, 'max_samples': 0.1, 'max_features': 1.0}",0.1934479916882351,0.4058930777713133,0.1428741189251253,0.4398272293619793,15.55756644846311
636,BA11_80:20_Log_window3_Isomap_90,ExtraTreesRegressor,"{'n_estimators': 50, 'min_samples_split': 10, 'min_samples_leaf': 1, 'max_depth': 30}",0.7127022960782238,0.6236631220560552,0.2187465688079822,0.8442169721571723,27.46647662606886
637,BA11_80:20_Log_window3_Isomap_90,XGBoost Regressor,"{'subsample': 1.0, 'reg_lambda': 0, 'reg_alpha': 1.0, 'n_estimators': 700, 'min_child_weight': 1, 'max_depth': 9, 'learning_rate': 0.01, 'gamma': 0.3, 'colsample_bytree': 0.8}",0.0724068491524595,0.1952159359134993,0.06756236235715124,0.2690852079778067,7.203087685677446
638,BA11_80:20_Log_window3_Isomap_90,Multilayer Perceptron,"{'module__num_units': 20, 'module__activation_func': ReLU(), 'lr': 0.05}",0.04653282091021538,0.17976014316082,0.06483196467161179,0.2157146747678873,6.49956688284874
639,BA11_80:20_Log_window3_Isomap_90,Long Short-Term Memory Network,"{'module__num_layers': 1, 'module__hidden_size': 25, 'max_epochs': 20, 'lr': 0.1, 'batch_size': 16}",0.03559882566332817,0.1529337614774704,0.05236731097102165,0.1886765106295115,5.3858682513237
640,BA11_80:20_Log_window3_Isomap_90,Convolutional neural network,{},0.1463151574134827,0.3196086585521698,0.1216437816619873,0.382511643500538,11.15850284695625
641,BA11_70:30_Log_window3_Isomap_90,Linear Regressor,{},4.748770044021249,1.759830368441421,0.6583525225842662,2.179167282248256,84.510125615203
642,BA11_70:30_Log_window3_Isomap_90,Support Vector Regressor,"{'kernel': 'rbf', 'gamma': 0.1, 'C': 1}",0.05576112596820978,0.1575115281142758,0.0620689009472036,0.2361379384347415,5.990050886503817
643,BA11_70:30_Log_window3_Isomap_90,Decision Tree Regressor,"{'splitter': 'best', 'min_samples_split': 5, 'min_samples_leaf': 2, 'min_impurity_decrease': 1.0, 'max_leaf_nodes': 50, 'max_features': 'auto', 'max_depth': 32, 'criterion': 'mae', 'ccp_alpha': 1.0}",0.09105884694568628,0.2365740226678129,0.09208973487925085,0.3017595846790724,8.937532340375366
644,BA11_70:30_Log_window3_Isomap_90,K-Neighbors Regressor,"{'weights': 'uniform', 'n_neighbors': 9}",0.09108110213025945,0.1987824320929205,0.07400003146559889,0.3017964581141724,7.681748857145274
645,BA11_70:30_Log_window3_Isomap_90,Stochastic Gradient Descent Regressor,"{'tol': 0.0001, 'power_t': 0.25, 'penalty': 'elasticnet', 'max_iter': 3000, 'loss': 'squared_loss', 'learning_rate': 'optimal', 'l1_ratio': 0, 'fit_intercept': True, 'eta0': 0.001, 'alpha': 1}",0.1589051373672562,0.3346033968580309,0.1212971000070311,0.3986290724059852,12.78444939360164
646,BA11_70:30_Log_window3_Isomap_90,Voting Regressor,"{'rf__n_estimators': 10, 'gb__n_estimators': 10}",1.540978086383506,0.9409476173970628,0.3472088168117737,1.241361384280784,49.56537136607139
647,BA11_70:30_Log_window3_Isomap_90,Stacking Regressor,{'final_estimator': LinearSVR(random_state=42)},0.4398958848315898,0.4677972533175891,0.1826674573006138,0.6632464736669089,15.46618955737363
648,BA11_70:30_Log_window3_Isomap_90,Gradient Boosting Regressor,"{'n_estimators': 10, 'min_samples_split': 10, 'min_samples_leaf': 10, 'min_impurity_decrease': 2, 'max_leaf_nodes': 10, 'max_features': 'sqrt', 'max_depth': None, 'learning_rate': 0.05}",0.1448935197637982,0.3181432473751586,0.1155263820443957,0.3806488142156733,12.11171506072897
649,BA11_70:30_Log_window3_Isomap_90,Random Forest Regressor,"{'n_estimators': 10, 'min_samples_split': 2, 'min_samples_leaf': 2, 'max_depth': None}",0.155591895498292,0.2901460450435892,0.1048997765340976,0.3944513854688458,11.41181921579296
650,BA11_70:30_Log_window3_Isomap_90,AdaBoostRegressor,"{'n_estimators': 400, 'loss': 'square', 'learning_rate': 1.0}",0.0584249770994457,0.2060503106966107,0.0782245224699419,0.2417125919339861,7.676266276980686
651,BA11_70:30_Log_window3_Isomap_90,BaggingRegressor,"{'n_estimators': 160, 'max_samples': 0.7000000000000001, 'max_features': 0.8}",0.2671087824402966,0.4029950769060054,0.1439571733798381,0.5168256789675767,16.31077249461895
652,BA11_70:30_Log_window3_Isomap_90,ExtraTreesRegressor,"{'n_estimators': 100, 'min_samples_split': 10, 'min_samples_leaf': 1, 'max_depth': 20}",1.158582919841049,0.8022354465055667,0.2933452108590731,1.076374897440965,40.05607294869012
653,BA11_70:30_Log_window3_Isomap_90,XGBoost Regressor,"{'subsample': 1.0, 'reg_lambda': 0, 'reg_alpha': 1.0, 'n_estimators': 700, 'min_child_weight': 1, 'max_depth': 9, 'learning_rate': 0.01, 'gamma': 0.3, 'colsample_bytree': 0.8}",0.06979989354984259,0.203107038344959,0.07525896012293186,0.2641966948124874,7.685645420712647
654,BA11_70:30_Log_window3_Isomap_90,Multilayer Perceptron,"{'module__num_units': 20, 'module__activation_func': Tanh(), 'lr': 0.1}",0.08624688535928726,0.2239243984222412,0.08965709060430527,0.2936782003473994,8.469260483980179
655,BA11_70:30_Log_window3_Isomap_90,Long Short-Term Memory Network,"{'module__num_layers': 1, 'module__hidden_size': 25, 'max_epochs': 20, 'lr': 0.1, 'batch_size': 16}",0.04479137435555458,0.1773831248283386,0.06559160351753235,0.2116397277345503,6.417226791381836
656,BA11_70:30_Log_window3_Isomap_90,Convolutional neural network,{},0.1868058741092682,0.3198093175888062,0.1332438141107559,0.4322104511800567,11.66848242282867
657,BA11_60:40_Log_window3_Isomap_90,Linear Regressor,{},1.145750813661142,0.8071426284398882,0.3005445726125018,1.070397502641492,33.14846474252343
658,BA11_60:40_Log_window3_Isomap_90,Support Vector Regressor,"{'kernel': 'rbf', 'gamma': 0.01, 'C': 10}",0.1170091063473623,0.2039766928692611,0.1038990949411737,0.3420659385957074,8.638498813892774
659,BA11_60:40_Log_window3_Isomap_90,Decision Tree Regressor,"{'splitter': 'best', 'min_samples_split': 5, 'min_samples_leaf': 2, 'min_impurity_decrease': 1.0, 'max_leaf_nodes': 50, 'max_features': 'auto', 'max_depth': 32, 'criterion': 'mae', 'ccp_alpha': 1.0}",0.1802082435197614,0.2915329542000943,0.1408903489756715,0.4245094151132121,11.84296891915625
660,BA11_60:40_Log_window3_Isomap_90,K-Neighbors Regressor,"{'weights': 'uniform', 'n_neighbors': 9}",0.1512423110283588,0.2569132402812437,0.118615632532097,0.3888988442106235,10.65510145505971
661,BA11_60:40_Log_window3_Isomap_90,Stochastic Gradient Descent Regressor,"{'tol': 0.0001, 'power_t': 0.25, 'penalty': 'elasticnet', 'max_iter': 3000, 'loss': 'squared_loss', 'learning_rate': 'optimal', 'l1_ratio': 0, 'fit_intercept': True, 'eta0': 0.001, 'alpha': 1}",0.2154030883485114,0.3706467586563784,0.1602710829538135,0.4641153825812191,14.97283057020652
662,BA11_60:40_Log_window3_Isomap_90,Voting Regressor,"{'rf__n_estimators': 10, 'gb__n_estimators': 10}",0.3134729283535259,0.4368753735399066,0.167450604464088,0.5598865316772015,17.99955044513542
663,BA11_60:40_Log_window3_Isomap_90,Stacking Regressor,{'final_estimator': LinearSVR(random_state=42)},0.1250088587423953,0.2140686780380001,0.1114080844657333,0.3535659185249552,8.998817299921246
664,BA11_60:40_Log_window3_Isomap_90,Gradient Boosting Regressor,"{'n_estimators': 10, 'min_samples_split': 2, 'min_samples_leaf': 5, 'min_impurity_decrease': 2, 'max_leaf_nodes': None, 'max_features': 'sqrt', 'max_depth': 15, 'learning_rate': 0.1}",0.3106905028158632,0.4633730418729498,0.1895592590703972,0.5573961811995695,19.08225464139818
665,BA11_60:40_Log_window3_Isomap_90,Random Forest Regressor,"{'n_estimators': 100, 'min_samples_split': 5, 'min_samples_leaf': 4, 'max_depth': 10}",0.2645921118417636,0.4380946267157765,0.1731489017143058,0.5143851784818101,18.15015398916917
666,BA11_60:40_Log_window3_Isomap_90,AdaBoostRegressor,"{'n_estimators': 400, 'loss': 'square', 'learning_rate': 1.0}",0.4453009479119158,0.4185268792826665,0.170818254175712,0.6673087350783862,18.78237611289476
667,BA11_60:40_Log_window3_Isomap_90,BaggingRegressor,"{'n_estimators': 150, 'max_samples': 0.1, 'max_features': 1.0}",0.2351822897025004,0.4016498038654596,0.1689353958045014,0.4849559667665719,16.27691055378556
668,BA11_60:40_Log_window3_Isomap_90,ExtraTreesRegressor,"{'n_estimators': 10, 'min_samples_split': 10, 'min_samples_leaf': 2, 'max_depth': 10}",0.5903907891135528,0.5963643485087564,0.2268524855386827,0.7683689147236195,25.9956490584491
669,BA11_60:40_Log_window3_Isomap_90,XGBoost Regressor,"{'subsample': 0.9, 'reg_lambda': 0, 'reg_alpha': 0.1, 'n_estimators': 400, 'min_child_weight': 5, 'max_depth': 9, 'learning_rate': 0.01, 'gamma': 0.2, 'colsample_bytree': 0.9}",0.5524755820151911,0.6264042990339881,0.2374269007411977,0.743287011870375,27.08064636628446
670,BA11_60:40_Log_window3_Isomap_90,Multilayer Perceptron,"{'module__num_units': 20, 'module__activation_func': ReLU(), 'lr': 0.1}",0.1894585192203522,0.2879976034164429,0.143230065703392,0.4352683301371146,11.68850436806679
671,BA11_60:40_Log_window3_Isomap_90,Long Short-Term Memory Network,"{'module__num_layers': 1, 'module__hidden_size': 75, 'max_epochs': 30, 'lr': 0.1, 'batch_size': 16}",0.06049205362796783,0.2090517431497574,0.07811581343412399,0.2459513236963116,7.647982239723206
672,BA11_60:40_Log_window3_Isomap_90,Convolutional neural network,{},0.4511496424674988,0.5029261708259583,0.2347873598337173,0.6716767395611514,18.29216182231903
